,Record ID,Registration Status,Subject,Course,Campus,Final Grade,Mid Term Grade,Department,Major,Academic Period,Class,Course Code,Major College,Subject College,Mid Term Grade Number,Final Grade Number,MT Intervention Needed
33,33,Registered,AED,22860,KC,B-,C-,ARCH,ID,202280,FR,AED 22860,CAED,CAED,1.7,2.7,FR/SO Intervention Needed
31,31,Std Withdrawn,AED,22860,KC,W,D,ARCH,ID,202280,SO,AED 22860,CAED,CAED,1.0,0.0,FR/SO Intervention Needed
11,11,Registered,AED,22860,KC,,C,ARCH,ID,202280,FR,AED 22860,CAED,CAED,2.0,,FR/SO Intervention Needed
78,78,Std Withdrawn,AED,22860,KC,W,F,ARCH,ID,202280,FR,AED 22860,CAED,CAED,0.0,0.0,FR/SO Intervention Needed
69,69,Registered,AED,22860,KC,B-,C,ARCH,ID,202280,FR,AED 22860,CAED,CAED,2.0,2.7,FR/SO Intervention Needed
19,19,Registered,AED,22860,KC,B-,C,ARCH,ID,202280,SO,AED 22860,CAED,CAED,2.0,2.7,FR/SO Intervention Needed
14,14,Registered,AED,22860,KC,C,D,ARCH,ID,202280,FR,AED 22860,CAED,CAED,1.0,2.0,FR/SO Intervention Needed
34751,34751,Registered,FDM,21467,KC,C,C,FDM,FD,202280,FR,FDM 21467,CotA,CotA,2.0,2.0,FR/SO Intervention Needed
34777,34777,Registered,FDM,21467,KC,F,D,FDM,FM,202280,SO,FDM 21467,CotA,CotA,1.0,0.0,FR/SO Intervention Needed
34766,34766,Registered,FDM,21467,KC,C,D,FDM,FD,202280,FR,FDM 21467,CotA,CotA,1.0,2.0,FR/SO Intervention Needed
34770,34770,Std Withdrawn,FDM,21467,KC,W,F,FDM,FD,202280,FR,FDM 21467,CotA,CotA,0.0,0.0,FR/SO Intervention Needed
34825,34825,Registered,FDM,21467,KC,F,D+,FDM,FD,202280,FR,FDM 21467,CotA,CotA,1.3,0.0,FR/SO Intervention Needed
34790,34790,Registered,FDM,21467,KC,B,C,FDM,FD,202280,FR,FDM 21467,CotA,CotA,2.0,3.0,FR/SO Intervention Needed
34788,34788,Registered,FDM,21467,KC,F,C-,FDM,FD,202280,FR,FDM 21467,CotA,CotA,1.7,0.0,FR/SO Intervention Needed
34816,34816,Registered,FDM,21467,KC,C-,C,FDM,FM,202280,FR,FDM 21467,CotA,CotA,2.0,1.7,FR/SO Intervention Needed
34815,34815,Registered,FDM,21467,KC,F,F,FDM,FD,202280,FR,FDM 21467,CotA,CotA,0.0,0.0,FR/SO Intervention Needed
34806,34806,Registered,FDM,21467,KC,B,D,FDM,FD,202280,FR,FDM 21467,CotA,CotA,1.0,3.0,FR/SO Intervention Needed
34803,34803,Registered,FDM,21467,KC,D+,C,FDM,SART,202280,FR,FDM 21467,CotA,CotA,2.0,1.3,FR/SO Intervention Needed
34822,34822,Registered,FDM,21467,KC,C+,C,FDM,FD,202280,FR,FDM 21467,CotA,CotA,2.0,2.3,FR/SO Intervention Needed
34820,34820,Registered,FDM,21467,KC,D+,C,FDM,FM,202280,FR,FDM 21467,CotA,CotA,2.0,1.3,FR/SO Intervention Needed
85262,85262,Std Withdrawn,MDJ,20288,KC,W,F,MDJ,FM,202280,JR,MDJ 20288,CotA,CCI,0.0,0.0,JR/SR Intervention Needed
85275,85275,Registered,MDJ,20288,KC,F,F,MDJ,FM,202280,SR,MDJ 20288,CotA,CCI,0.0,0.0,JR/SR Intervention Needed
34833,34833,Registered,FDM,21467,KC,C,C,FDM,FD,202280,FR,FDM 21467,CotA,CotA,2.0,2.0,FR/SO Intervention Needed
85226,85226,Registered,MDJ,20288,KC,B,F,MDJ,FM,202280,SR,MDJ 20288,CotA,CCI,0.0,3.0,JR/SR Intervention Needed
85151,85151,Stopped Attending - Failed,VCD,19343,KC,SF,SF,VCD,DMP,202280,SR,VCD 19343,CCI,CCI,0.0,0.0,JR/SR Intervention Needed
33315,33315,Registered,FDM,12670,KC,D+,D+,FDM,FD,202280,FR,FDM 12670,CotA,CotA,1.3,1.3,FR/SO Intervention Needed
85154,85154,Stopped Attending - Failed,VCD,19343,KC,SF,F,VCD,JNL,202280,JR,VCD 19343,CCI,CCI,0.0,0.0,JR/SR Intervention Needed
33295,33295,Registered,FDM,12670,KC,F,F,FDM,FM,202280,FR,FDM 12670,CotA,CotA,0.0,0.0,FR/SO Intervention Needed
33293,33293,Registered,FDM,12670,KC,D,F,FDM,THEA,202280,FR,FDM 12670,CotA,CotA,0.0,1.0,FR/SO Intervention Needed
33306,33306,Registered,FDM,12670,KC,B,C,FDM,FM,202280,FR,FDM 12670,CotA,CotA,2.0,3.0,FR/SO Intervention Needed
33273,33273,Registered,FDM,12670,KC,A,C,FDM,FM,202280,FR,FDM 12670,CotA,CotA,2.0,4.0,FR/SO Intervention Needed
33261,33261,Std Withdrawn,FDM,12670,KC,W,C-,FDM,FD,202280,FR,FDM 12670,CotA,CotA,1.7,0.0,FR/SO Intervention Needed
33290,33290,Registered,FDM,12670,KC,B-,C,FDM,FM,202280,SO,FDM 12670,CotA,CotA,2.0,2.7,FR/SO Intervention Needed
33245,33245,Std Withdrawn,FDM,12670,KC,W,F,FDM,FD,202280,FR,FDM 12670,CotA,CotA,0.0,0.0,FR/SO Intervention Needed
33243,33243,Registered,FDM,12670,KC,B+,F,FDM,FM,202280,FR,FDM 12670,CotA,CotA,0.0,3.3,FR/SO Intervention Needed
84947,84947,Registered,VCD,17656,KC,D,F,VCD,VCD,202280,SR,VCD 17656,CCI,CCI,0.0,1.0,JR/SR Intervention Needed
33255,33255,Registered,FDM,12670,KC,D,F,FDM,FD,202280,FR,FDM 12670,CotA,CotA,0.0,1.0,FR/SO Intervention Needed
441,441,Registered,ARCH,16841,KC,B-,C-,ARCH,DMP,202280,SO,ARCH 16841,CCI,CAED,1.7,2.7,FR/SO Intervention Needed
488,488,Registered,ARCH,16841,KC,B,C,ARCH,COMA,202280,FR,ARCH 16841,CAED,CAED,2.0,3.0,FR/SO Intervention Needed
595,595,Registered,ARCH,16841,KC,C-,C-,ARCH,VCD,202280,SO,ARCH 16841,CCI,CAED,1.7,1.7,FR/SO Intervention Needed
634,634,Std Withdrawn,ARCH,16841,KC,W,C-,ARCH,FM,202280,SO,ARCH 16841,CotA,CAED,1.7,0.0,FR/SO Intervention Needed
647,647,Registered,ARCH,16841,KC,B-,D,ARCH,COMA,202280,FR,ARCH 16841,CAED,CAED,1.0,2.7,FR/SO Intervention Needed
674,674,Registered,ARCH,16841,KC,C-,C,ARCH,COMA,202280,FR,ARCH 16841,CAED,CAED,2.0,1.7,FR/SO Intervention Needed
712,712,Registered,ARCH,16841,KC,A-,C,ARCH,COMA,202280,FR,ARCH 16841,CAED,CAED,2.0,3.7,FR/SO Intervention Needed
711,711,Registered,ARCH,16841,KC,C-,C-,ARCH,COMA,202280,FR,ARCH 16841,CAED,CAED,1.7,1.7,FR/SO Intervention Needed
719,719,Registered,ARCH,16841,KC,F,D,ARCH,COMA,202280,FR,ARCH 16841,CAED,CAED,1.0,0.0,FR/SO Intervention Needed
746,746,Registered,ARCH,16841,KC,C-,C-,ARCH,COMA,202280,SO,ARCH 16841,CAED,CAED,1.7,1.7,FR/SO Intervention Needed
760,760,Registered,ARCH,16841,KC,D+,C-,ARCH,COMA,202280,FR,ARCH 16841,CAED,CAED,1.7,1.3,FR/SO Intervention Needed
765,765,Registered,ARCH,16841,KC,B+,F,ARCH,COMA,202280,JR,ARCH 16841,CAED,CAED,0.0,3.3,JR/SR Intervention Needed
795,795,Registered,ARCH,16841,KC,C+,C,ARCH,COMA,202280,FR,ARCH 16841,CAED,CAED,2.0,2.3,FR/SO Intervention Needed
33216,33216,Registered,FDM,12670,KC,B-,F,FDM,FD,202280,SO,FDM 12670,CotA,CotA,0.0,2.7,FR/SO Intervention Needed
33215,33215,Registered,FDM,12670,KC,B-,C,FDM,FM,202280,SO,FDM 12670,CotA,CotA,2.0,2.7,FR/SO Intervention Needed
33221,33221,Registered,FDM,12670,KC,C+,F,FDM,FD,202280,JR,FDM 12670,CotA,CotA,0.0,2.3,JR/SR Intervention Needed
33183,33183,Registered,FDM,12670,KC,C,F,FDM,FD,202280,FR,FDM 12670,CotA,CotA,0.0,2.0,FR/SO Intervention Needed
33210,33210,Registered,FDM,12670,KC,C-,D,FDM,FD,202280,FR,FDM 12670,CotA,CotA,1.0,1.7,FR/SO Intervention Needed
33170,33170,Std Withdrawn,FDM,12670,KC,W,F,FDM,FM,202280,FR,FDM 12670,CotA,CotA,0.0,0.0,FR/SO Intervention Needed
33167,33167,Registered,FDM,12670,KC,F,F,FDM,FD,202280,FR,FDM 12670,CotA,CotA,0.0,0.0,FR/SO Intervention Needed
33166,33166,Registered,FDM,12670,KC,F,F,FDM,FM,202280,FR,FDM 12670,CotA,CotA,0.0,0.0,FR/SO Intervention Needed
33165,33165,Registered,FDM,12670,KC,C,C,FDM,FD,202280,FR,FDM 12670,CotA,CotA,2.0,2.0,FR/SO Intervention Needed
33163,33163,Registered,FDM,12670,KC,C,D,FDM,FM,202280,FR,FDM 12670,CotA,CotA,1.0,2.0,FR/SO Intervention Needed
33154,33154,Stopped Attending - Failed,FDM,12670,KC,SF,F,FDM,FM,202280,FR,FDM 12670,CotA,CotA,0.0,0.0,FR/SO Intervention Needed
33178,33178,Registered,FDM,12670,KC,F,C,FDM,FD,202280,FR,FDM 12670,CotA,CotA,2.0,0.0,FR/SO Intervention Needed
33140,33140,Registered,FDM,12670,KC,C-,D,FDM,PR,202280,SO,FDM 12670,CCI,CotA,1.0,1.7,FR/SO Intervention Needed
33118,33118,Std Withdrawn,FDM,12670,KC,W,SF,FDM,FD,202280,FR,FDM 12670,CotA,CotA,0.0,0.0,FR/SO Intervention Needed
33107,33107,Registered,FDM,12670,KC,C+,C-,FDM,FM,202280,FR,FDM 12670,CotA,CotA,1.7,2.3,FR/SO Intervention Needed
33085,33085,Std Withdrawn,FDM,12670,KC,W,F,FDM,FD,202280,FR,FDM 12670,CotA,CotA,0.0,0.0,FR/SO Intervention Needed
34856,34856,Registered,FDM,21467,KC,B+,C-,FDM,FD,202280,SO,FDM 21467,CotA,CotA,1.7,3.3,FR/SO Intervention Needed
34855,34855,Std Withdrawn,FDM,21467,KC,W,SF,FDM,FD,202280,FR,FDM 21467,CotA,CotA,0.0,0.0,FR/SO Intervention Needed
33094,33094,Registered,FDM,12670,KC,C+,C,FDM,FD,202280,FR,FDM 12670,CotA,CotA,2.0,2.3,FR/SO Intervention Needed
34873,34873,Registered,FDM,21467,KC,B,D,FDM,FD,202280,SO,FDM 21467,CotA,CotA,1.0,3.0,FR/SO Intervention Needed
34845,34845,Registered,FDM,21467,KC,F,F,FDM,FM,202280,FR,FDM 21467,CotA,CotA,0.0,0.0,FR/SO Intervention Needed
34864,34864,Std Withdrawn,FDM,21467,KC,W,D,FDM,FM,202280,FR,FDM 21467,CotA,CotA,1.0,0.0,FR/SO Intervention Needed
34922,34922,Registered,FDM,21467,KC,C,C-,FDM,FM,202280,FR,FDM 21467,CotA,CotA,1.7,2.0,FR/SO Intervention Needed
34920,34920,Registered,FDM,21467,KC,C,C,FDM,FM,202280,FR,FDM 21467,CotA,CotA,2.0,2.0,FR/SO Intervention Needed
34896,34896,Registered,FDM,21467,KC,F,F,FDM,FM,202280,FR,FDM 21467,CotA,CotA,0.0,0.0,FR/SO Intervention Needed
34893,34893,Registered,FDM,21467,KC,A,C,FDM,FD,202280,FR,FDM 21467,CotA,CotA,2.0,4.0,FR/SO Intervention Needed
34952,34952,Registered,FDM,21467,KC,D,F,FDM,FD,202280,FR,FDM 21467,CotA,CotA,0.0,1.0,FR/SO Intervention Needed
34909,34909,Registered,FDM,21467,KC,C,C-,FDM,FD,202280,FR,FDM 21467,CotA,CotA,1.7,2.0,FR/SO Intervention Needed
34940,34940,Registered,FDM,21467,KC,D+,F,FDM,FD,202280,FR,FDM 21467,CotA,CotA,0.0,1.3,FR/SO Intervention Needed
34927,34927,Registered,FDM,21467,KC,F,F,FDM,FD,202280,JR,FDM 21467,CotA,CotA,0.0,0.0,JR/SR Intervention Needed
34960,34960,Registered,FDM,21467,KC,B,C,FDM,FD,202280,FR,FDM 21467,CotA,CotA,2.0,3.0,FR/SO Intervention Needed
34957,34957,Registered,FDM,21467,KC,C+,C-,FDM,FD,202280,FR,FDM 21467,CotA,CotA,1.7,2.3,FR/SO Intervention Needed
34979,34979,Registered,FDM,21467,KC,C+,D,FDM,FD,202280,FR,FDM 21467,CotA,CotA,1.0,2.3,FR/SO Intervention Needed
34945,34945,Registered,FDM,21467,KC,C,D,FDM,FD,202280,FR,FDM 21467,CotA,CotA,1.0,2.0,FR/SO Intervention Needed
34941,34941,Registered,FDM,21467,KC,F,F,FDM,FD,202280,FR,FDM 21467,CotA,CotA,0.0,0.0,FR/SO Intervention Needed
32567,32567,Registered,EMAT,21440,KC,F,F,EMAT,EMAT,202280,FR,EMAT 21440,CCI,CCI,0.0,0.0,FR/SO Intervention Needed
32555,32555,Registered,EMAT,21440,KC,B,F,EMAT,DMP,202280,SO,EMAT 21440,CCI,CCI,0.0,3.0,FR/SO Intervention Needed
32553,32553,Registered,EMAT,21440,KC,A,F,EMAT,DMP,202280,JR,EMAT 21440,CCI,CCI,0.0,4.0,JR/SR Intervention Needed
32532,32532,Registered,EMAT,21440,KC,B-,C,EMAT,JNL,202280,FR,EMAT 21440,CCI,CCI,2.0,2.7,FR/SO Intervention Needed
36332,36332,Registered,FDM,20725,KC,B-,D,FDM,FM,202280,FR,FDM 20725,CotA,CotA,1.0,2.7,FR/SO Intervention Needed
36334,36334,Registered,FDM,20725,KC,F,D+,FDM,FD,202280,FR,FDM 20725,CotA,CotA,1.3,0.0,FR/SO Intervention Needed
36361,36361,Registered,FDM,20725,KC,D,F,FDM,FD,202280,FR,FDM 20725,CotA,CotA,0.0,1.0,FR/SO Intervention Needed
36360,36360,Registered,FDM,20725,KC,C,C-,FDM,FM,202280,FR,FDM 20725,CotA,CotA,1.7,2.0,FR/SO Intervention Needed
36327,36327,Registered,FDM,20725,KC,D,D,FDM,FM,202280,FR,FDM 20725,CotA,CotA,1.0,1.0,FR/SO Intervention Needed
36326,36326,Registered,FDM,20725,KC,B-,D+,FDM,FM,202280,SO,FDM 20725,CotA,CotA,1.3,2.7,FR/SO Intervention Needed
36323,36323,Registered,FDM,20725,KC,B-,C,FDM,FD,202280,FR,FDM 20725,CotA,CotA,2.0,2.7,FR/SO Intervention Needed
36338,36338,Registered,FDM,20725,KC,B,C,FDM,FD,202280,FR,FDM 20725,CotA,CotA,2.0,3.0,FR/SO Intervention Needed
36394,36394,Registered,FDM,20725,KC,C+,C,FDM,FD,202280,FR,FDM 20725,CotA,CotA,2.0,2.3,FR/SO Intervention Needed
36371,36371,Registered,FDM,20725,KC,A-,D+,FDM,FD,202280,FR,FDM 20725,CotA,CotA,1.3,3.7,FR/SO Intervention Needed
36426,36426,Std Withdrawn,FDM,20725,KC,W,F,FDM,FD,202280,FR,FDM 20725,CotA,CotA,0.0,0.0,FR/SO Intervention Needed
36425,36425,Registered,FDM,20725,KC,B-,D+,FDM,FD,202280,FR,FDM 20725,CotA,CotA,1.3,2.7,FR/SO Intervention Needed
36388,36388,Registered,FDM,20725,KC,B,F,FDM,FD,202280,JR,FDM 20725,CotA,CotA,0.0,3.0,JR/SR Intervention Needed
36383,36383,Registered,FDM,20725,KC,B-,D+,FDM,FD,202280,FR,FDM 20725,CotA,CotA,1.3,2.7,FR/SO Intervention Needed
36422,36422,Registered,FDM,20725,KC,F,F,FDM,FD,202280,SO,FDM 20725,CotA,CotA,0.0,0.0,FR/SO Intervention Needed
36446,36446,Registered,FDM,20725,KC,A,C-,FDM,FD,202280,FR,FDM 20725,CotA,CotA,1.7,4.0,FR/SO Intervention Needed
36475,36475,Registered,FDM,20725,KC,F,F,FDM,FD,202280,FR,FDM 20725,CotA,CotA,0.0,0.0,FR/SO Intervention Needed
36439,36439,Registered,FDM,20725,KC,F,F,FDM,FD,202280,FR,FDM 20725,CotA,CotA,0.0,0.0,FR/SO Intervention Needed
36438,36438,Registered,FDM,20725,KC,A,D,FDM,FM,202280,FR,FDM 20725,CotA,CotA,1.0,4.0,FR/SO Intervention Needed
36437,36437,Registered,FDM,20725,KC,A,C,FDM,FM,202280,FR,FDM 20725,CotA,CotA,2.0,4.0,FR/SO Intervention Needed
36452,36452,Registered,FDM,20725,KC,B-,D+,FDM,FD,202280,FR,FDM 20725,CotA,CotA,1.3,2.7,FR/SO Intervention Needed
36468,36468,Registered,FDM,20725,KC,C,C,FDM,FD,202280,FR,FDM 20725,CotA,CotA,2.0,2.0,FR/SO Intervention Needed
36520,36520,Registered,FDM,20725,KC,F,C,FDM,FD,202280,FR,FDM 20725,CotA,CotA,2.0,0.0,FR/SO Intervention Needed
36539,36539,Registered,FDM,20725,KC,C-,C,FDM,FD,202280,FR,FDM 20725,CotA,CotA,2.0,1.7,FR/SO Intervention Needed
36497,36497,Registered,FDM,20725,KC,A,C,FDM,FD,202280,FR,FDM 20725,CotA,CotA,2.0,4.0,FR/SO Intervention Needed
36496,36496,Registered,FDM,20725,KC,C+,D+,FDM,FD,202280,FR,FDM 20725,CotA,CotA,1.3,2.3,FR/SO Intervention Needed
36495,36495,Registered,FDM,20725,KC,D,D+,FDM,FM,202280,FR,FDM 20725,CotA,CotA,1.3,1.0,FR/SO Intervention Needed
36518,36518,Registered,FDM,20725,KC,C+,C,FDM,FM,202280,FR,FDM 20725,CotA,CotA,2.0,2.3,FR/SO Intervention Needed
36542,36542,Registered,FDM,20725,KC,C,F,FDM,FD,202280,FR,FDM 20725,CotA,CotA,0.0,2.0,FR/SO Intervention Needed
36541,36541,Registered,FDM,20725,KC,D,F,FDM,FD,202280,FR,FDM 20725,CotA,CotA,0.0,1.0,FR/SO Intervention Needed
36534,36534,Registered,FDM,20725,KC,B,C,FDM,FM,202280,FR,FDM 20725,CotA,CotA,2.0,3.0,FR/SO Intervention Needed
36532,36532,Stopped Attending - Failed,FDM,20725,KC,SF,D,FDM,FD,202280,FR,FDM 20725,CotA,CotA,1.0,0.0,FR/SO Intervention Needed
37899,37899,Registered,FDM,14111,KC,F,C,FDM,FM,202280,FR,FDM 14111,CotA,CotA,2.0,0.0,FR/SO Intervention Needed
36559,36559,Registered,FDM,20725,KC,C,D,FDM,FD,202280,FR,FDM 20725,CotA,CotA,1.0,2.0,FR/SO Intervention Needed
37895,37895,Registered,FDM,14111,KC,B-,C,FDM,FM,202280,SO,FDM 14111,CotA,CotA,2.0,2.7,FR/SO Intervention Needed
37890,37890,Registered,FDM,14111,KC,B,D+,FDM,FM,202280,SO,FDM 14111,CotA,CotA,1.3,3.0,FR/SO Intervention Needed
37889,37889,Registered,FDM,14111,KC,C,F,FDM,FM,202280,SO,FDM 14111,CotA,CotA,0.0,2.0,FR/SO Intervention Needed
37912,37912,Registered,FDM,14111,KC,F,F,FDM,FM,202280,FR,FDM 14111,CotA,CotA,0.0,0.0,FR/SO Intervention Needed
37903,37903,Registered,FDM,14111,KC,D+,C,FDM,FM,202280,SO,FDM 14111,CotA,CotA,2.0,1.3,FR/SO Intervention Needed
37944,37944,Registered,FDM,14111,KC,C,C-,FDM,FM,202280,SO,FDM 14111,CotA,CotA,1.7,2.0,FR/SO Intervention Needed
37938,37938,Registered,FDM,14111,KC,C,C,FDM,FD,202280,SO,FDM 14111,CotA,CotA,2.0,2.0,FR/SO Intervention Needed
37933,37933,Registered,FDM,14111,KC,C-,C-,FDM,FM,202280,SO,FDM 14111,CotA,CotA,1.7,1.7,FR/SO Intervention Needed
37964,37964,Registered,FDM,14111,KC,F,F,FDM,FM,202280,SO,FDM 14111,CotA,CotA,0.0,0.0,FR/SO Intervention Needed
37929,37929,Registered,FDM,14111,KC,B,C,FDM,FM,202280,FR,FDM 14111,CotA,CotA,2.0,3.0,FR/SO Intervention Needed
37950,37950,Registered,FDM,14111,KC,D+,F,FDM,FM,202280,SO,FDM 14111,CotA,CotA,0.0,1.3,FR/SO Intervention Needed
37949,37949,Registered,FDM,14111,KC,D+,C-,FDM,FM,202280,SO,FDM 14111,CotA,CotA,1.7,1.3,FR/SO Intervention Needed
37968,37968,Registered,FDM,14111,KC,F,F,FDM,FM,202280,SO,FDM 14111,CotA,CotA,0.0,0.0,FR/SO Intervention Needed
37993,37993,Registered,FDM,14111,KC,B-,C,FDM,FM,202280,SO,FDM 14111,CotA,CotA,2.0,2.7,FR/SO Intervention Needed
38013,38013,Registered,FDM,14111,KC,B,C,FDM,FM,202280,SO,FDM 14111,CotA,CotA,2.0,3.0,FR/SO Intervention Needed
31222,31222,Registered,EMAT,19538,KC,B,C,EMAT,FM,202280,SO,EMAT 19538,CotA,CCI,2.0,3.0,FR/SO Intervention Needed
31221,31221,Registered,EMAT,19538,KC,B,C,EMAT,JNL,202280,SO,EMAT 19538,CCI,CCI,2.0,3.0,FR/SO Intervention Needed
31210,31210,Registered,EMAT,19538,KC,C+,D,EMAT,JNL,202280,FR,EMAT 19538,CCI,CCI,1.0,2.3,FR/SO Intervention Needed
31187,31187,Stopped Attending - Failed,EMAT,19538,KC,SF,F,EMAT,FM,202280,SO,EMAT 19538,CotA,CCI,0.0,0.0,FR/SO Intervention Needed
31146,31146,Registered,EMAT,19538,KC,C+,F,EMAT,ADV,202280,JR,EMAT 19538,CCI,CCI,0.0,2.3,JR/SR Intervention Needed
31175,31175,Registered,EMAT,19538,KC,F,F,EMAT,EMAT,202280,SO,EMAT 19538,CCI,CCI,0.0,0.0,FR/SO Intervention Needed
31163,31163,Registered,EMAT,19538,KC,B,C-,EMAT,FM,202280,SO,EMAT 19538,CotA,CCI,1.7,3.0,FR/SO Intervention Needed
31136,31136,Registered,EMAT,19538,KC,B-,D,EMAT,COMM,202280,SO,EMAT 19538,CCI,CCI,1.0,2.7,FR/SO Intervention Needed
31131,31131,Registered,EMAT,19538,KC,D,F,EMAT,COMM,202280,FR,EMAT 19538,CCI,CCI,0.0,1.0,FR/SO Intervention Needed
31123,31123,Registered,EMAT,19538,KC,F,F,EMAT,COMM,202280,FR,EMAT 19538,CCI,CCI,0.0,0.0,FR/SO Intervention Needed
31117,31117,Std Withdrawn,EMAT,19538,KC,W,F,EMAT,JNL,202280,SR,EMAT 19538,CCI,CCI,0.0,0.0,JR/SR Intervention Needed
31104,31104,Registered,EMAT,19538,KC,B-,F,EMAT,FD,202280,JR,EMAT 19538,CotA,CCI,0.0,2.7,JR/SR Intervention Needed
31102,31102,Registered,EMAT,19538,KC,A,F,EMAT,COMM,202280,SO,EMAT 19538,CCI,CCI,0.0,4.0,FR/SO Intervention Needed
31099,31099,Registered,EMAT,19538,KC,A,C-,EMAT,COMM,202280,SO,EMAT 19538,CCI,CCI,1.7,4.0,FR/SO Intervention Needed
31088,31088,Registered,EMAT,19538,KC,F,F,EMAT,FM,202280,SO,EMAT 19538,CotA,CCI,0.0,0.0,FR/SO Intervention Needed
31086,31086,Registered,EMAT,19538,KC,B,F,EMAT,FM,202280,FR,EMAT 19538,CotA,CCI,0.0,3.0,FR/SO Intervention Needed
31050,31050,Registered,EMAT,19538,KC,C,C-,EMAT,VCD,202280,SO,EMAT 19538,CCI,CCI,1.7,2.0,FR/SO Intervention Needed
31032,31032,Registered,EMAT,19538,KC,C,F,EMAT,COMM,202280,SR,EMAT 19538,CCI,CCI,0.0,2.0,JR/SR Intervention Needed
31059,31059,Registered,EMAT,19538,KC,C+,C-,EMAT,FM,202280,SO,EMAT 19538,CotA,CCI,1.7,2.3,FR/SO Intervention Needed
38072,38072,Registered,FDM,14111,KC,C-,D,FDM,FM,202280,SO,FDM 14111,CotA,CotA,1.0,1.7,FR/SO Intervention Needed
31043,31043,Registered,EMAT,19538,KC,A,F,EMAT,COMM,202280,JR,EMAT 19538,CCI,CCI,0.0,4.0,JR/SR Intervention Needed
31031,31031,Registered,EMAT,19538,KC,F,F,EMAT,COMM,202280,JR,EMAT 19538,CCI,CCI,0.0,0.0,JR/SR Intervention Needed
31023,31023,Registered,EMAT,19538,KC,F,F,EMAT,FM,202280,JR,EMAT 19538,CotA,CCI,0.0,0.0,JR/SR Intervention Needed
84925,84925,Registered,VCD,17656,KC,C+,C,VCD,PHOT,202280,FR,VCD 17656,CCI,CCI,2.0,2.3,FR/SO Intervention Needed
84924,84924,Registered,VCD,17656,KC,C-,F,VCD,PHOT,202280,JR,VCD 17656,CCI,CCI,0.0,1.7,JR/SR Intervention Needed
84933,84933,Registered,VCD,17656,KC,F,F,VCD,PHOT,202280,SO,VCD 17656,CCI,CCI,0.0,0.0,FR/SO Intervention Needed
38077,38077,Registered,FDM,14111,KC,F,F,FDM,FD,202280,JR,FDM 14111,CotA,CotA,0.0,0.0,JR/SR Intervention Needed
30851,30851,Registered,EMAT,12670,KC,A,F,EMAT,EMAT,202280,SO,EMAT 12670,CCI,CCI,0.0,4.0,FR/SO Intervention Needed
30843,30843,Std Withdrawn,EMAT,12670,KC,W,SF,EMAT,EMAT,202280,FR,EMAT 12670,CCI,CCI,0.0,0.0,FR/SO Intervention Needed
30733,30733,Registered,DAN,22742,KC,D+,F,THDN,MUT,202280,SR,DAN 22742,CotA,CotA,0.0,1.3,JR/SR Intervention Needed
30738,30738,Stopped Attending - Failed,DAN,22742,KC,SF,C,THDN,COMM,202280,SO,DAN 22742,CCI,CotA,2.0,0.0,FR/SO Intervention Needed
39430,39430,Registered,FDM,24923,KC,B,D,FDM,FD,202280,SO,FDM 24923,CotA,CotA,1.0,3.0,FR/SO Intervention Needed
30115,30115,Registered,COMM,17213,KC,F,F,COMM,JNL,202280,FR,COMM 17213,CCI,CCI,0.0,0.0,FR/SO Intervention Needed
30236,30236,Registered,COMM,21241,KC,C,C,COMM,COMM,202280,FR,COMM 21241,CCI,CCI,2.0,2.0,FR/SO Intervention Needed
30108,30108,Registered,COMM,17213,KC,D,F,COMM,COMM,202280,JR,COMM 17213,CCI,CCI,0.0,1.0,JR/SR Intervention Needed
30104,30104,Registered,COMM,17213,KC,B-,D,COMM,ARCH,202280,FR,COMM 17213,CAED,CCI,1.0,2.7,FR/SO Intervention Needed
30088,30088,Registered,COMM,17213,KC,C-,C-,COMM,PR,202280,FR,COMM 17213,CCI,CCI,1.7,1.7,FR/SO Intervention Needed
30076,30076,Registered,COMM,17213,KC,D,C,COMM,JNL,202280,FR,COMM 17213,CCI,CCI,2.0,1.0,FR/SO Intervention Needed
30071,30071,Registered,COMM,17213,KC,F,F,COMM,COMM,202280,SO,COMM 17213,CCI,CCI,0.0,0.0,FR/SO Intervention Needed
30069,30069,Registered,COMM,17213,KC,F,D+,COMM,COMM,202280,FR,COMM 17213,CCI,CCI,1.3,0.0,FR/SO Intervention Needed
30041,30041,Std Withdrawn,COMM,17213,KC,W,F,COMM,COMM,202280,SR,COMM 17213,CCI,CCI,0.0,0.0,JR/SR Intervention Needed
30050,30050,Registered,COMM,17213,KC,B-,C-,COMM,PR,202280,SO,COMM 17213,CCI,CCI,1.7,2.7,FR/SO Intervention Needed
30012,30012,Registered,COMM,17213,KC,F,F,COMM,JNL,202280,FR,COMM 17213,CCI,CCI,0.0,0.0,FR/SO Intervention Needed
29987,29987,Registered,COMM,17213,KC,B-,C,COMM,PR,202280,SO,COMM 17213,CCI,CCI,2.0,2.7,FR/SO Intervention Needed
30017,30017,Registered,COMM,17213,KC,F,F,COMM,COMM,202280,SO,COMM 17213,CCI,CCI,0.0,0.0,FR/SO Intervention Needed
30000,30000,Registered,COMM,17213,KC,B-,F,COMM,PR,202280,SO,COMM 17213,CCI,CCI,0.0,2.7,FR/SO Intervention Needed
29992,29992,Registered,COMM,17213,KC,F,F,COMM,ADV,202280,SO,COMM 17213,CCI,CCI,0.0,0.0,FR/SO Intervention Needed
83875,83875,Registered,VCD,18839,KC,D+,C,VCD,VCD,202280,SO,VCD 18839,CCI,CCI,2.0,1.3,FR/SO Intervention Needed
39464,39464,Registered,FDM,24923,KC,A-,C,FDM,FM,202280,SO,FDM 24923,CotA,CotA,2.0,3.7,FR/SO Intervention Needed
39480,39480,Registered,FDM,24923,KC,C,C,FDM,FM,202280,SO,FDM 24923,CotA,CotA,2.0,2.0,FR/SO Intervention Needed
39441,39441,Registered,FDM,24923,KC,D,F,FDM,FD,202280,JR,FDM 24923,CotA,CotA,0.0,1.0,JR/SR Intervention Needed
29980,29980,Registered,COMM,17213,KC,C+,C-,COMM,JNL,202280,SO,COMM 17213,CCI,CCI,1.7,2.3,FR/SO Intervention Needed
39469,39469,Registered,FDM,24923,KC,F,F,FDM,PR,202280,SO,FDM 24923,CCI,CotA,0.0,0.0,FR/SO Intervention Needed
39499,39499,Registered,FDM,24923,KC,B+,C-,FDM,FM,202280,SO,FDM 24923,CotA,CotA,1.7,3.3,FR/SO Intervention Needed
39497,39497,Registered,FDM,24923,KC,B+,C-,FDM,FM,202280,SO,FDM 24923,CotA,CotA,1.7,3.3,FR/SO Intervention Needed
39487,39487,Registered,FDM,24923,KC,B,C,FDM,FM,202280,FR,FDM 24923,CotA,CotA,2.0,3.0,FR/SO Intervention Needed
39511,39511,Std Withdrawn,FDM,24923,KC,W,F,FDM,FM,202280,SO,FDM 24923,CotA,CotA,0.0,0.0,FR/SO Intervention Needed
39504,39504,Registered,FDM,24923,KC,C,C,FDM,FM,202280,SO,FDM 24923,CotA,CotA,2.0,2.0,FR/SO Intervention Needed
83579,83579,Registered,VCD,20802,KC,F,F,VCD,VCD,202280,SO,VCD 20802,CCI,CCI,0.0,0.0,FR/SO Intervention Needed
83573,83573,Std Withdrawn,VCD,20802,KC,W,F,VCD,VCD,202280,SO,VCD 20802,CCI,CCI,0.0,0.0,FR/SO Intervention Needed
83564,83564,Std Withdrawn,VCD,20802,KC,W,F,VCD,VCD,202280,SO,VCD 20802,CCI,CCI,0.0,0.0,FR/SO Intervention Needed
83560,83560,Registered,VCD,20802,KC,C,F,VCD,VCD,202280,SR,VCD 20802,CCI,CCI,0.0,2.0,JR/SR Intervention Needed
83521,83521,Registered,VCD,20802,KC,D,C,VCD,VCD,202280,SO,VCD 20802,CCI,CCI,2.0,1.0,FR/SO Intervention Needed
83548,83548,Registered,VCD,20802,KC,F,F,VCD,VCD,202280,SO,VCD 20802,CCI,CCI,0.0,0.0,FR/SO Intervention Needed
83547,83547,Registered,VCD,20802,KC,B,C-,VCD,VCD,202280,SO,VCD 20802,CCI,CCI,1.7,3.0,FR/SO Intervention Needed
39523,39523,Registered,FDM,24923,KC,D,F,FDM,FM,202280,SO,FDM 24923,CotA,CotA,0.0,1.0,FR/SO Intervention Needed
39545,39545,Registered,FDM,24923,KC,B,C-,FDM,FM,202280,SO,FDM 24923,CotA,CotA,1.7,3.0,FR/SO Intervention Needed
39564,39564,Std Withdrawn,FDM,24923,KC,W,D,FDM,FM,202280,SO,FDM 24923,CotA,CotA,1.0,0.0,FR/SO Intervention Needed
39549,39549,Registered,FDM,24923,KC,D,F,FDM,FM,202280,FR,FDM 24923,CotA,CotA,0.0,1.0,FR/SO Intervention Needed
39541,39541,Registered,FDM,24923,KC,C,D,FDM,FM,202280,SO,FDM 24923,CotA,CotA,1.0,2.0,FR/SO Intervention Needed
39571,39571,Registered,FDM,24923,KC,F,F,FDM,FD,202280,JR,FDM 24923,CotA,CotA,0.0,0.0,JR/SR Intervention Needed
39584,39584,Registered,FDM,24923,KC,F,F,FDM,FM,202280,SO,FDM 24923,CotA,CotA,0.0,0.0,FR/SO Intervention Needed
39611,39611,Registered,FDM,24923,KC,D,F,FDM,FM,202280,FR,FDM 24923,CotA,CotA,0.0,1.0,FR/SO Intervention Needed
39575,39575,Registered,FDM,24923,KC,B,C,FDM,FM,202280,FR,FDM 24923,CotA,CotA,2.0,3.0,FR/SO Intervention Needed
39628,39628,Registered,FDM,24923,KC,B-,D+,FDM,FD,202280,SO,FDM 24923,CotA,CotA,1.3,2.7,FR/SO Intervention Needed
39591,39591,Registered,FDM,24923,KC,B+,C,FDM,FM,202280,SO,FDM 24923,CotA,CotA,2.0,3.3,FR/SO Intervention Needed
39616,39616,Registered,FDM,24923,KC,C,C,FDM,FM,202280,SO,FDM 24923,CotA,CotA,2.0,2.0,FR/SO Intervention Needed
40976,40976,Registered,FDM,29298,KC,C+,C-,FDM,FM,202280,FR,FDM 29298,CotA,CotA,1.7,2.3,FR/SO Intervention Needed
40971,40971,Registered,FDM,29298,KC,D,D,FDM,FD,202280,FR,FDM 29298,CotA,CotA,1.0,1.0,FR/SO Intervention Needed
40995,40995,Registered,FDM,29298,KC,C,D+,FDM,FD,202280,FR,FDM 29298,CotA,CotA,1.3,2.0,FR/SO Intervention Needed
41012,41012,Registered,FDM,29298,KC,D,F,FDM,FM,202280,FR,FDM 29298,CotA,CotA,0.0,1.0,FR/SO Intervention Needed
41011,41011,Stopped Attending - Failed,FDM,29298,KC,SF,F,FDM,FM,202280,FR,FDM 29298,CotA,CotA,0.0,0.0,FR/SO Intervention Needed
41019,41019,Registered,FDM,29298,KC,C+,C-,FDM,FD,202280,FR,FDM 29298,CotA,CotA,1.7,2.3,FR/SO Intervention Needed
41016,41016,Registered,FDM,29298,KC,B,D,FDM,FD,202280,FR,FDM 29298,CotA,CotA,1.0,3.0,FR/SO Intervention Needed
82976,82976,Registered,VCD,24327,KC,B,C,VCD,VCD,202280,SO,VCD 24327,CCI,CCI,2.0,3.0,FR/SO Intervention Needed
41033,41033,Registered,FDM,29298,KC,C-,C,FDM,FD,202280,FR,FDM 29298,CotA,CotA,2.0,1.7,FR/SO Intervention Needed
41026,41026,Registered,FDM,29298,KC,F,F,FDM,FD,202280,SO,FDM 29298,CotA,CotA,0.0,0.0,FR/SO Intervention Needed
41022,41022,Registered,FDM,29298,KC,D,D,FDM,FD,202280,FR,FDM 29298,CotA,CotA,1.0,1.0,FR/SO Intervention Needed
82970,82970,Registered,VCD,24327,KC,B-,C-,VCD,VCD,202280,FR,VCD 24327,CCI,CCI,1.7,2.7,FR/SO Intervention Needed
41049,41049,Registered,FDM,29298,KC,C-,F,FDM,FD,202280,FR,FDM 29298,CotA,CotA,0.0,1.7,FR/SO Intervention Needed
41043,41043,Registered,FDM,29298,KC,B-,C-,FDM,FD,202280,FR,FDM 29298,CotA,CotA,1.7,2.7,FR/SO Intervention Needed
41038,41038,Registered,FDM,29298,KC,B,C,FDM,FM,202280,FR,FDM 29298,CotA,CotA,2.0,3.0,FR/SO Intervention Needed
41054,41054,Registered,FDM,29298,KC,F,C,FDM,FD,202280,FR,FDM 29298,CotA,CotA,2.0,0.0,FR/SO Intervention Needed
41021,41021,Registered,FDM,29298,KC,F,C-,FDM,FD,202280,FR,FDM 29298,CotA,CotA,1.7,0.0,FR/SO Intervention Needed
41074,41074,Registered,FDM,29298,KC,C+,C,FDM,FM,202280,FR,FDM 29298,CotA,CotA,2.0,2.3,FR/SO Intervention Needed
41067,41067,Std Withdrawn,FDM,29298,KC,W,D+,FDM,FD,202280,FR,FDM 29298,CotA,CotA,1.3,0.0,FR/SO Intervention Needed
41087,41087,Registered,FDM,29298,KC,A,C,FDM,FD,202280,FR,FDM 29298,CotA,CotA,2.0,4.0,FR/SO Intervention Needed
41069,41069,Registered,FDM,29298,KC,F,F,FDM,FD,202280,FR,FDM 29298,CotA,CotA,0.0,0.0,FR/SO Intervention Needed
41098,41098,Registered,FDM,29298,KC,D,C,FDM,FD,202280,FR,FDM 29298,CotA,CotA,2.0,1.0,FR/SO Intervention Needed
82734,82734,Registered,VCD,17213,KC,C,F,VCD,VCD,202280,JR,VCD 17213,CCI,CCI,0.0,2.0,JR/SR Intervention Needed
82742,82742,Std Withdrawn,VCD,17213,KC,W,F,VCD,VCD,202280,JR,VCD 17213,CCI,CCI,0.0,0.0,JR/SR Intervention Needed
41111,41111,Registered,FDM,29298,KC,A,F,FDM,FD,202280,FR,FDM 29298,CotA,CotA,0.0,4.0,FR/SO Intervention Needed
41140,41140,Stopped Attending - Failed,FDM,29298,KC,SF,F,FDM,FD,202280,FR,FDM 29298,CotA,CotA,0.0,0.0,FR/SO Intervention Needed
41159,41159,Stopped Attending - Failed,FDM,29298,KC,SF,SF,FDM,FD,202280,FR,FDM 29298,CotA,CotA,0.0,0.0,FR/SO Intervention Needed
41165,41165,Registered,FDM,29298,KC,B,C-,FDM,FD,202280,FR,FDM 29298,CotA,CotA,1.7,3.0,FR/SO Intervention Needed
41192,41192,Registered,FDM,29298,KC,D+,F,FDM,FD,202280,FR,FDM 29298,CotA,CotA,0.0,1.3,FR/SO Intervention Needed
41191,41191,Registered,FDM,29298,KC,C+,F,FDM,FD,202280,JR,FDM 29298,CotA,CotA,0.0,2.3,JR/SR Intervention Needed
41187,41187,Registered,FDM,29298,KC,D+,D,FDM,FD,202280,FR,FDM 29298,CotA,CotA,1.0,1.3,FR/SO Intervention Needed
41208,41208,Registered,FDM,29298,KC,A,F,FDM,FM,202280,FR,FDM 29298,CotA,CotA,0.0,4.0,FR/SO Intervention Needed
41207,41207,Registered,FDM,29298,KC,C-,C,FDM,FM,202280,SO,FDM 29298,CotA,CotA,2.0,1.7,FR/SO Intervention Needed
42538,42538,Std Withdrawn,FDM,25884,KC,W,F,FDM,FD,202280,SR,FDM 25884,CotA,CotA,0.0,0.0,JR/SR Intervention Needed
82273,82273,Registered,VCD,25988,KC,B,F,VCD,VCD,202280,FR,VCD 25988,CCI,CCI,0.0,3.0,FR/SO Intervention Needed
42520,42520,Registered,FDM,25884,KC,D,C-,FDM,FM,202280,FR,FDM 25884,CotA,CotA,1.7,1.0,FR/SO Intervention Needed
82254,82254,Registered,VCD,25988,KC,F,F,VCD,VCD,202280,JR,VCD 25988,CCI,CCI,0.0,0.0,JR/SR Intervention Needed
82253,82253,Registered,VCD,25988,KC,B,C-,VCD,VCD,202280,SO,VCD 25988,CCI,CCI,1.7,3.0,FR/SO Intervention Needed
82243,82243,Registered,VCD,25988,KC,B,C,VCD,VCD,202280,SO,VCD 25988,CCI,CCI,2.0,3.0,FR/SO Intervention Needed
82266,82266,Registered,VCD,25988,KC,C+,D+,VCD,VCD,202280,FR,VCD 25988,CCI,CCI,1.3,2.3,FR/SO Intervention Needed
82210,82210,Registered,VCD,25988,KC,C,D,VCD,VCD,202280,SO,VCD 25988,CCI,CCI,1.0,2.0,FR/SO Intervention Needed
82206,82206,Registered,VCD,25988,KC,C,D+,VCD,VCD,202280,SO,VCD 25988,CCI,CCI,1.3,2.0,FR/SO Intervention Needed
82236,82236,Registered,VCD,25988,KC,F,F,VCD,VCD,202280,SO,VCD 25988,CCI,CCI,0.0,0.0,FR/SO Intervention Needed
82233,82233,Registered,VCD,25988,KC,C+,F,VCD,VCD,202280,SO,VCD 25988,CCI,CCI,0.0,2.3,FR/SO Intervention Needed
42555,42555,Registered,FDM,25884,KC,C+,F,FDM,FD,202280,FR,FDM 25884,CotA,CotA,0.0,2.3,FR/SO Intervention Needed
82202,82202,Registered,VCD,25988,KC,F,F,VCD,VCD,202280,SR,VCD 25988,CCI,CCI,0.0,0.0,JR/SR Intervention Needed
82200,82200,Std Withdrawn,VCD,25988,KC,W,F,VCD,VCD,202280,JR,VCD 25988,CCI,CCI,0.0,0.0,JR/SR Intervention Needed
82220,82220,Registered,VCD,25988,KC,D,C-,VCD,VCD,202280,SO,VCD 25988,CCI,CCI,1.7,1.0,FR/SO Intervention Needed
42571,42571,Registered,FDM,25884,KC,F,C-,FDM,FD,202280,FR,FDM 25884,CotA,CotA,1.7,0.0,FR/SO Intervention Needed
42587,42587,Registered,FDM,25884,KC,B-,C,FDM,FD,202280,SO,FDM 25884,CotA,CotA,2.0,2.7,FR/SO Intervention Needed
42584,42584,Registered,FDM,25884,KC,F,D+,FDM,FD,202280,SO,FDM 25884,CotA,CotA,1.3,0.0,FR/SO Intervention Needed
42577,42577,Registered,FDM,25884,KC,C,C,FDM,FD,202280,FR,FDM 25884,CotA,CotA,2.0,2.0,FR/SO Intervention Needed
42604,42604,Registered,FDM,25884,KC,B,D,FDM,FD,202280,FR,FDM 25884,CotA,CotA,1.0,3.0,FR/SO Intervention Needed
81966,81966,Registered,VCD,18414,KC,A,F,VCD,FM,202280,SO,VCD 18414,CotA,CCI,0.0,4.0,FR/SO Intervention Needed
81951,81951,Registered,VCD,18414,KC,B+,F,VCD,VCD,202280,JR,VCD 18414,CCI,CCI,0.0,3.3,JR/SR Intervention Needed
81950,81950,Registered,VCD,18414,KC,D+,D+,VCD,PHOT,202280,SO,VCD 18414,CCI,CCI,1.3,1.3,FR/SO Intervention Needed
81971,81971,Std Withdrawn,VCD,18414,KC,W,F,VCD,DMP,202280,SR,VCD 18414,CCI,CCI,0.0,0.0,JR/SR Intervention Needed
42632,42632,Registered,FDM,25884,KC,B-,C,FDM,FD,202280,SO,FDM 25884,CotA,CotA,2.0,2.7,FR/SO Intervention Needed
42636,42636,Registered,FDM,25884,KC,B-,D,FDM,FD,202280,FR,FDM 25884,CotA,CotA,1.0,2.7,FR/SO Intervention Needed
42635,42635,Registered,FDM,25884,KC,D,D,FDM,FM,202280,FR,FDM 25884,CotA,CotA,1.0,1.0,FR/SO Intervention Needed
42625,42625,Registered,FDM,25884,KC,B-,F,FDM,FD,202280,FR,FDM 25884,CotA,CotA,0.0,2.7,FR/SO Intervention Needed
42639,42639,Registered,FDM,25884,KC,B-,D,FDM,FM,202280,FR,FDM 25884,CotA,CotA,1.0,2.7,FR/SO Intervention Needed
42659,42659,Registered,FDM,25884,KC,C,D,FDM,FM,202280,FR,FDM 25884,CotA,CotA,1.0,2.0,FR/SO Intervention Needed
42656,42656,Registered,FDM,25884,KC,F,C,FDM,FD,202280,SO,FDM 25884,CotA,CotA,2.0,0.0,FR/SO Intervention Needed
42672,42672,Registered,FDM,25884,KC,A-,D+,FDM,FD,202280,FR,FDM 25884,CotA,CotA,1.3,3.7,FR/SO Intervention Needed
42695,42695,Registered,FDM,25884,KC,F,F,FDM,FM,202280,FR,FDM 25884,CotA,CotA,0.0,0.0,FR/SO Intervention Needed
42693,42693,Registered,FDM,25884,KC,F,F,FDM,FD,202280,FR,FDM 25884,CotA,CotA,0.0,0.0,FR/SO Intervention Needed
42692,42692,Registered,FDM,25884,KC,B-,C,FDM,FD,202280,FR,FDM 25884,CotA,CotA,2.0,2.7,FR/SO Intervention Needed
42688,42688,Stopped Attending - Failed,FDM,25884,KC,SF,F,FDM,FD,202280,FR,FDM 25884,CotA,CotA,0.0,0.0,FR/SO Intervention Needed
42711,42711,Registered,FDM,25884,KC,D+,C-,FDM,FM,202280,FR,FDM 25884,CotA,CotA,1.7,1.3,FR/SO Intervention Needed
42707,42707,Registered,FDM,25884,KC,F,F,FDM,FD,202280,FR,FDM 25884,CotA,CotA,0.0,0.0,FR/SO Intervention Needed
42725,42725,Registered,FDM,25884,KC,B-,C-,FDM,FD,202280,FR,FDM 25884,CotA,CotA,1.7,2.7,FR/SO Intervention Needed
42752,42752,Registered,FDM,25884,KC,D+,C,FDM,FM,202280,FR,FDM 25884,CotA,CotA,2.0,1.3,FR/SO Intervention Needed
42749,42749,Registered,FDM,25884,KC,B-,C,FDM,FD,202280,FR,FDM 25884,CotA,CotA,2.0,2.7,FR/SO Intervention Needed
44075,44075,Stopped Attending - Failed,FDM,13023,KC,SF,F,FDM,FD,202280,FR,FDM 13023,CotA,CotA,0.0,0.0,FR/SO Intervention Needed
44071,44071,Registered,FDM,13023,KC,C+,F,FDM,FM,202280,FR,FDM 13023,CotA,CotA,0.0,2.3,FR/SO Intervention Needed
44090,44090,Registered,FDM,13023,KC,B,C,FDM,FM,202280,FR,FDM 13023,CotA,CotA,2.0,3.0,FR/SO Intervention Needed
44087,44087,Registered,FDM,13023,KC,B-,C-,FDM,FD,202280,FR,FDM 13023,CotA,CotA,1.7,2.7,FR/SO Intervention Needed
44084,44084,Registered,FDM,13023,KC,F,D,FDM,FM,202280,FR,FDM 13023,CotA,CotA,1.0,0.0,FR/SO Intervention Needed
44107,44107,Registered,FDM,13023,KC,C+,C,FDM,FD,202280,FR,FDM 13023,CotA,CotA,2.0,2.3,FR/SO Intervention Needed
44149,44149,Registered,FDM,13023,KC,B,F,FDM,FM,202280,FR,FDM 13023,CotA,CotA,0.0,3.0,FR/SO Intervention Needed
44168,44168,Stopped Attending - Failed,FDM,13023,KC,SF,F,FDM,FM,202280,FR,FDM 13023,CotA,CotA,0.0,0.0,FR/SO Intervention Needed
44167,44167,Registered,FDM,13023,KC,D,F,FDM,FM,202280,FR,FDM 13023,CotA,CotA,0.0,1.0,FR/SO Intervention Needed
81280,81280,Registered,VCD,28950,KC,B-,F,VCD,VCD,202280,FR,VCD 28950,CCI,CCI,0.0,2.7,FR/SO Intervention Needed
81251,81251,Registered,VCD,28950,KC,D,C,VCD,PHOT,202280,FR,VCD 28950,CCI,CCI,2.0,1.0,FR/SO Intervention Needed
81250,81250,Registered,VCD,28950,KC,D,F,VCD,PHOT,202280,FR,VCD 28950,CCI,CCI,0.0,1.0,FR/SO Intervention Needed
81271,81271,Registered,VCD,28950,KC,B-,C,VCD,VCD,202280,SO,VCD 28950,CCI,CCI,2.0,2.7,FR/SO Intervention Needed
81234,81234,Registered,VCD,28950,KC,F,F,VCD,VCD,202280,SO,VCD 28950,CCI,CCI,0.0,0.0,FR/SO Intervention Needed
81233,81233,Registered,VCD,28950,KC,F,F,VCD,VCD,202280,FR,VCD 28950,CCI,CCI,0.0,0.0,FR/SO Intervention Needed
81260,81260,Stopped Attending - Failed,VCD,28950,KC,SF,C-,VCD,VCD,202280,FR,VCD 28950,CCI,CCI,1.7,0.0,FR/SO Intervention Needed
81253,81253,Registered,VCD,28950,KC,C,D,VCD,PHOT,202280,FR,VCD 28950,CCI,CCI,1.0,2.0,FR/SO Intervention Needed
81198,81198,Std Withdrawn,VCD,28950,KC,W,F,VCD,PHOT,202280,FR,VCD 28950,CCI,CCI,0.0,0.0,FR/SO Intervention Needed
81222,81222,Registered,VCD,28950,KC,C-,C-,VCD,VCD,202280,FR,VCD 28950,CCI,CCI,1.7,1.7,FR/SO Intervention Needed
81188,81188,Registered,VCD,28950,KC,C-,D,VCD,PHOT,202280,FR,VCD 28950,CCI,CCI,1.0,1.7,FR/SO Intervention Needed
81187,81187,Registered,VCD,28950,KC,F,D,VCD,VCD,202280,FR,VCD 28950,CCI,CCI,1.0,0.0,FR/SO Intervention Needed
81186,81186,Registered,VCD,28950,KC,C-,F,VCD,VCD,202280,FR,VCD 28950,CCI,CCI,0.0,1.7,FR/SO Intervention Needed
81206,81206,Registered,VCD,28950,KC,B-,C-,VCD,PHOT,202280,FR,VCD 28950,CCI,CCI,1.7,2.7,FR/SO Intervention Needed
81168,81168,Registered,VCD,28950,KC,C-,D+,VCD,VCD,202280,FR,VCD 28950,CCI,CCI,1.3,1.7,FR/SO Intervention Needed
81189,81189,Registered,VCD,28950,KC,C,C,VCD,PHOT,202280,FR,VCD 28950,CCI,CCI,2.0,2.0,FR/SO Intervention Needed
81155,81155,Std Withdrawn,VCD,28950,KC,W,F,VCD,VCD,202280,SO,VCD 28950,CCI,CCI,0.0,0.0,FR/SO Intervention Needed
81133,81133,Registered,VCD,28950,KC,C+,D+,VCD,VCD,202280,SO,VCD 28950,CCI,CCI,1.3,2.3,FR/SO Intervention Needed
81157,81157,Std Withdrawn,VCD,28950,KC,W,D,VCD,VCD,202280,SO,VCD 28950,CCI,CCI,1.0,0.0,FR/SO Intervention Needed
81124,81124,Registered,VCD,28950,KC,B,D,VCD,VCD,202280,SO,VCD 28950,CCI,CCI,1.0,3.0,FR/SO Intervention Needed
44175,44175,Registered,FDM,13023,KC,B+,C-,FDM,FM,202280,SO,FDM 13023,CotA,CotA,1.7,3.3,FR/SO Intervention Needed
44207,44207,Registered,FDM,13023,KC,C+,C,FDM,FM,202280,FR,FDM 13023,CotA,CotA,2.0,2.3,FR/SO Intervention Needed
44205,44205,Registered,FDM,13023,KC,B-,F,FDM,FM,202280,SO,FDM 13023,CotA,CotA,0.0,2.7,FR/SO Intervention Needed
44235,44235,Registered,FDM,13023,KC,B-,C,FDM,FD,202280,FR,FDM 13023,CotA,CotA,2.0,2.7,FR/SO Intervention Needed
44234,44234,Registered,FDM,13023,KC,C,C-,FDM,FD,202280,FR,FDM 13023,CotA,CotA,1.7,2.0,FR/SO Intervention Needed
44228,44228,Registered,FDM,13023,KC,C,C-,FDM,FD,202280,SO,FDM 13023,CotA,CotA,1.7,2.0,FR/SO Intervention Needed
44256,44256,Registered,FDM,13023,KC,C,C,FDM,FM,202280,FR,FDM 13023,CotA,CotA,2.0,2.0,FR/SO Intervention Needed
44267,44267,Registered,FDM,13023,KC,D+,F,FDM,FD,202280,FR,FDM 13023,CotA,CotA,0.0,1.3,FR/SO Intervention Needed
44305,44305,Registered,FDM,13023,KC,A,F,FDM,FM,202280,FR,FDM 13023,CotA,CotA,0.0,4.0,FR/SO Intervention Needed
44300,44300,Registered,FDM,13023,KC,B-,F,FDM,FM,202280,FR,FDM 13023,CotA,CotA,0.0,2.7,FR/SO Intervention Needed
44313,44313,Registered,FDM,13023,KC,B-,C-,FDM,FD,202280,FR,FDM 13023,CotA,CotA,1.7,2.7,FR/SO Intervention Needed
45690,45690,Registered,FDM,11617,KC,B,C,FDM,FD,202280,FR,FDM 11617,CotA,CotA,2.0,3.0,FR/SO Intervention Needed
45689,45689,Registered,FDM,11617,KC,D,C,FDM,FM,202280,FR,FDM 11617,CotA,CotA,2.0,1.0,FR/SO Intervention Needed
45685,45685,Registered,FDM,11617,KC,C,C,FDM,FD,202280,FR,FDM 11617,CotA,CotA,2.0,2.0,FR/SO Intervention Needed
45704,45704,Registered,FDM,11617,KC,B-,D,FDM,FM,202280,FR,FDM 11617,CotA,CotA,1.0,2.7,FR/SO Intervention Needed
45715,45715,Registered,FDM,11617,KC,C,C,FDM,FD,202280,FR,FDM 11617,CotA,CotA,2.0,2.0,FR/SO Intervention Needed
45737,45737,Registered,FDM,11617,KC,F,F,FDM,FD,202280,FR,FDM 11617,CotA,CotA,0.0,0.0,FR/SO Intervention Needed
45728,45728,Registered,FDM,11617,KC,A-,F,FDM,FD,202280,FR,FDM 11617,CotA,CotA,0.0,3.7,FR/SO Intervention Needed
45756,45756,Registered,FDM,11617,KC,C,C,FDM,FD,202280,SO,FDM 11617,CotA,CotA,2.0,2.0,FR/SO Intervention Needed
45769,45769,Registered,FDM,11617,KC,C,C,FDM,FD,202280,FR,FDM 11617,CotA,CotA,2.0,2.0,FR/SO Intervention Needed
45767,45767,Registered,FDM,11617,KC,D,D,FDM,FD,202280,FR,FDM 11617,CotA,CotA,1.0,1.0,FR/SO Intervention Needed
45764,45764,Registered,FDM,11617,KC,C,C,FDM,FM,202280,FR,FDM 11617,CotA,CotA,2.0,2.0,FR/SO Intervention Needed
45760,45760,Registered,FDM,11617,KC,C-,C,FDM,FD,202280,FR,FDM 11617,CotA,CotA,2.0,1.7,FR/SO Intervention Needed
45786,45786,Registered,FDM,11617,KC,D,C,FDM,FM,202280,SO,FDM 11617,CotA,CotA,2.0,1.0,FR/SO Intervention Needed
45782,45782,Std Withdrawn,FDM,11617,KC,W,C-,FDM,FD,202280,FR,FDM 11617,CotA,CotA,1.7,0.0,FR/SO Intervention Needed
45800,45800,Registered,FDM,11617,KC,B-,D+,FDM,FD,202280,FR,FDM 11617,CotA,CotA,1.3,2.7,FR/SO Intervention Needed
45791,45791,Registered,FDM,11617,KC,C,C-,FDM,FM,202280,FR,FDM 11617,CotA,CotA,1.7,2.0,FR/SO Intervention Needed
45818,45818,Registered,FDM,11617,KC,C-,F,FDM,FD,202280,SO,FDM 11617,CotA,CotA,0.0,1.7,FR/SO Intervention Needed
45817,45817,Registered,FDM,11617,KC,B-,D+,FDM,FM,202280,FR,FDM 11617,CotA,CotA,1.3,2.7,FR/SO Intervention Needed
45805,45805,Registered,FDM,11617,KC,C,C,FDM,FD,202280,FR,FDM 11617,CotA,CotA,2.0,2.0,FR/SO Intervention Needed
45832,45832,Registered,FDM,11617,KC,A-,C,FDM,FM,202280,FR,FDM 11617,CotA,CotA,2.0,3.7,FR/SO Intervention Needed
45860,45860,Registered,FDM,11617,KC,F,F,FDM,FD,202280,FR,FDM 11617,CotA,CotA,0.0,0.0,FR/SO Intervention Needed
45856,45856,Registered,FDM,11617,KC,B-,F,FDM,FD,202280,FR,FDM 11617,CotA,CotA,0.0,2.7,FR/SO Intervention Needed
45880,45880,Registered,FDM,11617,KC,F,C-,FDM,FD,202280,FR,FDM 11617,CotA,CotA,1.7,0.0,FR/SO Intervention Needed
45878,45878,Registered,FDM,11617,KC,B,C,FDM,FM,202280,SO,FDM 11617,CotA,CotA,2.0,3.0,FR/SO Intervention Needed
45870,45870,Registered,FDM,11617,KC,B,C,FDM,FD,202280,FR,FDM 11617,CotA,CotA,2.0,3.0,FR/SO Intervention Needed
80056,80056,Registered,VCD,19588,KC,C-,F,VCD,DMP,202280,JR,VCD 19588,CCI,CCI,0.0,1.7,JR/SR Intervention Needed
80046,80046,Registered,VCD,19588,KC,F,D,VCD,VCD,202280,FR,VCD 19588,CCI,CCI,1.0,0.0,FR/SO Intervention Needed
80040,80040,Registered,VCD,19588,KC,B,D,VCD,VCD,202280,SO,VCD 19588,CCI,CCI,1.0,3.0,FR/SO Intervention Needed
80035,80035,Registered,VCD,19588,KC,D,C,VCD,VCD,202280,FR,VCD 19588,CCI,CCI,2.0,1.0,FR/SO Intervention Needed
80041,80041,Registered,VCD,19588,KC,A-,SF,VCD,FD,202280,FR,VCD 19588,CotA,CCI,0.0,3.7,FR/SO Intervention Needed
79991,79991,Registered,VCD,19588,KC,B,C,VCD,DMP,202280,SO,VCD 19588,CCI,CCI,2.0,3.0,FR/SO Intervention Needed
79973,79973,Registered,VCD,19588,KC,C,C,VCD,VCD,202280,FR,VCD 19588,CCI,CCI,2.0,2.0,FR/SO Intervention Needed
79968,79968,Registered,VCD,19588,KC,A-,D+,VCD,VCD,202280,FR,VCD 19588,CCI,CCI,1.3,3.7,FR/SO Intervention Needed
79967,79967,Registered,VCD,19588,KC,B-,D,VCD,VCD,202280,FR,VCD 19588,CCI,CCI,1.0,2.7,FR/SO Intervention Needed
79980,79980,Std Withdrawn,VCD,19588,KC,W,F,VCD,VCD,202280,FR,VCD 19588,CCI,CCI,0.0,0.0,FR/SO Intervention Needed
79926,79926,Registered,VCD,19588,KC,F,C,VCD,JNL,202280,SO,VCD 19588,CCI,CCI,2.0,0.0,FR/SO Intervention Needed
79923,79923,Registered,VCD,19588,KC,C,D,VCD,ADV,202280,SO,VCD 19588,CCI,CCI,1.0,2.0,FR/SO Intervention Needed
79945,79945,Registered,VCD,19588,KC,D+,F,VCD,JNL,202280,JR,VCD 19588,CCI,CCI,0.0,1.3,JR/SR Intervention Needed
79877,79877,Std Withdrawn,VCD,19588,KC,W,F,VCD,VCD,202280,FR,VCD 19588,CCI,CCI,0.0,0.0,FR/SO Intervention Needed
79863,79863,Registered,VCD,19588,KC,C,C,VCD,VCD,202280,FR,VCD 19588,CCI,CCI,2.0,2.0,FR/SO Intervention Needed
79862,79862,Registered,VCD,19588,KC,C,D,VCD,VCD,202280,FR,VCD 19588,CCI,CCI,1.0,2.0,FR/SO Intervention Needed
79855,79855,Std Withdrawn,VCD,19588,KC,W,F,VCD,DMP,202280,FR,VCD 19588,CCI,CCI,0.0,0.0,FR/SO Intervention Needed
79848,79848,Registered,VCD,19588,KC,C,F,VCD,VCD,202280,SR,VCD 19588,CCI,CCI,0.0,2.0,JR/SR Intervention Needed
79838,79838,Registered,VCD,19588,KC,C,D,VCD,ADV,202280,FR,VCD 19588,CCI,CCI,1.0,2.0,FR/SO Intervention Needed
79831,79831,Registered,VCD,19588,KC,B,F,VCD,VCD,202280,FR,VCD 19588,CCI,CCI,0.0,3.0,FR/SO Intervention Needed
79826,79826,Registered,VCD,19588,KC,F,D+,VCD,VCD,202280,FR,VCD 19588,CCI,CCI,1.3,0.0,FR/SO Intervention Needed
45869,45869,Std Withdrawn,FDM,11617,KC,W,F,FDM,FM,202280,JR,FDM 11617,CotA,CotA,0.0,0.0,JR/SR Intervention Needed
45891,45891,Registered,FDM,11617,KC,B-,F,FDM,FM,202280,FR,FDM 11617,CotA,CotA,0.0,2.7,FR/SO Intervention Needed
45911,45911,Std Withdrawn,FDM,11617,KC,W,C,FDM,FD,202280,FR,FDM 11617,CotA,CotA,2.0,0.0,FR/SO Intervention Needed
45910,45910,Registered,FDM,11617,KC,A-,C,FDM,FM,202280,FR,FDM 11617,CotA,CotA,2.0,3.7,FR/SO Intervention Needed
45906,45906,Registered,FDM,11617,KC,D,F,FDM,FD,202280,FR,FDM 11617,CotA,CotA,0.0,1.0,FR/SO Intervention Needed
45925,45925,Registered,FDM,11617,KC,C+,F,FDM,FD,202280,FR,FDM 11617,CotA,CotA,0.0,2.3,FR/SO Intervention Needed
45924,45924,Stopped Attending - Failed,FDM,11617,KC,SF,F,FDM,FM,202280,SO,FDM 11617,CotA,CotA,0.0,0.0,FR/SO Intervention Needed
45922,45922,Registered,FDM,11617,KC,D,F,FDM,FM,202280,FR,FDM 11617,CotA,CotA,0.0,1.0,FR/SO Intervention Needed
45919,45919,Registered,FDM,11617,KC,C+,C,FDM,FM,202280,FR,FDM 11617,CotA,CotA,2.0,2.3,FR/SO Intervention Needed
45936,45936,Registered,FDM,11617,KC,A,D,FDM,FM,202280,FR,FDM 11617,CotA,CotA,1.0,4.0,FR/SO Intervention Needed
47300,47300,Registered,FDM,12681,KC,F,F,FDM,FD,202280,SR,FDM 12681,CotA,CotA,0.0,0.0,JR/SR Intervention Needed
79583,79583,Registered,THEA,18720,KC,A,C,THDN,THEA,202280,SO,THEA 18720,CotA,CotA,2.0,4.0,FR/SO Intervention Needed
45917,45917,Registered,FDM,11617,KC,B,C,FDM,FM,202280,FR,FDM 11617,CotA,CotA,2.0,3.0,FR/SO Intervention Needed
47304,47304,Registered,FDM,12681,KC,B-,D+,FDM,FD,202280,FR,FDM 12681,CotA,CotA,1.3,2.7,FR/SO Intervention Needed
47302,47302,Registered,FDM,12681,KC,F,F,FDM,TDTP,202280,SO,FDM 12681,CotA,CotA,0.0,0.0,FR/SO Intervention Needed
47323,47323,Registered,FDM,12681,KC,C,D,FDM,FD,202280,FR,FDM 12681,CotA,CotA,1.0,2.0,FR/SO Intervention Needed
47315,47315,Registered,FDM,12681,KC,B-,C-,FDM,FD,202280,FR,FDM 12681,CotA,CotA,1.7,2.7,FR/SO Intervention Needed
47344,47344,Registered,FDM,12681,KC,B-,C,FDM,FD,202280,SO,FDM 12681,CotA,CotA,2.0,2.7,FR/SO Intervention Needed
47343,47343,Registered,FDM,12681,KC,B+,SF,FDM,FD,202280,SO,FDM 12681,CotA,CotA,0.0,3.3,FR/SO Intervention Needed
47353,47353,Registered,FDM,12681,KC,B+,F,FDM,FD,202280,SO,FDM 12681,CotA,CotA,0.0,3.3,FR/SO Intervention Needed
47379,47379,Registered,FDM,12681,KC,B-,C,FDM,FD,202280,FR,FDM 12681,CotA,CotA,2.0,2.7,FR/SO Intervention Needed
47389,47389,Registered,FDM,12681,KC,B-,D,FDM,FD,202280,FR,FDM 12681,CotA,CotA,1.0,2.7,FR/SO Intervention Needed
47386,47386,Registered,FDM,12681,KC,C,C,FDM,FD,202280,SO,FDM 12681,CotA,CotA,2.0,2.0,FR/SO Intervention Needed
79252,79252,Registered,THEA,19134,KC,F,C-,THDN,MUT,202280,SO,THEA 19134,CotA,CotA,1.7,0.0,FR/SO Intervention Needed
79249,79249,Registered,THEA,19134,KC,A,C,THDN,MUT,202280,SO,THEA 19134,CotA,CotA,2.0,4.0,FR/SO Intervention Needed
79256,79256,Registered,THEA,19134,KC,B,C,THDN,MUT,202280,SO,THEA 19134,CotA,CotA,2.0,3.0,FR/SO Intervention Needed
48922,48922,Registered,FDM,20907,KC,C+,D+,FDM,FM,202280,SO,FDM 20907,CotA,CotA,1.3,2.3,FR/SO Intervention Needed
79235,79235,Registered,THEA,19134,KC,A,C,THDN,MUT,202280,FR,THEA 19134,CotA,CotA,2.0,4.0,FR/SO Intervention Needed
79231,79231,Registered,THEA,19134,KC,D,C,THDN,MUT,202280,SO,THEA 19134,CotA,CotA,2.0,1.0,FR/SO Intervention Needed
48949,48949,Registered,FDM,20907,KC,D,F,FDM,FM,202280,SO,FDM 20907,CotA,CotA,0.0,1.0,FR/SO Intervention Needed
49683,49683,Stopped Attending - Failed,FDM,27868,KC,SF,C,FDM,FD,202280,SO,FDM 27868,CotA,CotA,2.0,0.0,FR/SO Intervention Needed
49680,49680,Registered,FDM,27868,KC,F,F,FDM,FD,202280,SO,FDM 27868,CotA,CotA,0.0,0.0,FR/SO Intervention Needed
78981,78981,Registered,THEA,22478,KC,D,C,THDN,MUT,202280,FR,THEA 22478,CotA,CotA,2.0,1.0,FR/SO Intervention Needed
78987,78987,Registered,THEA,22478,KC,C,C-,THDN,THEA,202280,FR,THEA 22478,CotA,CotA,1.7,2.0,FR/SO Intervention Needed
49669,49669,Registered,FDM,27868,KC,B,C,FDM,FD,202280,SO,FDM 27868,CotA,CotA,2.0,3.0,FR/SO Intervention Needed
49716,49716,Registered,FDM,27868,KC,F,D,FDM,FD,202280,SO,FDM 27868,CotA,CotA,1.0,0.0,FR/SO Intervention Needed
49701,49701,Registered,FDM,27868,KC,F,F,FDM,FD,202280,SO,FDM 27868,CotA,CotA,0.0,0.0,FR/SO Intervention Needed
78797,78797,Std Withdrawn,THEA,25988,KC,W,D+,THDN,MUT,202280,SO,THEA 25988,CotA,CotA,1.3,0.0,FR/SO Intervention Needed
49743,49743,Registered,FDM,27868,KC,F,F,FDM,FD,202280,SO,FDM 27868,CotA,CotA,0.0,0.0,FR/SO Intervention Needed
49741,49741,Registered,FDM,27868,KC,D+,D,FDM,FD,202280,SO,FDM 27868,CotA,CotA,1.0,1.3,FR/SO Intervention Needed
49725,49725,Registered,FDM,27868,KC,A,C,FDM,FD,202280,FR,FDM 27868,CotA,CotA,2.0,4.0,FR/SO Intervention Needed
50360,50360,Stopped Attending - Failed,FDM,17764,KC,SF,F,FDM,FD,202280,SO,FDM 17764,CotA,CotA,0.0,0.0,FR/SO Intervention Needed
50353,50353,Registered,FDM,17764,KC,C+,C,FDM,FD,202280,FR,FDM 17764,CotA,CotA,2.0,2.3,FR/SO Intervention Needed
78798,78798,Registered,THEA,25988,KC,B,C,THDN,DMP,202280,SO,THEA 25988,CCI,CotA,2.0,3.0,FR/SO Intervention Needed
78783,78783,Registered,THEA,25988,KC,F,F,THDN,THEA,202280,FR,THEA 25988,CotA,CotA,0.0,0.0,FR/SO Intervention Needed
78768,78768,Registered,THEA,25988,KC,C,C-,THDN,TDTP,202280,SO,THEA 25988,CotA,CotA,1.7,2.0,FR/SO Intervention Needed
78790,78790,Registered,THEA,25988,KC,B-,D,THDN,TDTP,202280,SO,THEA 25988,CotA,CotA,1.0,2.7,FR/SO Intervention Needed
78786,78786,Registered,THEA,25988,KC,F,F,THDN,MUT,202280,FR,THEA 25988,CotA,CotA,0.0,0.0,FR/SO Intervention Needed
78780,78780,Registered,THEA,25988,KC,B-,C,THDN,MUT,202280,SO,THEA 25988,CotA,CotA,2.0,2.7,FR/SO Intervention Needed
4568,4568,Registered,ARCH,11467,KC,B+,F,ARCH,ID,202280,JR,ARCH 11467,CAED,CAED,0.0,3.3,JR/SR Intervention Needed
4555,4555,Registered,ARCH,11467,KC,F,F,ARCH,ARCH,202280,JR,ARCH 11467,CAED,CAED,0.0,0.0,JR/SR Intervention Needed
4553,4553,Registered,ARCH,11467,KC,D,F,ARCH,ARCH,202280,JR,ARCH 11467,CAED,CAED,0.0,1.0,JR/SR Intervention Needed
4609,4609,Registered,ARCH,11467,KC,D+,D,ARCH,ID,202280,SO,ARCH 11467,CAED,CAED,1.0,1.3,FR/SO Intervention Needed
4602,4602,Std Withdrawn,ARCH,11467,KC,W,D,ARCH,ARCH,202280,FR,ARCH 11467,CAED,CAED,1.0,0.0,FR/SO Intervention Needed
4629,4629,Std Withdrawn,ARCH,11467,KC,W,F,ARCH,ARCH,202280,FR,ARCH 11467,CAED,CAED,0.0,0.0,FR/SO Intervention Needed
4621,4621,Registered,ARCH,11467,KC,B,C,ARCH,ARCH,202280,FR,ARCH 11467,CAED,CAED,2.0,3.0,FR/SO Intervention Needed
4618,4618,Registered,ARCH,11467,KC,B,C,ARCH,ARCS,202280,FR,ARCH 11467,CAED,CAED,2.0,3.0,FR/SO Intervention Needed
4648,4648,Registered,ARCH,11467,KC,A-,C-,ARCH,ID,202280,FR,ARCH 11467,CAED,CAED,1.7,3.7,FR/SO Intervention Needed
4706,4706,Registered,ARCH,11467,KC,F,F,ARCH,ARCH,202280,FR,ARCH 11467,CAED,CAED,0.0,0.0,FR/SO Intervention Needed
4723,4723,Registered,ARCH,11467,KC,C+,F,ARCH,ARCH,202280,FR,ARCH 11467,CAED,CAED,0.0,2.3,FR/SO Intervention Needed
4782,4782,Registered,ARCH,11467,KC,C,D,ARCH,ARCH,202280,FR,ARCH 11467,CAED,CAED,1.0,2.0,FR/SO Intervention Needed
4799,4799,Registered,ARCH,11467,KC,C+,C,ARCH,ID,202280,SO,ARCH 11467,CAED,CAED,2.0,2.3,FR/SO Intervention Needed
50367,50367,Registered,FDM,17764,KC,D,D+,FDM,FD,202280,SO,FDM 17764,CotA,CotA,1.3,1.0,FR/SO Intervention Needed
4838,4838,Registered,ARCH,11467,KC,B-,C-,ARCH,ARCH,202280,FR,ARCH 11467,CAED,CAED,1.7,2.7,FR/SO Intervention Needed
4834,4834,Registered,ARCH,11467,KC,B-,C-,ARCH,ARCH,202280,FR,ARCH 11467,CAED,CAED,1.7,2.7,FR/SO Intervention Needed
4833,4833,Registered,ARCH,11467,KC,C,C,ARCH,ARCH,202280,FR,ARCH 11467,CAED,CAED,2.0,2.0,FR/SO Intervention Needed
4827,4827,Registered,ARCH,11467,KC,B,C,ARCH,ID,202280,SO,ARCH 11467,CAED,CAED,2.0,3.0,FR/SO Intervention Needed
50380,50380,Registered,FDM,17764,KC,C,C-,FDM,FD,202280,SO,FDM 17764,CotA,CotA,1.7,2.0,FR/SO Intervention Needed
50377,50377,Registered,FDM,17764,KC,C+,F,FDM,FD,202280,JR,FDM 17764,CotA,CotA,0.0,2.3,JR/SR Intervention Needed
50373,50373,Registered,FDM,17764,KC,C,F,FDM,FD,202280,JR,FDM 17764,CotA,CotA,0.0,2.0,JR/SR Intervention Needed
50392,50392,Registered,FDM,17764,KC,B-,C,FDM,FD,202280,SO,FDM 17764,CotA,CotA,2.0,2.7,FR/SO Intervention Needed
50389,50389,Registered,FDM,17764,KC,C+,F,FDM,FD,202280,SO,FDM 17764,CotA,CotA,0.0,2.3,FR/SO Intervention Needed
50387,50387,Registered,FDM,17764,KC,D,F,FDM,FD,202280,JR,FDM 17764,CotA,CotA,0.0,1.0,JR/SR Intervention Needed
50415,50415,Registered,FDM,17764,KC,B,D+,FDM,FD,202280,SO,FDM 17764,CotA,CotA,1.3,3.0,FR/SO Intervention Needed
50381,50381,Registered,FDM,17764,KC,B+,D,FDM,FD,202280,SO,FDM 17764,CotA,CotA,1.0,3.3,FR/SO Intervention Needed
50425,50425,Registered,FDM,17764,KC,D,F,FDM,FD,202280,SO,FDM 17764,CotA,CotA,0.0,1.0,FR/SO Intervention Needed
50429,50429,Registered,FDM,17764,KC,B,C-,FDM,FD,202280,SO,FDM 17764,CotA,CotA,1.7,3.0,FR/SO Intervention Needed
50460,50460,Registered,FDM,17764,KC,A-,F,FDM,FD,202280,SO,FDM 17764,CotA,CotA,0.0,3.7,FR/SO Intervention Needed
50446,50446,Registered,FDM,17764,KC,C+,D,FDM,FD,202280,SO,FDM 17764,CotA,CotA,1.0,2.3,FR/SO Intervention Needed
50494,50494,Registered,FDM,17764,KC,A-,D,FDM,FD,202280,SO,FDM 17764,CotA,CotA,1.0,3.7,FR/SO Intervention Needed
51698,51698,Registered,FDM,25693,KC,D,C-,FDM,FD,202280,SO,FDM 25693,CotA,CotA,1.7,1.0,FR/SO Intervention Needed
51696,51696,Registered,FDM,25693,KC,A,C,FDM,FD,202280,SO,FDM 25693,CotA,CotA,2.0,4.0,FR/SO Intervention Needed
51677,51677,Registered,FDM,25693,KC,A,C,FDM,FD,202280,FR,FDM 25693,CotA,CotA,2.0,4.0,FR/SO Intervention Needed
51704,51704,Registered,FDM,25693,KC,D,C-,FDM,FD,202280,SO,FDM 25693,CotA,CotA,1.7,1.0,FR/SO Intervention Needed
51701,51701,Registered,FDM,25693,KC,F,F,FDM,FD,202280,SO,FDM 25693,CotA,CotA,0.0,0.0,FR/SO Intervention Needed
51695,51695,Registered,FDM,25693,KC,F,F,FDM,FD,202280,SO,FDM 25693,CotA,CotA,0.0,0.0,FR/SO Intervention Needed
51724,51724,Registered,FDM,25693,KC,A,D+,FDM,FD,202280,SO,FDM 25693,CotA,CotA,1.3,4.0,FR/SO Intervention Needed
23217,23217,Registered,COMM,17591,KC,B,D,COMM,COMM,202280,FR,COMM 17591,CCI,CCI,1.0,3.0,FR/SO Intervention Needed
78664,78664,Registered,THEA,11654,KC,B+,C,THDN,MUT,202280,FR,THEA 11654,CotA,CotA,2.0,3.3,FR/SO Intervention Needed
23108,23108,Registered,COMM,17591,KC,B,C,COMM,DMP,202280,FR,COMM 17591,CCI,CCI,2.0,3.0,FR/SO Intervention Needed
23035,23035,Registered,COMM,17591,KC,C+,C,COMM,VCD,202280,FR,COMM 17591,CCI,CCI,2.0,2.3,FR/SO Intervention Needed
23034,23034,Registered,COMM,17591,KC,,C-,COMM,VCD,202280,SO,COMM 17591,CCI,CCI,1.7,,FR/SO Intervention Needed
23025,23025,Registered,COMM,17591,KC,C+,D+,COMM,VCD,202280,SO,COMM 17591,CCI,CCI,1.3,2.3,FR/SO Intervention Needed
78225,78225,Registered,THEA,22915,KC,C,F,THDN,THEA,202280,FR,THEA 22915,CotA,CotA,0.0,2.0,FR/SO Intervention Needed
78227,78227,Registered,THEA,22915,KC,C,D,THDN,THEA,202280,FR,THEA 22915,CotA,CotA,1.0,2.0,FR/SO Intervention Needed
77951,77951,Registered,THEA,17060,KC,C,D,THDN,THEA,202280,FR,THEA 17060,CotA,CotA,1.0,2.0,FR/SO Intervention Needed
77949,77949,Registered,THEA,17060,KC,B-,F,THDN,DANC,202280,JR,THEA 17060,CotA,CotA,0.0,2.7,JR/SR Intervention Needed
22918,22918,Registered,COMM,17591,KC,A-,C,COMM,COMM,202280,FR,COMM 17591,CCI,CCI,2.0,3.7,FR/SO Intervention Needed
77957,77957,Registered,THEA,17060,KC,B-,C,THDN,TDTP,202280,FR,THEA 17060,CotA,CotA,2.0,2.7,FR/SO Intervention Needed
77956,77956,Stopped Attending - Failed,THEA,17060,KC,SF,F,THDN,THEA,202280,SO,THEA 17060,CotA,CotA,0.0,0.0,FR/SO Intervention Needed
77946,77946,Registered,THEA,17060,KC,A-,F,THDN,TDTP,202280,FR,THEA 17060,CotA,CotA,0.0,3.7,FR/SO Intervention Needed
77937,77937,Registered,THEA,17060,KC,C+,C-,THDN,TDTP,202280,SO,THEA 17060,CotA,CotA,1.7,2.3,FR/SO Intervention Needed
22874,22874,Registered,COMM,17591,KC,C+,D,COMM,COMM,202280,SO,COMM 17591,CCI,CCI,1.0,2.3,FR/SO Intervention Needed
22873,22873,Registered,COMM,17591,KC,C,C,COMM,ID,202280,FR,COMM 17591,CAED,CCI,2.0,2.0,FR/SO Intervention Needed
22814,22814,Registered,COMM,17591,KC,C,F,COMM,COMM,202280,FR,COMM 17591,CCI,CCI,0.0,2.0,FR/SO Intervention Needed
77677,77677,Registered,THEA,22559,KC,C+,D,THDN,TDTP,202280,SO,THEA 22559,CotA,CotA,1.0,2.3,FR/SO Intervention Needed
77651,77651,Registered,THEA,22559,KC,B+,C,THDN,THEA,202280,FR,THEA 22559,CotA,CotA,2.0,3.3,FR/SO Intervention Needed
77674,77674,Registered,THEA,22559,KC,F,F,THDN,FD,202280,SR,THEA 22559,CotA,CotA,0.0,0.0,JR/SR Intervention Needed
77635,77635,Registered,THEA,22559,KC,B,D+,THDN,FM,202280,SO,THEA 22559,CotA,CotA,1.3,3.0,FR/SO Intervention Needed
77660,77660,Stopped Attending - Failed,THEA,22559,KC,SF,F,THDN,THEA,202280,FR,THEA 22559,CotA,CotA,0.0,0.0,FR/SO Intervention Needed
77423,77423,Registered,THEA,28661,KC,C,C,THDN,TDTP,202280,FR,THEA 28661,CotA,CotA,2.0,2.0,FR/SO Intervention Needed
77413,77413,Registered,THEA,28661,KC,,F,THDN,TDTP,202280,JR,THEA 28661,CotA,CotA,0.0,,JR/SR Intervention Needed
22744,22744,Registered,COMM,17591,KC,F,D,COMM,VCD,202280,FR,COMM 17591,CCI,CCI,1.0,0.0,FR/SO Intervention Needed
77418,77418,Registered,THEA,28661,KC,C+,C-,THDN,TDTP,202280,FR,THEA 28661,CotA,CotA,1.7,2.3,FR/SO Intervention Needed
77248,77248,Registered,THEA,26012,KC,B-,D,THDN,THEA,202280,FR,THEA 26012,CotA,CotA,1.0,2.7,FR/SO Intervention Needed
77241,77241,Registered,THEA,26012,KC,F,F,THDN,THEA,202280,FR,THEA 26012,CotA,CotA,0.0,0.0,FR/SO Intervention Needed
22656,22656,Registered,COMM,17591,KC,F,D,COMM,PR,202280,FR,COMM 17591,CCI,CCI,1.0,0.0,FR/SO Intervention Needed
22571,22571,Registered,COMM,17591,KC,A,C-,COMM,FM,202280,SO,COMM 17591,CotA,CCI,1.7,4.0,FR/SO Intervention Needed
22568,22568,Registered,COMM,17591,KC,B,C,COMM,COMM,202280,FR,COMM 17591,CCI,CCI,2.0,3.0,FR/SO Intervention Needed
22588,22588,Registered,COMM,17591,KC,B,C,COMM,COMM,202280,SO,COMM 17591,CCI,CCI,2.0,3.0,FR/SO Intervention Needed
22575,22575,Registered,COMM,17591,KC,F,C,COMM,DMP,202280,SO,COMM 17591,CCI,CCI,2.0,0.0,FR/SO Intervention Needed
77226,77226,Stopped Attending - Failed,THEA,26012,KC,SF,D,THDN,THEA,202280,FR,THEA 26012,CotA,CotA,1.0,0.0,FR/SO Intervention Needed
22536,22536,Registered,COMM,17591,KC,C,C-,COMM,COMM,202280,FR,COMM 17591,CCI,CCI,1.7,2.0,FR/SO Intervention Needed
77227,77227,Std Withdrawn,THEA,26012,KC,W,D,THDN,THEA,202280,SO,THEA 26012,CotA,CotA,1.0,0.0,FR/SO Intervention Needed
22527,22527,Std Withdrawn,COMM,17591,KC,W,SF,COMM,PHOT,202280,SO,COMM 17591,CCI,CCI,0.0,0.0,FR/SO Intervention Needed
77045,77045,Registered,THEA,29275,KC,B-,C-,THDN,MUT,202280,FR,THEA 29275,CotA,CotA,1.7,2.7,FR/SO Intervention Needed
77011,77011,Registered,THEA,29275,KC,B+,F,THDN,THEA,202280,FR,THEA 29275,CotA,CotA,0.0,3.3,FR/SO Intervention Needed
77007,77007,Registered,THEA,29275,KC,C,D,THDN,MUT,202280,FR,THEA 29275,CotA,CotA,1.0,2.0,FR/SO Intervention Needed
77002,77002,Stopped Attending - Failed,THEA,29275,KC,SF,SF,THDN,THEA,202280,FR,THEA 29275,CotA,CotA,0.0,0.0,FR/SO Intervention Needed
77018,77018,Registered,THEA,29275,KC,B-,C-,THDN,THEA,202280,FR,THEA 29275,CotA,CotA,1.7,2.7,FR/SO Intervention Needed
22431,22431,Registered,COMM,17591,KC,B,C,COMM,FM,202280,SO,COMM 17591,CotA,CCI,2.0,3.0,FR/SO Intervention Needed
22366,22366,Registered,COMM,17591,KC,B,D+,COMM,PR,202280,SO,COMM 17591,CCI,CCI,1.3,3.0,FR/SO Intervention Needed
22200,22200,Registered,COMM,17591,KC,D+,C,COMM,JNL,202280,FR,COMM 17591,CCI,CCI,2.0,1.3,FR/SO Intervention Needed
6491,6491,Registered,ARCH,22860,KC,C-,F,ARCH,ARCH,202280,FR,ARCH 22860,CAED,CAED,0.0,1.7,FR/SO Intervention Needed
6483,6483,Registered,ARCH,22860,KC,F,F,ARCH,ARCH,202280,FR,ARCH 22860,CAED,CAED,0.0,0.0,FR/SO Intervention Needed
6477,6477,Registered,ARCH,22860,KC,C+,C,ARCH,ARCH,202280,FR,ARCH 22860,CAED,CAED,2.0,2.3,FR/SO Intervention Needed
6507,6507,Registered,ARCH,22860,KC,F,D,ARCH,ARCH,202280,FR,ARCH 22860,CAED,CAED,1.0,0.0,FR/SO Intervention Needed
6500,6500,Stopped Attending - Failed,ARCH,22860,KC,SF,SF,ARCH,ARCH,202280,FR,ARCH 22860,CAED,CAED,0.0,0.0,FR/SO Intervention Needed
6520,6520,Registered,ARCH,22860,KC,D+,C,ARCH,ARCH,202280,SO,ARCH 22860,CAED,CAED,2.0,1.3,FR/SO Intervention Needed
6517,6517,Registered,ARCH,22860,KC,C+,C-,ARCH,ARCH,202280,FR,ARCH 22860,CAED,CAED,1.7,2.3,FR/SO Intervention Needed
6509,6509,Registered,ARCH,22860,KC,B,D,ARCH,ARCH,202280,FR,ARCH 22860,CAED,CAED,1.0,3.0,FR/SO Intervention Needed
6537,6537,Registered,ARCH,22860,KC,D+,D+,ARCH,ARCH,202280,FR,ARCH 22860,CAED,CAED,1.3,1.3,FR/SO Intervention Needed
6535,6535,Registered,ARCH,22860,KC,C+,D,ARCH,ARCH,202280,FR,ARCH 22860,CAED,CAED,1.0,2.3,FR/SO Intervention Needed
6533,6533,Registered,ARCH,22860,KC,C+,D,ARCH,ARCH,202280,FR,ARCH 22860,CAED,CAED,1.0,2.3,FR/SO Intervention Needed
6552,6552,Stopped Attending - Failed,ARCH,22860,KC,SF,C-,ARCH,ARCH,202280,FR,ARCH 22860,CAED,CAED,1.7,0.0,FR/SO Intervention Needed
6547,6547,Registered,ARCH,22860,KC,C+,C-,ARCH,ARCH,202280,FR,ARCH 22860,CAED,CAED,1.7,2.3,FR/SO Intervention Needed
6559,6559,Registered,ARCH,22860,KC,C,C,ARCH,ARCH,202280,FR,ARCH 22860,CAED,CAED,2.0,2.0,FR/SO Intervention Needed
6585,6585,Registered,ARCH,22860,KC,C+,D,ARCH,ARCH,202280,SO,ARCH 22860,CAED,CAED,1.0,2.3,FR/SO Intervention Needed
6581,6581,Registered,ARCH,22860,KC,B,F,ARCH,ARCH,202280,FR,ARCH 22860,CAED,CAED,0.0,3.0,FR/SO Intervention Needed
22081,22081,Registered,COMM,17591,KC,D,C-,COMM,COMM,202280,FR,COMM 17591,CCI,CCI,1.7,1.0,FR/SO Intervention Needed
76585,76585,Registered,THEA,10881,KC,B-,F,THDN,ADV,202280,JR,THEA 10881,CCI,CotA,0.0,2.7,JR/SR Intervention Needed
76350,76350,Registered,THEA,10881,KC,C,D,THDN,FD,202280,SO,THEA 10881,CotA,CotA,1.0,2.0,FR/SO Intervention Needed
76380,76380,Registered,THEA,10881,KC,C,D,THDN,ARCH,202280,SO,THEA 10881,CAED,CotA,1.0,2.0,FR/SO Intervention Needed
76319,76319,Registered,THEA,10881,KC,F,C-,THDN,DMP,202280,FR,THEA 10881,CCI,CotA,1.7,0.0,FR/SO Intervention Needed
76303,76303,Registered,THEA,10881,KC,C+,C-,THDN,DMP,202280,FR,THEA 10881,CCI,CotA,1.7,2.3,FR/SO Intervention Needed
76332,76332,Registered,THEA,10881,KC,C-,F,THDN,VCD,202280,FR,THEA 10881,CCI,CotA,0.0,1.7,FR/SO Intervention Needed
76296,76296,Registered,THEA,10881,KC,B+,C,THDN,VCD,202280,FR,THEA 10881,CCI,CotA,2.0,3.3,FR/SO Intervention Needed
76294,76294,Registered,THEA,10881,KC,F,F,THDN,JNL,202280,FR,THEA 10881,CCI,CotA,0.0,0.0,FR/SO Intervention Needed
22042,22042,Registered,COMM,17591,KC,C+,C,COMM,ARTE,202280,SO,COMM 17591,CotA,CCI,2.0,2.3,FR/SO Intervention Needed
51743,51743,Stopped Attending - Failed,FDM,25693,KC,SF,F,FDM,FD,202280,JR,FDM 25693,CotA,CotA,0.0,0.0,JR/SR Intervention Needed
51729,51729,Registered,FDM,25693,KC,A,D,FDM,FD,202280,SO,FDM 25693,CotA,CotA,1.0,4.0,FR/SO Intervention Needed
51727,51727,Registered,FDM,25693,KC,D,C,FDM,FD,202280,SO,FDM 25693,CotA,CotA,2.0,1.0,FR/SO Intervention Needed
21754,21754,Registered,CMGT,23815,KC,B-,D+,ARCH,COMA,202280,SO,CMGT 23815,CAED,CAED,1.3,2.7,FR/SO Intervention Needed
21770,21770,Registered,CMGT,23815,KC,C,C-,ARCH,COMA,202280,SO,CMGT 23815,CAED,CAED,1.7,2.0,FR/SO Intervention Needed
21768,21768,Registered,CMGT,23815,KC,D+,D+,ARCH,COMA,202280,SO,CMGT 23815,CAED,CAED,1.3,1.3,FR/SO Intervention Needed
21759,21759,Registered,CMGT,23815,KC,F,F,ARCH,COMA,202280,JR,CMGT 23815,CAED,CAED,0.0,0.0,JR/SR Intervention Needed
21720,21720,Registered,CMGT,23815,KC,C+,F,ARCH,COMA,202280,SR,CMGT 23815,CAED,CAED,0.0,2.3,JR/SR Intervention Needed
21725,21725,Stopped Attending - Failed,CMGT,23815,KC,SF,SF,ARCH,COMA,202280,JR,CMGT 23815,CAED,CAED,0.0,0.0,JR/SR Intervention Needed
21723,21723,Registered,CMGT,23815,KC,C-,F,ARCH,COMA,202280,JR,CMGT 23815,CAED,CAED,0.0,1.7,JR/SR Intervention Needed
52398,52398,Std Withdrawn,FDM,19829,KC,W,SF,FDM,FD,202280,SO,FDM 19829,CotA,CotA,0.0,0.0,FR/SO Intervention Needed
52403,52403,Registered,FDM,19829,KC,B,D,FDM,FD,202280,SO,FDM 19829,CotA,CotA,1.0,3.0,FR/SO Intervention Needed
52429,52429,Registered,FDM,19829,KC,B-,D+,FDM,FD,202280,FR,FDM 19829,CotA,CotA,1.3,2.7,FR/SO Intervention Needed
52424,52424,Registered,FDM,19829,KC,,C-,FDM,FD,202280,SO,FDM 19829,CotA,CotA,1.7,,FR/SO Intervention Needed
52435,52435,Registered,FDM,19829,KC,F,F,FDM,FD,202280,FR,FDM 19829,CotA,CotA,0.0,0.0,FR/SO Intervention Needed
52452,52452,Registered,FDM,19829,KC,F,F,FDM,FD,202280,SO,FDM 19829,CotA,CotA,0.0,0.0,FR/SO Intervention Needed
52450,52450,Registered,FDM,19829,KC,B,F,FDM,FD,202280,JR,FDM 19829,CotA,CotA,0.0,3.0,JR/SR Intervention Needed
52983,52983,Registered,FDM,23628,KC,A,F,FDM,FM,202280,SO,FDM 23628,CotA,CotA,0.0,4.0,FR/SO Intervention Needed
52979,52979,Registered,FDM,23628,KC,B+,C,FDM,FM,202280,SO,FDM 23628,CotA,CotA,2.0,3.3,FR/SO Intervention Needed
52970,52970,Registered,FDM,23628,KC,D,F,FDM,FM,202280,SO,FDM 23628,CotA,CotA,0.0,1.0,FR/SO Intervention Needed
52998,52998,Registered,FDM,23628,KC,F,C,FDM,FM,202280,SO,FDM 23628,CotA,CotA,2.0,0.0,FR/SO Intervention Needed
52994,52994,Std Withdrawn,FDM,23628,KC,W,D,FDM,FM,202280,FR,FDM 23628,CotA,CotA,1.0,0.0,FR/SO Intervention Needed
52961,52961,Registered,FDM,23628,KC,B+,F,FDM,FM,202280,SO,FDM 23628,CotA,CotA,0.0,3.3,FR/SO Intervention Needed
53016,53016,Registered,FDM,23628,KC,C,C,FDM,FM,202280,FR,FDM 23628,CotA,CotA,2.0,2.0,FR/SO Intervention Needed
53007,53007,Registered,FDM,23628,KC,B-,F,FDM,FM,202280,SR,FDM 23628,CotA,CotA,0.0,2.7,JR/SR Intervention Needed
53059,53059,Registered,FDM,23628,KC,B,D,FDM,FM,202280,SO,FDM 23628,CotA,CotA,1.0,3.0,FR/SO Intervention Needed
53737,53737,Registered,FDM,18819,KC,C+,C-,FDM,FM,202280,SO,FDM 18819,CotA,CotA,1.7,2.3,FR/SO Intervention Needed
53055,53055,Registered,FDM,23628,KC,C+,C,FDM,FM,202280,SO,FDM 23628,CotA,CotA,2.0,2.3,FR/SO Intervention Needed
53053,53053,Registered,FDM,23628,KC,B,F,FDM,FM,202280,SO,FDM 23628,CotA,CotA,0.0,3.0,FR/SO Intervention Needed
53746,53746,Registered,FDM,18819,KC,A,C-,FDM,FM,202280,FR,FDM 18819,CotA,CotA,1.7,4.0,FR/SO Intervention Needed
53735,53735,Registered,FDM,18819,KC,A,C,FDM,FM,202280,SO,FDM 18819,CotA,CotA,2.0,4.0,FR/SO Intervention Needed
53764,53764,Registered,FDM,18819,KC,A-,C,FDM,FM,202280,SO,FDM 18819,CotA,CotA,2.0,3.7,FR/SO Intervention Needed
53762,53762,Registered,FDM,18819,KC,B+,C,FDM,FM,202280,SO,FDM 18819,CotA,CotA,2.0,3.3,FR/SO Intervention Needed
53774,53774,Std Withdrawn,FDM,18819,KC,W,F,FDM,FM,202280,SO,FDM 18819,CotA,CotA,0.0,0.0,FR/SO Intervention Needed
53802,53802,Registered,FDM,18819,KC,F,SF,FDM,FM,202280,FR,FDM 18819,CotA,CotA,0.0,0.0,FR/SO Intervention Needed
53812,53812,Registered,FDM,18819,KC,D,F,FDM,FM,202280,SO,FDM 18819,CotA,CotA,0.0,1.0,FR/SO Intervention Needed
53810,53810,Registered,FDM,18819,KC,D+,D,FDM,FM,202280,SO,FDM 18819,CotA,CotA,1.0,1.3,FR/SO Intervention Needed
53818,53818,Stopped Attending - Failed,FDM,18819,KC,SF,F,FDM,FM,202280,FR,FDM 18819,CotA,CotA,0.0,0.0,FR/SO Intervention Needed
55079,55079,Registered,ID,24050,KC,D+,C,ARCH,ID,202280,FR,ID 24050,CAED,CAED,2.0,1.3,FR/SO Intervention Needed
7523,7523,Registered,ARCH,24669,KC,F,F,ARCH,ARCH,202280,SO,ARCH 24669,CAED,CAED,0.0,0.0,FR/SO Intervention Needed
53826,53826,Registered,FDM,18819,KC,F,F,FDM,FM,202280,JR,FDM 18819,CotA,CotA,0.0,0.0,JR/SR Intervention Needed
53825,53825,Registered,FDM,18819,KC,C-,F,FDM,FM,202280,JR,FDM 18819,CotA,CotA,0.0,1.7,JR/SR Intervention Needed
7530,7530,Registered,ARCH,24669,KC,A,C,ARCH,ARCH,202280,SO,ARCH 24669,CAED,CAED,2.0,4.0,FR/SO Intervention Needed
7529,7529,Registered,ARCH,24669,KC,B,D,ARCH,ARCH,202280,SO,ARCH 24669,CAED,CAED,1.0,3.0,FR/SO Intervention Needed
7545,7545,Registered,ARCH,24669,KC,D+,F,ARCH,ARCH,202280,SO,ARCH 24669,CAED,CAED,0.0,1.3,FR/SO Intervention Needed
7540,7540,Registered,ARCH,24669,KC,F,F,ARCH,ARCH,202280,JR,ARCH 24669,CAED,CAED,0.0,0.0,JR/SR Intervention Needed
7533,7533,Std Withdrawn,ARCH,24669,KC,W,F,ARCH,ARCH,202280,SO,ARCH 24669,CAED,CAED,0.0,0.0,FR/SO Intervention Needed
7561,7561,Stopped Attending - Failed,ARCH,24669,KC,SF,C,ARCH,ARCH,202280,SO,ARCH 24669,CAED,CAED,2.0,0.0,FR/SO Intervention Needed
7547,7547,Registered,ARCH,24669,KC,C-,F,ARCH,ARCH,202280,SO,ARCH 24669,CAED,CAED,0.0,1.7,FR/SO Intervention Needed
7586,7586,Registered,ARCH,24669,KC,C+,C,ARCH,ARCH,202280,SO,ARCH 24669,CAED,CAED,2.0,2.3,FR/SO Intervention Needed
7585,7585,Registered,ARCH,24669,KC,D,C-,ARCH,ARCH,202280,SO,ARCH 24669,CAED,CAED,1.7,1.0,FR/SO Intervention Needed
7582,7582,Registered,ARCH,24669,KC,F,F,ARCH,ARCH,202280,SO,ARCH 24669,CAED,CAED,0.0,0.0,FR/SO Intervention Needed
7602,7602,Std Withdrawn,ARCH,24669,KC,W,F,ARCH,ARCH,202280,SR,ARCH 24669,CAED,CAED,0.0,0.0,JR/SR Intervention Needed
7600,7600,Registered,ARCH,24669,KC,C,C-,ARCH,ARCH,202280,SO,ARCH 24669,CAED,CAED,1.7,2.0,FR/SO Intervention Needed
7620,7620,Registered,ARCH,24669,KC,A,C,ARCH,ARCH,202280,SO,ARCH 24669,CAED,CAED,2.0,4.0,FR/SO Intervention Needed
7618,7618,Registered,ARCH,24669,KC,A-,D,ARCH,ARCH,202280,FR,ARCH 24669,CAED,CAED,1.0,3.7,FR/SO Intervention Needed
55108,55108,Registered,ID,24050,KC,C,D,ARCH,ID,202280,FR,ID 24050,CAED,CAED,1.0,2.0,FR/SO Intervention Needed
55074,55074,Registered,ID,24050,KC,B-,D,ARCH,ARCH,202280,SO,ID 24050,CAED,CAED,1.0,2.7,FR/SO Intervention Needed
55126,55126,Registered,ID,24050,KC,D+,F,ARCH,ID,202280,FR,ID 24050,CAED,CAED,0.0,1.3,FR/SO Intervention Needed
55141,55141,Registered,ID,24050,KC,F,F,ARCH,ID,202280,JR,ID 24050,CAED,CAED,0.0,0.0,JR/SR Intervention Needed
55128,55128,Registered,ID,24050,KC,D,F,ARCH,ID,202280,FR,ID 24050,CAED,CAED,0.0,1.0,FR/SO Intervention Needed
55144,55144,Registered,ID,24050,KC,F,F,ARCH,ID,202280,FR,ID 24050,CAED,CAED,0.0,0.0,FR/SO Intervention Needed
55161,55161,Registered,ID,24050,KC,A,F,ARCH,ID,202280,FR,ID 24050,CAED,CAED,0.0,4.0,FR/SO Intervention Needed
20164,20164,Registered,CMGT,11015,KC,B,C-,ARCH,COMA,202280,FR,CMGT 11015,CAED,CAED,1.7,3.0,FR/SO Intervention Needed
20184,20184,Registered,CMGT,11015,KC,C,C,ARCH,COMA,202280,FR,CMGT 11015,CAED,CAED,2.0,2.0,FR/SO Intervention Needed
55173,55173,Registered,ID,24050,KC,C+,C,ARCH,ID,202280,FR,ID 24050,CAED,CAED,2.0,2.3,FR/SO Intervention Needed
20163,20163,Registered,CMGT,11015,KC,B,D,ARCH,ARCH,202280,FR,CMGT 11015,CAED,CAED,1.0,3.0,FR/SO Intervention Needed
55184,55184,Registered,ID,24050,KC,C-,F,ARCH,ID,202280,SO,ID 24050,CAED,CAED,0.0,1.7,FR/SO Intervention Needed
55795,55795,Registered,ID,11937,KC,D+,F,ARCH,ID,202280,SR,ID 11937,CAED,CAED,0.0,1.3,JR/SR Intervention Needed
55793,55793,Stopped Attending - Failed,ID,11937,KC,SF,F,ARCH,ID,202280,JR,ID 11937,CAED,CAED,0.0,0.0,JR/SR Intervention Needed
55804,55804,Registered,ID,11937,KC,C+,D+,ARCH,ID,202280,FR,ID 11937,CAED,CAED,1.3,2.3,FR/SO Intervention Needed
55800,55800,Registered,ID,11937,KC,B-,C,ARCH,ID,202280,SO,ID 11937,CAED,CAED,2.0,2.7,FR/SO Intervention Needed
19628,19628,Registered,CMGT,16841,KC,C+,C,ARCH,COMA,202280,FR,CMGT 16841,CAED,CAED,2.0,2.3,FR/SO Intervention Needed
55806,55806,Registered,ID,11937,KC,B,D,ARCH,ID,202280,SO,ID 11937,CAED,CAED,1.0,3.0,FR/SO Intervention Needed
19641,19641,Registered,CMGT,16841,KC,C-,D,ARCH,COMA,202280,SO,CMGT 16841,CAED,CAED,1.0,1.7,FR/SO Intervention Needed
19598,19598,Registered,CMGT,16841,KC,B,C-,ARCH,COMA,202280,FR,CMGT 16841,CAED,CAED,1.7,3.0,FR/SO Intervention Needed
19622,19622,Std Withdrawn,CMGT,16841,KC,W,F,ARCH,COMA,202280,FR,CMGT 16841,CAED,CAED,0.0,0.0,FR/SO Intervention Needed
19580,19580,Registered,CMGT,16841,KC,A,D,ARCH,ARCH,202280,SO,CMGT 16841,CAED,CAED,1.0,4.0,FR/SO Intervention Needed
19602,19602,Registered,CMGT,16841,KC,C-,C-,ARCH,ARCH,202280,SO,CMGT 16841,CAED,CAED,1.7,1.7,FR/SO Intervention Needed
19599,19599,Stopped Attending - Failed,CMGT,16841,KC,SF,F,ARCH,ARCS,202280,JR,CMGT 16841,CAED,CAED,0.0,0.0,JR/SR Intervention Needed
19565,19565,Stopped Attending - Failed,CMGT,16841,KC,SF,F,ARCH,ARCH,202280,SO,CMGT 16841,CAED,CAED,0.0,0.0,FR/SO Intervention Needed
19592,19592,Registered,CMGT,16841,KC,A-,C-,ARCH,COMA,202280,FR,CMGT 16841,CAED,CAED,1.7,3.7,FR/SO Intervention Needed
19584,19584,Registered,CMGT,16841,KC,B,D+,ARCH,COMA,202280,FR,CMGT 16841,CAED,CAED,1.3,3.0,FR/SO Intervention Needed
56310,56310,Registered,ID,21822,KC,A,C,ARCH,ID,202280,SO,ID 21822,CAED,CAED,2.0,4.0,FR/SO Intervention Needed
56322,56322,Registered,ID,21822,KC,B+,C,ARCH,ID,202280,SO,ID 21822,CAED,CAED,2.0,3.3,FR/SO Intervention Needed
56343,56343,Registered,ID,21822,KC,C,C-,ARCH,ID,202280,FR,ID 21822,CAED,CAED,1.7,2.0,FR/SO Intervention Needed
56353,56353,Registered,ID,21822,KC,C+,D,ARCH,ID,202280,SO,ID 21822,CAED,CAED,1.0,2.3,FR/SO Intervention Needed
56826,56826,Registered,ID,13310,KC,C+,F,ARCH,ID,202280,SO,ID 13310,CAED,CAED,0.0,2.3,FR/SO Intervention Needed
56824,56824,Registered,ID,13310,KC,B-,C,ARCH,ID,202280,SO,ID 13310,CAED,CAED,2.0,2.7,FR/SO Intervention Needed
56843,56843,Registered,ID,13310,KC,C,C,ARCH,ID,202280,SO,ID 13310,CAED,CAED,2.0,2.0,FR/SO Intervention Needed
56841,56841,Registered,ID,13310,KC,F,D,ARCH,ID,202280,SO,ID 13310,CAED,CAED,1.0,0.0,FR/SO Intervention Needed
56845,56845,Registered,ID,13310,KC,B+,C,ARCH,ID,202280,SO,ID 13310,CAED,CAED,2.0,3.3,FR/SO Intervention Needed
56917,56917,Registered,ID,13310,KC,C,C,ARCH,ID,202280,FR,ID 13310,CAED,CAED,2.0,2.0,FR/SO Intervention Needed
56883,56883,Stopped Attending - Failed,ID,13310,KC,SF,F,ARCH,ID,202280,JR,ID 13310,CAED,CAED,0.0,0.0,JR/SR Intervention Needed
56915,56915,Registered,ID,13310,KC,D,D,ARCH,ID,202280,SO,ID 13310,CAED,CAED,1.0,1.0,FR/SO Intervention Needed
56913,56913,Registered,ID,13310,KC,D,D,ARCH,ID,202280,SO,ID 13310,CAED,CAED,1.0,1.0,FR/SO Intervention Needed
56911,56911,Registered,ID,13310,KC,B-,F,ARCH,ID,202280,SO,ID 13310,CAED,CAED,0.0,2.7,FR/SO Intervention Needed
18866,18866,Registered,CCI,11716,KC,C,C,CCI,PHOT,202280,FR,CCI 11716,CCI,CCI,2.0,2.0,FR/SO Intervention Needed
18861,18861,Registered,CCI,11716,KC,B,C,CCI,JNL,202280,SO,CCI 11716,CCI,CCI,2.0,3.0,FR/SO Intervention Needed
18845,18845,Registered,CCI,11716,KC,F,F,CCI,PHOT,202280,FR,CCI 11716,CCI,CCI,0.0,0.0,FR/SO Intervention Needed
18832,18832,Registered,CCI,11716,KC,B,C,CCI,PHOT,202280,FR,CCI 11716,CCI,CCI,2.0,3.0,FR/SO Intervention Needed
18859,18859,Registered,CCI,11716,KC,C,F,CCI,VCD,202280,FR,CCI 11716,CCI,CCI,0.0,2.0,FR/SO Intervention Needed
18858,18858,Stopped Attending - Failed,CCI,11716,KC,SF,F,CCI,COMM,202280,FR,CCI 11716,CCI,CCI,0.0,0.0,FR/SO Intervention Needed
18854,18854,Registered,CCI,11716,KC,A-,D,CCI,VCD,202280,FR,CCI 11716,CCI,CCI,1.0,3.7,FR/SO Intervention Needed
18844,18844,Std Withdrawn,CCI,11716,KC,W,D,CCI,PHOT,202280,FR,CCI 11716,CCI,CCI,1.0,0.0,FR/SO Intervention Needed
18843,18843,Registered,CCI,11716,KC,A-,D,CCI,JNL,202280,FR,CCI 11716,CCI,CCI,1.0,3.7,FR/SO Intervention Needed
18837,18837,Std Withdrawn,CCI,11716,KC,W,D,CCI,PHOT,202280,FR,CCI 11716,CCI,CCI,1.0,0.0,FR/SO Intervention Needed
18804,18804,Registered,CCI,11716,KC,D,C-,CCI,VCD,202280,FR,CCI 11716,CCI,CCI,1.7,1.0,FR/SO Intervention Needed
18823,18823,Registered,CCI,11716,KC,C,C-,CCI,VCD,202280,FR,CCI 11716,CCI,CCI,1.7,2.0,FR/SO Intervention Needed
18756,18756,Registered,CCI,11716,KC,F,C,CCI,VCD,202280,FR,CCI 11716,CCI,CCI,2.0,0.0,FR/SO Intervention Needed
57195,57195,Registered,MDJ,25946,KC,C,D,MDJ,DMP,202280,FR,MDJ 25946,CCI,CCI,1.0,2.0,FR/SO Intervention Needed
18763,18763,Registered,CCI,11716,KC,C,D,CCI,JNL,202280,SO,CCI 11716,CCI,CCI,1.0,2.0,FR/SO Intervention Needed
18759,18759,Registered,CCI,11716,KC,B-,C-,CCI,FD,202280,SO,CCI 11716,CotA,CCI,1.7,2.7,FR/SO Intervention Needed
18758,18758,Registered,CCI,11716,KC,B,F,CCI,FM,202280,SO,CCI 11716,CotA,CCI,0.0,3.0,FR/SO Intervention Needed
57215,57215,Registered,MDJ,25946,KC,F,F,MDJ,DMP,202280,SR,MDJ 25946,CCI,CCI,0.0,0.0,JR/SR Intervention Needed
57242,57242,Registered,MDJ,25946,KC,C-,C,MDJ,DMP,202280,FR,MDJ 25946,CCI,CCI,2.0,1.7,FR/SO Intervention Needed
57209,57209,Registered,MDJ,25946,KC,F,D+,MDJ,DMP,202280,FR,MDJ 25946,CCI,CCI,1.3,0.0,FR/SO Intervention Needed
57258,57258,Registered,MDJ,25946,KC,F,F,MDJ,JNL,202280,FR,MDJ 25946,CCI,CCI,0.0,0.0,FR/SO Intervention Needed
57221,57221,Registered,MDJ,25946,KC,B,C,MDJ,DMP,202280,FR,MDJ 25946,CCI,CCI,2.0,3.0,FR/SO Intervention Needed
57248,57248,Registered,MDJ,25946,KC,C,F,MDJ,DMP,202280,FR,MDJ 25946,CCI,CCI,0.0,2.0,FR/SO Intervention Needed
57237,57237,Stopped Attending - Failed,MDJ,25946,KC,SF,F,MDJ,DMP,202280,FR,MDJ 25946,CCI,CCI,0.0,0.0,FR/SO Intervention Needed
18387,18387,Registered,ARTS,28482,KC,C,F,ART,SART,202280,SR,ARTS 28482,CotA,CotA,0.0,2.0,JR/SR Intervention Needed
18379,18379,Registered,ARTS,28482,KC,B,C,ART,ARTE,202280,SO,ARTS 28482,CotA,CotA,2.0,3.0,FR/SO Intervention Needed
18370,18370,Std Withdrawn,ARTS,28482,KC,W,F,ART,ARTH,202280,JR,ARTS 28482,CotA,CotA,0.0,0.0,JR/SR Intervention Needed
57889,57889,Registered,MDJ,28950,KC,C-,D,MDJ,DMP,202280,FR,MDJ 28950,CCI,CCI,1.0,1.7,FR/SO Intervention Needed
57887,57887,Std Withdrawn,MDJ,28950,KC,W,F,MDJ,DMP,202280,FR,MDJ 28950,CCI,CCI,0.0,0.0,FR/SO Intervention Needed
57883,57883,Registered,MDJ,28950,KC,A,C,MDJ,DMP,202280,FR,MDJ 28950,CCI,CCI,2.0,4.0,FR/SO Intervention Needed
57881,57881,Registered,MDJ,28950,KC,B-,C,MDJ,DMP,202280,FR,MDJ 28950,CCI,CCI,2.0,2.7,FR/SO Intervention Needed
57876,57876,Registered,MDJ,28950,KC,C,C,MDJ,DMP,202280,FR,MDJ 28950,CCI,CCI,2.0,2.0,FR/SO Intervention Needed
57869,57869,Registered,MDJ,28950,KC,C+,F,MDJ,DMP,202280,FR,MDJ 28950,CCI,CCI,0.0,2.3,FR/SO Intervention Needed
57885,57885,Registered,MDJ,28950,KC,C+,C,MDJ,DMP,202280,FR,MDJ 28950,CCI,CCI,2.0,2.3,FR/SO Intervention Needed
57913,57913,Registered,MDJ,28950,KC,B,C,MDJ,DMP,202280,FR,MDJ 28950,CCI,CCI,2.0,3.0,FR/SO Intervention Needed
57925,57925,Std Withdrawn,MDJ,28950,KC,W,D+,MDJ,DMP,202280,FR,MDJ 28950,CCI,CCI,1.3,0.0,FR/SO Intervention Needed
58395,58395,Registered,MDJ,15027,KC,C-,C,MDJ,DMP,202280,FR,MDJ 15027,CCI,CCI,2.0,1.7,FR/SO Intervention Needed
58393,58393,Registered,MDJ,15027,KC,B-,F,MDJ,VCD,202280,FR,MDJ 15027,CCI,CCI,0.0,2.7,FR/SO Intervention Needed
57941,57941,Registered,MDJ,28950,KC,C,C,MDJ,DMP,202280,FR,MDJ 28950,CCI,CCI,2.0,2.0,FR/SO Intervention Needed
18051,18051,Registered,ARTS,22958,KC,F,C-,ART,SART,202280,FR,ARTS 22958,CotA,CotA,1.7,0.0,FR/SO Intervention Needed
18061,18061,Registered,ARTS,22958,KC,A,C,ART,ARTE,202280,SO,ARTS 22958,CotA,CotA,2.0,4.0,FR/SO Intervention Needed
18034,18034,Registered,ARTS,22958,KC,F,D,ART,SART,202280,FR,ARTS 22958,CotA,CotA,1.0,0.0,FR/SO Intervention Needed
18058,18058,Registered,ARTS,22958,KC,D+,C-,ART,SART,202280,SO,ARTS 22958,CotA,CotA,1.7,1.3,FR/SO Intervention Needed
58409,58409,Registered,MDJ,15027,KC,D,D+,MDJ,VCD,202280,FR,MDJ 15027,CCI,CCI,1.3,1.0,FR/SO Intervention Needed
58400,58400,Registered,MDJ,15027,KC,F,F,MDJ,DMP,202280,FR,MDJ 15027,CCI,CCI,0.0,0.0,FR/SO Intervention Needed
58398,58398,Registered,MDJ,15027,KC,C,F,MDJ,FD,202280,FR,MDJ 15027,CotA,CCI,0.0,2.0,FR/SO Intervention Needed
58449,58449,Registered,MDJ,15027,KC,C+,F,MDJ,DMP,202280,FR,MDJ 15027,CCI,CCI,0.0,2.3,FR/SO Intervention Needed
58447,58447,Registered,MDJ,15027,KC,F,F,MDJ,VCD,202280,FR,MDJ 15027,CCI,CCI,0.0,0.0,FR/SO Intervention Needed
58491,58491,Std Withdrawn,MDJ,15027,KC,W,F,MDJ,ARCS,202280,FR,MDJ 15027,CAED,CCI,0.0,0.0,FR/SO Intervention Needed
58454,58454,Registered,MDJ,15027,KC,F,D,MDJ,FM,202280,SO,MDJ 15027,CotA,CCI,1.0,0.0,FR/SO Intervention Needed
58453,58453,Std Withdrawn,MDJ,15027,KC,W,F,MDJ,DMP,202280,FR,MDJ 15027,CCI,CCI,0.0,0.0,FR/SO Intervention Needed
58471,58471,Registered,MDJ,15027,KC,F,C-,MDJ,PR,202280,FR,MDJ 15027,CCI,CCI,1.7,0.0,FR/SO Intervention Needed
8670,8670,Registered,ARCH,19059,KC,B,C,ARCH,ARCH,202280,SO,ARCH 19059,CAED,CAED,2.0,3.0,FR/SO Intervention Needed
8664,8664,Registered,ARCH,19059,KC,C,C,ARCH,ARCH,202280,FR,ARCH 19059,CAED,CAED,2.0,2.0,FR/SO Intervention Needed
8660,8660,Registered,ARCH,19059,KC,F,F,ARCH,ARCH,202280,FR,ARCH 19059,CAED,CAED,0.0,0.0,FR/SO Intervention Needed
8685,8685,Registered,ARCH,19059,KC,B-,D,ARCH,ARCH,202280,FR,ARCH 19059,CAED,CAED,1.0,2.7,FR/SO Intervention Needed
8684,8684,Registered,ARCH,19059,KC,B,C,ARCH,ARCH,202280,FR,ARCH 19059,CAED,CAED,2.0,3.0,FR/SO Intervention Needed
8678,8678,Registered,ARCH,19059,KC,B-,D+,ARCH,ARCH,202280,SO,ARCH 19059,CAED,CAED,1.3,2.7,FR/SO Intervention Needed
8702,8702,Stopped Attending - Failed,ARCH,19059,KC,SF,SF,ARCH,ARCH,202280,FR,ARCH 19059,CAED,CAED,0.0,0.0,FR/SO Intervention Needed
8697,8697,Registered,ARCH,19059,KC,D+,D,ARCH,ARCH,202280,SO,ARCH 19059,CAED,CAED,1.0,1.3,FR/SO Intervention Needed
8696,8696,Registered,ARCH,19059,KC,C,C-,ARCH,ARCH,202280,FR,ARCH 19059,CAED,CAED,1.7,2.0,FR/SO Intervention Needed
8718,8718,Registered,ARCH,19059,KC,C,C,ARCH,ARCH,202280,FR,ARCH 19059,CAED,CAED,2.0,2.0,FR/SO Intervention Needed
8708,8708,Registered,ARCH,19059,KC,D+,D+,ARCH,ARCH,202280,FR,ARCH 19059,CAED,CAED,1.3,1.3,FR/SO Intervention Needed
8706,8706,Registered,ARCH,19059,KC,C,C,ARCH,ARCH,202280,FR,ARCH 19059,CAED,CAED,2.0,2.0,FR/SO Intervention Needed
8729,8729,Stopped Attending - Failed,ARCH,19059,KC,SF,SF,ARCH,ARCH,202280,FR,ARCH 19059,CAED,CAED,0.0,0.0,FR/SO Intervention Needed
8724,8724,Registered,ARCH,19059,KC,C,D,ARCH,ARCH,202280,FR,ARCH 19059,CAED,CAED,1.0,2.0,FR/SO Intervention Needed
8753,8753,Registered,ARCH,19059,KC,C,C,ARCH,ARCH,202280,FR,ARCH 19059,CAED,CAED,2.0,2.0,FR/SO Intervention Needed
8752,8752,Registered,ARCH,19059,KC,C,D+,ARCH,ARCH,202280,SO,ARCH 19059,CAED,CAED,1.3,2.0,FR/SO Intervention Needed
8747,8747,Registered,ARCH,19059,KC,B,C,ARCH,ARCH,202280,FR,ARCH 19059,CAED,CAED,2.0,3.0,FR/SO Intervention Needed
58547,58547,Registered,MDJ,15027,KC,,F,MDJ,COMM,202280,JR,MDJ 15027,CCI,CCI,0.0,,JR/SR Intervention Needed
58543,58543,Registered,MDJ,15027,KC,F,F,MDJ,COMM,202280,FR,MDJ 15027,CCI,CCI,0.0,0.0,FR/SO Intervention Needed
58542,58542,Registered,MDJ,15027,KC,B,F,MDJ,THEA,202280,FR,MDJ 15027,CotA,CCI,0.0,3.0,FR/SO Intervention Needed
58562,58562,Registered,MDJ,15027,KC,F,F,MDJ,VCD,202280,FR,MDJ 15027,CCI,CCI,0.0,0.0,FR/SO Intervention Needed
58560,58560,Registered,MDJ,15027,KC,F,F,MDJ,ADV,202280,JR,MDJ 15027,CCI,CCI,0.0,0.0,JR/SR Intervention Needed
58635,58635,Std Withdrawn,MDJ,15027,KC,W,C,MDJ,DMP,202280,FR,MDJ 15027,CCI,CCI,2.0,0.0,FR/SO Intervention Needed
58597,58597,Registered,MDJ,15027,KC,F,F,MDJ,JNL,202280,FR,MDJ 15027,CCI,CCI,0.0,0.0,FR/SO Intervention Needed
58669,58669,Registered,MDJ,15027,KC,A,D,MDJ,JNL,202280,SO,MDJ 15027,CCI,CCI,1.0,4.0,FR/SO Intervention Needed
58697,58697,Registered,MDJ,15027,KC,C,C,MDJ,EMAT,202280,FR,MDJ 15027,CCI,CCI,2.0,2.0,FR/SO Intervention Needed
58779,58779,Stopped Attending - Failed,MDJ,15027,KC,SF,F,MDJ,COMM,202280,SO,MDJ 15027,CCI,CCI,0.0,0.0,FR/SO Intervention Needed
58758,58758,Registered,MDJ,15027,KC,F,F,MDJ,DMP,202280,SO,MDJ 15027,CCI,CCI,0.0,0.0,FR/SO Intervention Needed
58757,58757,Registered,MDJ,15027,KC,C-,D,MDJ,VCD,202280,SO,MDJ 15027,CCI,CCI,1.0,1.7,FR/SO Intervention Needed
58811,58811,Registered,MDJ,15027,KC,D+,C,MDJ,PHOT,202280,SO,MDJ 15027,CCI,CCI,2.0,1.3,FR/SO Intervention Needed
58789,58789,Registered,MDJ,15027,KC,F,F,MDJ,FD,202280,SR,MDJ 15027,CotA,CCI,0.0,0.0,JR/SR Intervention Needed
72030,72030,Std Withdrawn,MUS,23241,KC,W,F,MUS,VCD,202280,SR,MUS 23241,CCI,CotA,0.0,0.0,JR/SR Intervention Needed
71939,71939,Registered,MUS,23241,KC,B-,C-,MUS,COMM,202280,FR,MUS 23241,CCI,CotA,1.7,2.7,FR/SO Intervention Needed
71870,71870,Registered,MUS,23241,KC,D,C,MUS,JNL,202280,FR,MUS 23241,CCI,CotA,2.0,1.0,FR/SO Intervention Needed
58807,58807,Std Withdrawn,MDJ,15027,KC,W,F,MDJ,PR,202280,FR,MDJ 15027,CCI,CCI,0.0,0.0,FR/SO Intervention Needed
58830,58830,Registered,MDJ,15027,KC,B,C,MDJ,THEA,202280,FR,MDJ 15027,CotA,CCI,2.0,3.0,FR/SO Intervention Needed
58858,58858,Registered,MDJ,15027,KC,D+,C-,MDJ,VCD,202280,FR,MDJ 15027,CCI,CCI,1.7,1.3,FR/SO Intervention Needed
71687,71687,Registered,MUS,23241,KC,B,F,MUS,DNST,202280,SR,MUS 23241,CotA,CotA,0.0,3.0,JR/SR Intervention Needed
71627,71627,Registered,MUS,23241,KC,B-,C,MUS,VCD,202280,SO,MUS 23241,CCI,CotA,2.0,2.7,FR/SO Intervention Needed
71586,71586,Registered,MUS,23241,KC,F,D,MUS,FM,202280,FR,MUS 23241,CotA,CotA,1.0,0.0,FR/SO Intervention Needed
71609,71609,Registered,MUS,23241,KC,C,C-,MUS,PR,202280,FR,MUS 23241,CCI,CotA,1.7,2.0,FR/SO Intervention Needed
71561,71561,Std Withdrawn,MUS,23241,KC,W,F,MUS,VCD,202280,FR,MUS 23241,CCI,CotA,0.0,0.0,FR/SO Intervention Needed
71532,71532,Registered,MUS,23241,KC,D+,F,MUS,PR,202280,FR,MUS 23241,CCI,CotA,0.0,1.3,FR/SO Intervention Needed
9720,9720,Registered,ARCS,26039,KC,C+,C,ARCH,ARCS,202280,SO,ARCS 26039,CAED,CAED,2.0,2.3,FR/SO Intervention Needed
58903,58903,Registered,MDJ,15027,KC,C,C-,MDJ,PHOT,202280,SO,MDJ 15027,CCI,CCI,1.7,2.0,FR/SO Intervention Needed
17331,17331,Registered,ARTS,19694,KC,F,F,ART,VCD,202280,JR,ARTS 19694,CCI,CotA,0.0,0.0,JR/SR Intervention Needed
17327,17327,Registered,ARTS,19694,KC,C,C-,ART,ARTE,202280,SO,ARTS 19694,CotA,CotA,1.7,2.0,FR/SO Intervention Needed
17349,17349,Registered,ARTS,19694,KC,B,F,ART,FD,202280,SO,ARTS 19694,CotA,CotA,0.0,3.0,FR/SO Intervention Needed
58934,58934,Registered,MDJ,15027,KC,F,F,MDJ,VCD,202280,SR,MDJ 15027,CCI,CCI,0.0,0.0,JR/SR Intervention Needed
58956,58956,Registered,MDJ,15027,KC,B+,F,MDJ,COMM,202280,JR,MDJ 15027,CCI,CCI,0.0,3.3,JR/SR Intervention Needed
58975,58975,Std Withdrawn,MDJ,15027,KC,W,F,MDJ,COMM,202280,JR,MDJ 15027,CCI,CCI,0.0,0.0,JR/SR Intervention Needed
58969,58969,Stopped Attending - Failed,MDJ,15027,KC,SF,F,MDJ,JNL,202280,SO,MDJ 15027,CCI,CCI,0.0,0.0,FR/SO Intervention Needed
58983,58983,Registered,MDJ,15027,KC,B-,C-,MDJ,VCD,202280,SO,MDJ 15027,CCI,CCI,1.7,2.7,FR/SO Intervention Needed
59040,59040,Stopped Attending - Failed,MDJ,15027,KC,SF,F,MDJ,JNL,202280,FR,MDJ 15027,CCI,CCI,0.0,0.0,FR/SO Intervention Needed
16633,16633,Registered,ARTS,28507,KC,C,C,ART,ARTE,202280,FR,ARTS 28507,CotA,CotA,2.0,2.0,FR/SO Intervention Needed
9967,9967,Registered,ART,29123,KC,F,F,ART,ARTE,202280,SR,ART 29123,CotA,CotA,0.0,0.0,JR/SR Intervention Needed
9975,9975,Registered,ART,29123,KC,C,C,ART,FD,202280,SO,ART 29123,CotA,CotA,2.0,2.0,FR/SO Intervention Needed
9998,9998,Registered,ART,29123,KC,B,C,ART,ARTE,202280,FR,ART 29123,CotA,CotA,2.0,3.0,FR/SO Intervention Needed
10016,10016,Registered,ART,29123,KC,B-,C,ART,SART,202280,FR,ART 29123,CotA,CotA,2.0,2.7,FR/SO Intervention Needed
10015,10015,Registered,ART,29123,KC,B,D,ART,ARTE,202280,FR,ART 29123,CotA,CotA,1.0,3.0,FR/SO Intervention Needed
10010,10010,Registered,ART,29123,KC,B,C,ART,ARTE,202280,FR,ART 29123,CotA,CotA,2.0,3.0,FR/SO Intervention Needed
10029,10029,Std Withdrawn,ART,29123,KC,W,F,ART,SART,202280,SO,ART 29123,CotA,CotA,0.0,0.0,FR/SO Intervention Needed
10022,10022,Registered,ART,29123,KC,B+,F,ART,ARTE,202280,FR,ART 29123,CotA,CotA,0.0,3.3,FR/SO Intervention Needed
16618,16618,Registered,ARTS,28507,KC,F,C-,ART,SART,202280,FR,ARTS 28507,CotA,CotA,1.7,0.0,FR/SO Intervention Needed
16607,16607,Registered,ARTS,28507,KC,F,C-,ART,SART,202280,FR,ARTS 28507,CotA,CotA,1.7,0.0,FR/SO Intervention Needed
16630,16630,Registered,ARTS,28507,KC,C+,D,ART,SART,202280,FR,ARTS 28507,CotA,CotA,1.0,2.3,FR/SO Intervention Needed
16559,16559,Registered,ARTS,28507,KC,C-,F,ART,SART,202280,JR,ARTS 28507,CotA,CotA,0.0,1.7,JR/SR Intervention Needed
16552,16552,Registered,ARTS,28507,KC,F,F,ART,SART,202280,FR,ARTS 28507,CotA,CotA,0.0,0.0,FR/SO Intervention Needed
16579,16579,Registered,ARTS,28507,KC,C,D,ART,ARTE,202280,FR,ARTS 28507,CotA,CotA,1.0,2.0,FR/SO Intervention Needed
16543,16543,Registered,ARTS,28507,KC,C-,F,ART,SART,202280,FR,ARTS 28507,CotA,CotA,0.0,1.7,FR/SO Intervention Needed
16535,16535,Registered,ARTS,28507,KC,B+,F,ART,SART,202280,FR,ARTS 28507,CotA,CotA,0.0,3.3,FR/SO Intervention Needed
16562,16562,Registered,ARTS,28507,KC,D,D+,ART,ARTE,202280,FR,ARTS 28507,CotA,CotA,1.3,1.0,FR/SO Intervention Needed
16549,16549,Registered,ARTS,28507,KC,C,F,ART,ARTE,202280,FR,ARTS 28507,CotA,CotA,0.0,2.0,FR/SO Intervention Needed
16303,16303,Std Withdrawn,ARTH,14683,KC,W,D,ART,ARTH,202280,FR,ARTH 14683,CotA,CotA,1.0,0.0,FR/SO Intervention Needed
62648,62648,Registered,MDJ,11788,KC,B-,F,MDJ,JNL,202280,SR,MDJ 11788,CCI,CCI,0.0,2.7,JR/SR Intervention Needed
62835,62835,Registered,MDJ,28436,KC,C,C,MDJ,ADV,202280,FR,MDJ 28436,CCI,CCI,2.0,2.0,FR/SO Intervention Needed
62827,62827,Stopped Attending - Failed,MDJ,28436,KC,SF,F,MDJ,PR,202280,JR,MDJ 28436,CCI,CCI,0.0,0.0,JR/SR Intervention Needed
62824,62824,Registered,MDJ,28436,KC,A,C,MDJ,PR,202280,SO,MDJ 28436,CCI,CCI,2.0,4.0,FR/SO Intervention Needed
62816,62816,Registered,MDJ,28436,KC,B,F,MDJ,PR,202280,SO,MDJ 28436,CCI,CCI,0.0,3.0,FR/SO Intervention Needed
63195,63195,Registered,MDJ,13358,KC,B-,D+,MDJ,DMP,202280,SO,MDJ 13358,CCI,CCI,1.3,2.7,FR/SO Intervention Needed
63193,63193,Registered,MDJ,13358,KC,F,F,MDJ,DMP,202280,SO,MDJ 13358,CCI,CCI,0.0,0.0,FR/SO Intervention Needed
62847,62847,Registered,MDJ,28436,KC,C,F,MDJ,ADV,202280,SO,MDJ 28436,CCI,CCI,0.0,2.0,FR/SO Intervention Needed
62831,62831,Stopped Attending - Failed,MDJ,28436,KC,SF,F,MDJ,ADV,202280,JR,MDJ 28436,CCI,CCI,0.0,0.0,JR/SR Intervention Needed
63185,63185,Registered,MDJ,13358,KC,F,C-,MDJ,DMP,202280,SO,MDJ 13358,CCI,CCI,1.7,0.0,FR/SO Intervention Needed
63184,63184,Registered,MDJ,13358,KC,D+,F,MDJ,DMP,202280,FR,MDJ 13358,CCI,CCI,0.0,1.3,FR/SO Intervention Needed
63205,63205,Registered,MDJ,13358,KC,B,C,MDJ,DMP,202280,FR,MDJ 13358,CCI,CCI,2.0,3.0,FR/SO Intervention Needed
63199,63199,Stopped Attending - Failed,MDJ,13358,KC,SF,F,MDJ,JNL,202280,SR,MDJ 13358,CCI,CCI,0.0,0.0,JR/SR Intervention Needed
63198,63198,Registered,MDJ,13358,KC,A,F,MDJ,DMP,202280,JR,MDJ 13358,CCI,CCI,0.0,4.0,JR/SR Intervention Needed
64032,64032,Registered,MDJ,12063,KC,C+,C-,MDJ,ADV,202280,SO,MDJ 12063,CCI,CCI,1.7,2.3,FR/SO Intervention Needed
64150,64150,Std Withdrawn,MDJ,20627,KC,W,F,MDJ,DMP,202280,SO,MDJ 20627,CCI,CCI,0.0,0.0,FR/SO Intervention Needed
64141,64141,Registered,MDJ,20627,KC,D+,F,MDJ,DMP,202280,FR,MDJ 20627,CCI,CCI,0.0,1.3,FR/SO Intervention Needed
64172,64172,Registered,MDJ,20627,KC,F,F,MDJ,DMP,202280,JR,MDJ 20627,CCI,CCI,0.0,0.0,JR/SR Intervention Needed
64187,64187,Registered,MDJ,20627,KC,C-,C,MDJ,DMP,202280,SO,MDJ 20627,CCI,CCI,2.0,1.7,FR/SO Intervention Needed
64730,64730,Registered,MDJ,22796,KC,F,D+,MDJ,DMP,202280,FR,MDJ 22796,CCI,CCI,1.3,0.0,FR/SO Intervention Needed
64726,64726,Registered,MDJ,22796,KC,D,F,MDJ,DMP,202280,SO,MDJ 22796,CCI,CCI,0.0,1.0,FR/SO Intervention Needed
64717,64717,Registered,MDJ,22796,KC,F,F,MDJ,DMP,202280,FR,MDJ 22796,CCI,CCI,0.0,0.0,FR/SO Intervention Needed
64747,64747,Never Attended - Failed,MDJ,22796,KC,NF,F,MDJ,DMP,202280,SO,MDJ 22796,CCI,CCI,0.0,0.0,FR/SO Intervention Needed
64742,64742,Registered,MDJ,22796,KC,B-,F,MDJ,DMP,202280,JR,MDJ 22796,CCI,CCI,0.0,2.7,JR/SR Intervention Needed
64741,64741,Registered,MDJ,22796,KC,D,F,MDJ,DMP,202280,JR,MDJ 22796,CCI,CCI,0.0,1.0,JR/SR Intervention Needed
64751,64751,Registered,MDJ,22796,KC,F,D,MDJ,DMP,202280,SO,MDJ 22796,CCI,CCI,1.0,0.0,FR/SO Intervention Needed
64776,64776,Registered,MDJ,22796,KC,B-,F,MDJ,DMP,202280,SO,MDJ 22796,CCI,CCI,0.0,2.7,FR/SO Intervention Needed
10498,10498,Registered,ART,21467,KC,A-,C-,ART,ARTE,202280,SO,ART 21467,CotA,CotA,1.7,3.7,FR/SO Intervention Needed
64770,64770,Registered,MDJ,22796,KC,C-,C,MDJ,DMP,202280,SO,MDJ 22796,CCI,CCI,2.0,1.7,FR/SO Intervention Needed
64765,64765,Registered,MDJ,22796,KC,A,C,MDJ,DMP,202280,SO,MDJ 22796,CCI,CCI,2.0,4.0,FR/SO Intervention Needed
10505,10505,Registered,ART,21467,KC,A-,C,ART,SART,202280,SO,ART 21467,CotA,CotA,2.0,3.7,FR/SO Intervention Needed
65063,65063,Registered,MDJ,25459,KC,D,F,MDJ,DMP,202280,JR,MDJ 25459,CCI,CCI,0.0,1.0,JR/SR Intervention Needed
65240,65240,Std Withdrawn,MDJ,28984,KC,W,C,MDJ,PR,202280,SO,MDJ 28984,CCI,CCI,2.0,0.0,FR/SO Intervention Needed
65234,65234,Registered,MDJ,28984,KC,C+,F,MDJ,COMM,202280,JR,MDJ 28984,CCI,CCI,0.0,2.3,JR/SR Intervention Needed
13917,13917,Registered,ARTH,17400,KC,F,C,ART,VCD,202280,FR,ARTH 17400,CCI,CotA,2.0,0.0,FR/SO Intervention Needed
13922,13922,Registered,ARTH,17400,KC,F,F,ART,ID,202280,FR,ARTH 17400,CAED,CotA,0.0,0.0,FR/SO Intervention Needed
13921,13921,Stopped Attending - Failed,ARTH,17400,KC,SF,D,ART,FD,202280,SO,ARTH 17400,CotA,CotA,1.0,0.0,FR/SO Intervention Needed
13885,13885,Registered,ARTH,17400,KC,F,F,ART,ID,202280,SO,ARTH 17400,CAED,CotA,0.0,0.0,FR/SO Intervention Needed
13916,13916,Registered,ARTH,17400,KC,C,C-,ART,FD,202280,SO,ARTH 17400,CotA,CotA,1.7,2.0,FR/SO Intervention Needed
13869,13869,Registered,ARTH,17400,KC,B-,F,ART,FD,202280,SO,ARTH 17400,CotA,CotA,0.0,2.7,FR/SO Intervention Needed
13889,13889,Registered,ARTH,17400,KC,C-,D,ART,ID,202280,FR,ARTH 17400,CAED,CotA,1.0,1.7,FR/SO Intervention Needed
13857,13857,Registered,ARTH,17400,KC,B,C,ART,ID,202280,FR,ARTH 17400,CAED,CotA,2.0,3.0,FR/SO Intervention Needed
13783,13783,Registered,ARTH,17400,KC,A,D,ART,VCD,202280,SO,ARTH 17400,CCI,CotA,1.0,4.0,FR/SO Intervention Needed
13731,13731,Registered,ARTH,17400,KC,B,D+,ART,FD,202280,FR,ARTH 17400,CotA,CotA,1.3,3.0,FR/SO Intervention Needed
13730,13730,Registered,ARTH,17400,KC,C,C,ART,FD,202280,FR,ARTH 17400,CotA,CotA,2.0,2.0,FR/SO Intervention Needed
13723,13723,Registered,ARTH,17400,KC,C-,D,ART,FD,202280,FR,ARTH 17400,CotA,CotA,1.0,1.7,FR/SO Intervention Needed
13699,13699,Registered,ARTH,17400,KC,D+,F,ART,ARTE,202280,SO,ARTH 17400,CotA,CotA,0.0,1.3,FR/SO Intervention Needed
13663,13663,Registered,ARTH,17400,KC,F,C-,ART,TDTP,202280,FR,ARTH 17400,CotA,CotA,1.7,0.0,FR/SO Intervention Needed
13621,13621,Registered,ARTH,17400,KC,C,D,ART,FD,202280,SO,ARTH 17400,CotA,CotA,1.0,2.0,FR/SO Intervention Needed
13610,13610,Registered,ARTH,17400,KC,B,C,ART,DMP,202280,SO,ARTH 17400,CCI,CotA,2.0,3.0,FR/SO Intervention Needed
13607,13607,Registered,ARTH,17400,KC,A,C,ART,FD,202280,SO,ARTH 17400,CotA,CotA,2.0,4.0,FR/SO Intervention Needed
10945,10945,Registered,ART,20725,KC,B,C,ART,SART,202280,FR,ART 20725,CotA,CotA,2.0,3.0,FR/SO Intervention Needed
10952,10952,Registered,ART,20725,KC,C-,F,ART,SART,202280,FR,ART 20725,CotA,CotA,0.0,1.7,FR/SO Intervention Needed
10967,10967,Registered,ART,20725,KC,B-,C-,ART,SART,202280,FR,ART 20725,CotA,CotA,1.7,2.7,FR/SO Intervention Needed
66154,66154,Std Withdrawn,MDJ,25865,KC,W,F,MDJ,JNL,202280,SO,MDJ 25865,CCI,CCI,0.0,0.0,FR/SO Intervention Needed
66422,66422,Registered,MDJ,21449,KC,F,D,MDJ,PR,202280,SO,MDJ 21449,CCI,CCI,1.0,0.0,FR/SO Intervention Needed
66662,66662,Registered,MDJ,22045,KC,C,F,MDJ,JNL,202280,JR,MDJ 22045,CCI,CCI,0.0,2.0,JR/SR Intervention Needed
66427,66427,Registered,MDJ,21449,KC,C,F,MDJ,PR,202280,JR,MDJ 21449,CCI,CCI,0.0,2.0,JR/SR Intervention Needed
66754,66754,Registered,MDJ,12683,KC,C,D,MDJ,PR,202280,FR,MDJ 12683,CCI,CCI,1.0,2.0,FR/SO Intervention Needed
66774,66774,Registered,MDJ,12683,KC,B+,F,MDJ,DMP,202280,SR,MDJ 12683,CCI,CCI,0.0,3.3,JR/SR Intervention Needed
66765,66765,Registered,MDJ,12683,KC,B-,F,MDJ,JNL,202280,JR,MDJ 12683,CCI,CCI,0.0,2.7,JR/SR Intervention Needed
67016,67016,Std Withdrawn,MUS,28860,KC,W,F,MUS,PR,202280,JR,MUS 28860,CCI,CotA,0.0,0.0,JR/SR Intervention Needed
67014,67014,Registered,MUS,28860,KC,B-,C,MUS,MUED,202280,FR,MUS 28860,CotA,CotA,2.0,2.7,FR/SO Intervention Needed
67032,67032,Registered,MUS,28860,KC,A,C-,MUS,MUS,202280,FR,MUS 28860,CotA,CotA,1.7,4.0,FR/SO Intervention Needed
66776,66776,Registered,MDJ,12683,KC,C-,C,MDJ,PR,202280,SO,MDJ 12683,CCI,CCI,2.0,1.7,FR/SO Intervention Needed
67026,67026,Registered,MUS,28860,KC,C-,C-,MUS,MUED,202280,FR,MUS 28860,CotA,CotA,1.7,1.7,FR/SO Intervention Needed
68518,68518,Registered,MUS,12716,KC,B-,C,MUS,JNL,202280,FR,MUS 12716,CCI,CotA,2.0,2.7,FR/SO Intervention Needed
11271,11271,Std Withdrawn,ARTH,12842,KC,W,F,ART,FD,202280,SO,ARTH 12842,CotA,CotA,0.0,0.0,FR/SO Intervention Needed
11277,11277,Registered,ARTH,12842,KC,F,F,ART,FD,202280,FR,ARTH 12842,CotA,CotA,0.0,0.0,FR/SO Intervention Needed
11319,11319,Registered,ARTH,12842,KC,D+,F,ART,FD,202280,FR,ARTH 12842,CotA,CotA,0.0,1.3,FR/SO Intervention Needed
11314,11314,Registered,ARTH,12842,KC,B,C,ART,FD,202280,FR,ARTH 12842,CotA,CotA,2.0,3.0,FR/SO Intervention Needed
11304,11304,Registered,ARTH,12842,KC,B,C,ART,FD,202280,SO,ARTH 12842,CotA,CotA,2.0,3.0,FR/SO Intervention Needed
11335,11335,Registered,ARTH,12842,KC,B,C,ART,VCD,202280,SO,ARTH 12842,CCI,CotA,2.0,3.0,FR/SO Intervention Needed
11322,11322,Registered,ARTH,12842,KC,A-,C,ART,ARCS,202280,SO,ARTH 12842,CAED,CotA,2.0,3.7,FR/SO Intervention Needed
11321,11321,Registered,ARTH,12842,KC,C-,F,ART,PHOT,202280,JR,ARTH 12842,CCI,CotA,0.0,1.7,JR/SR Intervention Needed
11346,11346,Registered,ARTH,12842,KC,C,C-,ART,FD,202280,FR,ARTH 12842,CotA,CotA,1.7,2.0,FR/SO Intervention Needed
11374,11374,Registered,ARTH,12842,KC,D,C-,ART,ARTH,202280,FR,ARTH 12842,CotA,CotA,1.7,1.0,FR/SO Intervention Needed
11370,11370,Registered,ARTH,12842,KC,C,D+,ART,COMA,202280,FR,ARTH 12842,CAED,CotA,1.3,2.0,FR/SO Intervention Needed
11439,11439,Registered,ARTH,12842,KC,C+,F,ART,ARTE,202280,JR,ARTH 12842,CotA,CotA,0.0,2.3,JR/SR Intervention Needed
11436,11436,Std Withdrawn,ARTH,12842,KC,W,C-,ART,ARCS,202280,SO,ARTH 12842,CAED,CotA,1.7,0.0,FR/SO Intervention Needed
11435,11435,Registered,ARTH,12842,KC,C,D,ART,FD,202280,SO,ARTH 12842,CotA,CotA,1.0,2.0,FR/SO Intervention Needed
11494,11494,Registered,ARTH,12842,KC,C+,C-,ART,ARCS,202280,SO,ARTH 12842,CAED,CotA,1.7,2.3,FR/SO Intervention Needed
11489,11489,Stopped Attending - Failed,ARTH,12842,KC,SF,F,ART,TDTP,202280,FR,ARTH 12842,CotA,CotA,0.0,0.0,FR/SO Intervention Needed
11486,11486,Registered,ARTH,12842,KC,D,D+,ART,FD,202280,FR,ARTH 12842,CotA,CotA,1.3,1.0,FR/SO Intervention Needed
11484,11484,Registered,ARTH,12842,KC,C-,C,ART,FD,202280,FR,ARTH 12842,CotA,CotA,2.0,1.7,FR/SO Intervention Needed
11480,11480,Registered,ARTH,12842,KC,B,C,ART,TDTP,202280,FR,ARTH 12842,CotA,CotA,2.0,3.0,FR/SO Intervention Needed
11509,11509,Registered,ARTH,12842,KC,B,F,ART,FD,202280,SO,ARTH 12842,CotA,CotA,0.0,3.0,FR/SO Intervention Needed
11501,11501,Registered,ARTH,12842,KC,C+,C,ART,FD,202280,SO,ARTH 12842,CotA,CotA,2.0,2.3,FR/SO Intervention Needed
11541,11541,Registered,ARTH,12842,KC,F,F,ART,FM,202280,SO,ARTH 12842,CotA,CotA,0.0,0.0,FR/SO Intervention Needed
67750,67750,Registered,MUS,25988,KC,C-,F,MUS,MUS,202280,SR,MUS 25988,CotA,CotA,0.0,1.7,JR/SR Intervention Needed
67744,67744,Registered,MUS,25988,KC,B-,D+,MUS,MUED,202280,SO,MUS 25988,CotA,CotA,1.3,2.7,FR/SO Intervention Needed
67754,67754,Registered,MUS,25988,KC,B+,D,MUS,MUED,202280,SO,MUS 25988,CotA,CotA,1.0,3.3,FR/SO Intervention Needed
68043,68043,Std Withdrawn,MUS,12716,KC,W,F,MUS,COMM,202280,JR,MUS 12716,CCI,CotA,0.0,0.0,JR/SR Intervention Needed
68076,68076,Registered,MUS,12716,KC,C,D,MUS,DMP,202280,FR,MUS 12716,CCI,CotA,1.0,2.0,FR/SO Intervention Needed
68088,68088,Registered,MUS,12716,KC,C,F,MUS,FD,202280,SR,MUS 12716,CotA,CotA,0.0,2.0,JR/SR Intervention Needed
68097,68097,Registered,MUS,12716,KC,B-,F,MUS,MUT,202280,SR,MUS 12716,CotA,CotA,0.0,2.7,JR/SR Intervention Needed
68111,68111,Std Withdrawn,MUS,12716,KC,W,F,MUS,MUED,202280,SO,MUS 12716,CotA,CotA,0.0,0.0,FR/SO Intervention Needed
68171,68171,Registered,MUS,12716,KC,B+,D,MUS,FM,202280,FR,MUS 12716,CotA,CotA,1.0,3.3,FR/SO Intervention Needed
68190,68190,Registered,MUS,12716,KC,C,C,MUS,THEA,202280,FR,MUS 12716,CotA,CotA,2.0,2.0,FR/SO Intervention Needed
68180,68180,Registered,MUS,12716,KC,C+,D,MUS,FD,202280,FR,MUS 12716,CotA,CotA,1.0,2.3,FR/SO Intervention Needed
68260,68260,Std Withdrawn,MUS,12716,KC,W,D,MUS,MUED,202280,FR,MUS 12716,CotA,CotA,1.0,0.0,FR/SO Intervention Needed
68279,68279,Registered,MUS,12716,KC,C+,C-,MUS,DMP,202280,FR,MUS 12716,CCI,CotA,1.7,2.3,FR/SO Intervention Needed
68274,68274,Registered,MUS,12716,KC,B,C,MUS,MUS,202280,FR,MUS 12716,CotA,CotA,2.0,3.0,FR/SO Intervention Needed
68272,68272,Std Withdrawn,MUS,12716,KC,W,D,MUS,MUED,202280,SO,MUS 12716,CotA,CotA,1.0,0.0,FR/SO Intervention Needed
68292,68292,Registered,MUS,12716,KC,C,F,MUS,COMM,202280,FR,MUS 12716,CCI,CotA,0.0,2.0,FR/SO Intervention Needed
68469,68469,Registered,MUS,12716,KC,F,C,MUS,MUST,202280,FR,MUS 12716,CotA,CotA,2.0,0.0,FR/SO Intervention Needed
62,62,Registered,AED,22860,KC,C-,C-,ARCH,ID,202280,FR,AED 22860,CAED,CAED,1.7,1.7,FR/SO Intervention Needed
61,61,Registered,AED,22860,KC,C,F,ARCH,ID,202280,FR,AED 22860,CAED,CAED,0.0,2.0,FR/SO Intervention Needed
49,49,Registered,AED,22860,KC,B-,C,ARCH,ID,202280,SO,AED 22860,CAED,CAED,2.0,2.7,FR/SO Intervention Needed
43,43,Registered,AED,22860,KC,C,C,ARCH,ID,202280,FR,AED 22860,CAED,CAED,2.0,2.0,FR/SO Intervention Needed
111,111,Std Withdrawn,AED,22860,KC,W,F,ARCH,ID,202310,FR,AED 22860,CAED,CAED,0.0,0.0,FR/SO Intervention Needed
110,110,Std Withdrawn,AED,22860,KC,W,F,ARCH,ID,202310,JR,AED 22860,CAED,CAED,0.0,0.0,JR/SR Intervention Needed
105,105,Registered,AED,22860,KC,C+,D+,ARCH,ID,202310,SO,AED 22860,CAED,CAED,1.3,2.3,FR/SO Intervention Needed
85323,85323,Registered,MDJ,20288,KC,F,C,MDJ,FM,202310,SO,MDJ 20288,CotA,CCI,2.0,0.0,FR/SO Intervention Needed
33499,33499,Stopped Attending - Failed,FDM,12670,KC,SF,F,FDM,FD,202310,FR,FDM 12670,CotA,CotA,0.0,0.0,FR/SO Intervention Needed
33466,33466,Registered,FDM,12670,KC,D+,C,FDM,FM,202310,FR,FDM 12670,CotA,CotA,2.0,1.3,FR/SO Intervention Needed
33490,33490,Registered,FDM,12670,KC,A-,C,FDM,FM,202310,FR,FDM 12670,CotA,CotA,2.0,3.7,FR/SO Intervention Needed
33489,33489,Registered,FDM,12670,KC,,C-,FDM,FD,202310,SO,FDM 12670,CotA,CotA,1.7,,FR/SO Intervention Needed
33475,33475,Registered,FDM,12670,KC,B+,C,FDM,FD,202310,FR,FDM 12670,CotA,CotA,2.0,3.3,FR/SO Intervention Needed
33464,33464,Registered,FDM,12670,KC,B,C,FDM,FM,202310,SO,FDM 12670,CotA,CotA,2.0,3.0,FR/SO Intervention Needed
33461,33461,Stopped Attending - Failed,FDM,12670,KC,SF,F,FDM,FM,202310,FR,FDM 12670,CotA,CotA,0.0,0.0,FR/SO Intervention Needed
33458,33458,Registered,FDM,12670,KC,B-,C-,FDM,FD,202310,FR,FDM 12670,CotA,CotA,1.7,2.7,FR/SO Intervention Needed
33432,33432,Registered,FDM,12670,KC,B-,D+,FDM,FM,202310,FR,FDM 12670,CotA,CotA,1.3,2.7,FR/SO Intervention Needed
33390,33390,Registered,FDM,12670,KC,B,C-,FDM,FM,202310,FR,FDM 12670,CotA,CotA,1.7,3.0,FR/SO Intervention Needed
33412,33412,Registered,FDM,12670,KC,B-,C,FDM,FD,202310,SO,FDM 12670,CotA,CotA,2.0,2.7,FR/SO Intervention Needed
33411,33411,Registered,FDM,12670,KC,B,C,FDM,FD,202310,FR,FDM 12670,CotA,CotA,2.0,3.0,FR/SO Intervention Needed
33410,33410,Std Withdrawn,FDM,12670,KC,W,F,FDM,FD,202310,FR,FDM 12670,CotA,CotA,0.0,0.0,FR/SO Intervention Needed
33369,33369,Registered,FDM,12670,KC,C+,D,FDM,FD,202310,FR,FDM 12670,CotA,CotA,1.0,2.3,FR/SO Intervention Needed
33396,33396,Registered,FDM,12670,KC,D,C-,FDM,FD,202310,FR,FDM 12670,CotA,CotA,1.7,1.0,FR/SO Intervention Needed
33379,33379,Registered,FDM,12670,KC,C-,C,FDM,FM,202310,FR,FDM 12670,CotA,CotA,2.0,1.7,FR/SO Intervention Needed
33377,33377,Registered,FDM,12670,KC,F,F,FDM,FM,202310,FR,FDM 12670,CotA,CotA,0.0,0.0,FR/SO Intervention Needed
33337,33337,Registered,FDM,12670,KC,C-,C-,FDM,FD,202310,SO,FDM 12670,CotA,CotA,1.7,1.7,FR/SO Intervention Needed
84978,84978,Registered,VCD,17656,KC,C,C-,VCD,PHOT,202310,FR,VCD 17656,CCI,CCI,1.7,2.0,FR/SO Intervention Needed
84963,84963,Std Withdrawn,VCD,17656,KC,W,F,VCD,PHOT,202310,SO,VCD 17656,CCI,CCI,0.0,0.0,FR/SO Intervention Needed
807,807,Registered,ARCH,16841,KC,B,C-,ARCH,FM,202310,SO,ARCH 16841,CotA,CAED,1.7,3.0,FR/SO Intervention Needed
11777,11777,Registered,ARTH,12842,KC,B-,C-,ART,FD,202310,SO,ARTH 12842,CotA,CotA,1.7,2.7,FR/SO Intervention Needed
11775,11775,Stopped Attending - Failed,ARTH,12842,KC,SF,D,ART,ARTE,202310,FR,ARTH 12842,CotA,CotA,1.0,0.0,FR/SO Intervention Needed
11773,11773,Registered,ARTH,12842,KC,D,D,ART,JNL,202310,FR,ARTH 12842,CCI,CotA,1.0,1.0,FR/SO Intervention Needed
11800,11800,Registered,ARTH,12842,KC,F,F,ART,FD,202310,FR,ARTH 12842,CotA,CotA,0.0,0.0,FR/SO Intervention Needed
11786,11786,Std Withdrawn,ARTH,12842,KC,W,F,ART,FD,202310,FR,ARTH 12842,CotA,CotA,0.0,0.0,FR/SO Intervention Needed
11781,11781,Registered,ARTH,12842,KC,D,D,ART,SART,202310,FR,ARTH 12842,CotA,CotA,1.0,1.0,FR/SO Intervention Needed
11770,11770,Registered,ARTH,12842,KC,B-,C,ART,FD,202310,FR,ARTH 12842,CotA,CotA,2.0,2.7,FR/SO Intervention Needed
11755,11755,Registered,ARTH,12842,KC,F,F,ART,DMP,202310,SO,ARTH 12842,CCI,CotA,0.0,0.0,FR/SO Intervention Needed
11750,11750,Registered,ARTH,12842,KC,C+,C,ART,FD,202310,SO,ARTH 12842,CotA,CotA,2.0,2.3,FR/SO Intervention Needed
11712,11712,Registered,ARTH,12842,KC,B-,C-,ART,ARTE,202310,FR,ARTH 12842,CotA,CotA,1.7,2.7,FR/SO Intervention Needed
11695,11695,Registered,ARTH,12842,KC,C-,C,ART,FD,202310,FR,ARTH 12842,CotA,CotA,2.0,1.7,FR/SO Intervention Needed
11678,11678,Registered,ARTH,12842,KC,A,F,ART,SART,202310,SO,ARTH 12842,CotA,CotA,0.0,4.0,FR/SO Intervention Needed
11655,11655,Registered,ARTH,12842,KC,,D+,ART,FD,202310,FR,ARTH 12842,CotA,CotA,1.3,,FR/SO Intervention Needed
11654,11654,Registered,ARTH,12842,KC,F,F,ART,FD,202310,FR,ARTH 12842,CotA,CotA,0.0,0.0,FR/SO Intervention Needed
67896,67896,Registered,MUS,28740,KC,D+,F,MUS,MUED,202310,JR,MUS 28740,CotA,CotA,0.0,1.3,JR/SR Intervention Needed
11621,11621,Registered,ARTH,12842,KC,F,F,ART,FM,202310,FR,ARTH 12842,CotA,CotA,0.0,0.0,FR/SO Intervention Needed
11619,11619,Registered,ARTH,12842,KC,B,C-,ART,FD,202310,FR,ARTH 12842,CotA,CotA,1.7,3.0,FR/SO Intervention Needed
67890,67890,Stopped Attending - Failed,MUS,28740,KC,SF,C-,MUS,MUS,202310,SO,MUS 28740,CotA,CotA,1.7,0.0,FR/SO Intervention Needed
11583,11583,Std Withdrawn,ARTH,12842,KC,W,F,ART,FD,202310,JR,ARTH 12842,CotA,CotA,0.0,0.0,JR/SR Intervention Needed
11603,11603,Registered,ARTH,12842,KC,B+,C,ART,FD,202310,FR,ARTH 12842,CotA,CotA,2.0,3.3,FR/SO Intervention Needed
11565,11565,Registered,ARTH,12842,KC,B+,C,ART,SART,202310,SO,ARTH 12842,CotA,CotA,2.0,3.3,FR/SO Intervention Needed
67457,67457,Registered,MUS,20682,KC,D,C,MUS,THEA,202310,FR,MUS 20682,CotA,CotA,2.0,1.0,FR/SO Intervention Needed
67262,67262,Registered,MUS,10469,KC,C,C,MUS,MUS,202310,SO,MUS 10469,CotA,CotA,2.0,2.0,FR/SO Intervention Needed
67261,67261,Std Withdrawn,MUS,10469,KC,W,F,MUS,MUS,202310,SO,MUS 10469,CotA,CotA,0.0,0.0,FR/SO Intervention Needed
67067,67067,Registered,MUS,28860,KC,B,C,MUS,MUED,202310,SO,MUS 28860,CotA,CotA,2.0,3.0,FR/SO Intervention Needed
67065,67065,Std Withdrawn,MUS,28860,KC,W,C,MUS,MUED,202310,SO,MUS 28860,CotA,CotA,2.0,0.0,FR/SO Intervention Needed
68573,68573,Registered,MUS,12716,KC,A,C-,MUS,FM,202310,FR,MUS 12716,CotA,CotA,1.7,4.0,FR/SO Intervention Needed
66816,66816,Registered,MDJ,12683,KC,D,F,MDJ,PR,202310,SO,MDJ 12683,CCI,CCI,0.0,1.0,FR/SO Intervention Needed
66785,66785,Registered,MDJ,12683,KC,B-,D,MDJ,COMM,202310,SO,MDJ 12683,CCI,CCI,1.0,2.7,FR/SO Intervention Needed
66811,66811,Registered,MDJ,12683,KC,F,D,MDJ,COMM,202310,FR,MDJ 12683,CCI,CCI,1.0,0.0,FR/SO Intervention Needed
68646,68646,Registered,MUS,12716,KC,F,F,MUS,FM,202310,SO,MUS 12716,CotA,CotA,0.0,0.0,FR/SO Intervention Needed
68673,68673,Registered,MUS,12716,KC,B,C,MUS,DMP,202310,FR,MUS 12716,CCI,CotA,2.0,3.0,FR/SO Intervention Needed
34999,34999,Registered,FDM,21467,KC,F,F,FDM,FM,202310,SO,FDM 21467,CotA,CotA,0.0,0.0,FR/SO Intervention Needed
66178,66178,Registered,MDJ,25865,KC,C,F,MDJ,JNL,202310,JR,MDJ 25865,CCI,CCI,0.0,2.0,JR/SR Intervention Needed
66173,66173,Registered,MDJ,25865,KC,B,D+,MDJ,JNL,202310,SO,MDJ 25865,CCI,CCI,1.3,3.0,FR/SO Intervention Needed
66200,66200,Stopped Attending - Failed,MDJ,25865,KC,SF,F,MDJ,JNL,202310,SO,MDJ 25865,CCI,CCI,0.0,0.0,FR/SO Intervention Needed
35012,35012,Registered,FDM,21467,KC,F,F,FDM,FD,202310,SR,FDM 21467,CotA,CotA,0.0,0.0,JR/SR Intervention Needed
35011,35011,Registered,FDM,21467,KC,B,D+,FDM,FD,202310,FR,FDM 21467,CotA,CotA,1.3,3.0,FR/SO Intervention Needed
35009,35009,Registered,FDM,21467,KC,B,C,FDM,FM,202310,FR,FDM 21467,CotA,CotA,2.0,3.0,FR/SO Intervention Needed
11014,11014,Registered,ART,20725,KC,F,F,ART,SART,202310,FR,ART 20725,CotA,CotA,0.0,0.0,FR/SO Intervention Needed
35066,35066,Registered,FDM,21467,KC,F,F,FDM,FD,202310,FR,FDM 21467,CotA,CotA,0.0,0.0,FR/SO Intervention Needed
35059,35059,Registered,FDM,21467,KC,F,F,FDM,FM,202310,FR,FDM 21467,CotA,CotA,0.0,0.0,FR/SO Intervention Needed
35083,35083,Registered,FDM,21467,KC,C,D+,FDM,FD,202310,SO,FDM 21467,CotA,CotA,1.3,2.0,FR/SO Intervention Needed
35070,35070,Registered,FDM,21467,KC,F,D,FDM,FM,202310,SO,FDM 21467,CotA,CotA,1.0,0.0,FR/SO Intervention Needed
35093,35093,Registered,FDM,21467,KC,B,C-,FDM,FM,202310,SO,FDM 21467,CotA,CotA,1.7,3.0,FR/SO Intervention Needed
35110,35110,Registered,FDM,21467,KC,F,F,FDM,FD,202310,SO,FDM 21467,CotA,CotA,0.0,0.0,FR/SO Intervention Needed
35106,35106,Registered,FDM,21467,KC,C,F,FDM,FM,202310,SO,FDM 21467,CotA,CotA,0.0,2.0,FR/SO Intervention Needed
35104,35104,Registered,FDM,21467,KC,B,C,FDM,FD,202310,FR,FDM 21467,CotA,CotA,2.0,3.0,FR/SO Intervention Needed
35103,35103,Registered,FDM,21467,KC,B,C,FDM,FD,202310,FR,FDM 21467,CotA,CotA,2.0,3.0,FR/SO Intervention Needed
35129,35129,Std Withdrawn,FDM,21467,KC,W,F,FDM,FM,202310,SO,FDM 21467,CotA,CotA,0.0,0.0,FR/SO Intervention Needed
35144,35144,Registered,FDM,21467,KC,C+,C,FDM,FM,202310,FR,FDM 21467,CotA,CotA,2.0,2.3,FR/SO Intervention Needed
35140,35140,Registered,FDM,21467,KC,C,C,FDM,FD,202310,SO,FDM 21467,CotA,CotA,2.0,2.0,FR/SO Intervention Needed
32607,32607,Registered,EMAT,21440,KC,F,F,EMAT,VCD,202310,FR,EMAT 21440,CCI,CCI,0.0,0.0,FR/SO Intervention Needed
32624,32624,Registered,EMAT,21440,KC,F,D+,EMAT,DMP,202310,SO,EMAT 21440,CCI,CCI,1.3,0.0,FR/SO Intervention Needed
32619,32619,Registered,EMAT,21440,KC,A,F,EMAT,EMAT,202310,SO,EMAT 21440,CCI,CCI,0.0,4.0,FR/SO Intervention Needed
32618,32618,Registered,EMAT,21440,KC,B,C,EMAT,EMAT,202310,SO,EMAT 21440,CCI,CCI,2.0,3.0,FR/SO Intervention Needed
65347,65347,Registered,MDJ,28984,KC,C,C-,MDJ,PR,202310,SO,MDJ 28984,CCI,CCI,1.7,2.0,FR/SO Intervention Needed
32630,32630,Std Withdrawn,EMAT,21440,KC,W,F,EMAT,VCD,202310,JR,EMAT 21440,CCI,CCI,0.0,0.0,JR/SR Intervention Needed
68686,68686,Registered,MUS,12716,KC,A,C,MUS,COMM,202310,SO,MUS 12716,CCI,CotA,2.0,4.0,FR/SO Intervention Needed
65300,65300,Registered,MDJ,28984,KC,A,C,MDJ,JNL,202310,SO,MDJ 28984,CCI,CCI,2.0,4.0,FR/SO Intervention Needed
10993,10993,Registered,ART,20725,KC,B-,C-,ART,ARTE,202310,SO,ART 20725,CotA,CotA,1.7,2.7,FR/SO Intervention Needed
68708,68708,Registered,MUS,12716,KC,B,F,MUS,FD,202310,FR,MUS 12716,CotA,CotA,0.0,3.0,FR/SO Intervention Needed
68754,68754,Registered,MUS,12716,KC,F,F,MUS,DNST,202310,SO,MUS 12716,CotA,CotA,0.0,0.0,FR/SO Intervention Needed
68883,68883,Registered,MUS,12716,KC,A-,D,MUS,DMP,202310,SO,MUS 12716,CCI,CotA,1.0,3.7,FR/SO Intervention Needed
32615,32615,Stopped Attending - Failed,EMAT,21440,KC,SF,F,EMAT,COMM,202310,FR,EMAT 21440,CCI,CCI,0.0,0.0,FR/SO Intervention Needed
32614,32614,Registered,EMAT,21440,KC,B-,C,EMAT,JNL,202310,FR,EMAT 21440,CCI,CCI,2.0,2.7,FR/SO Intervention Needed
32596,32596,Registered,EMAT,21440,KC,F,F,EMAT,PR,202310,SO,EMAT 21440,CCI,CCI,0.0,0.0,FR/SO Intervention Needed
13937,13937,Registered,ARTH,17400,KC,C-,C,ART,ARCS,202310,SO,ARTH 17400,CAED,CotA,2.0,1.7,FR/SO Intervention Needed
13959,13959,Registered,ARTH,17400,KC,C+,D,ART,FD,202310,SO,ARTH 17400,CotA,CotA,1.0,2.3,FR/SO Intervention Needed
13978,13978,Registered,ARTH,17400,KC,C+,C-,ART,FD,202310,SO,ARTH 17400,CotA,CotA,1.7,2.3,FR/SO Intervention Needed
14055,14055,Registered,ARTH,17400,KC,F,C,ART,ARTE,202310,FR,ARTH 17400,CotA,CotA,2.0,0.0,FR/SO Intervention Needed
14072,14072,Registered,ARTH,17400,KC,B-,D+,ART,FD,202310,SO,ARTH 17400,CotA,CotA,1.3,2.7,FR/SO Intervention Needed
14088,14088,Registered,ARTH,17400,KC,C,F,ART,FD,202310,JR,ARTH 17400,CotA,CotA,0.0,2.0,JR/SR Intervention Needed
14083,14083,Registered,ARTH,17400,KC,B-,F,ART,ID,202310,FR,ARTH 17400,CAED,CotA,0.0,2.7,FR/SO Intervention Needed
14107,14107,Registered,ARTH,17400,KC,B-,F,ART,FD,202310,SR,ARTH 17400,CotA,CotA,0.0,2.7,JR/SR Intervention Needed
14102,14102,Registered,ARTH,17400,KC,C,F,ART,ID,202310,SR,ARTH 17400,CAED,CotA,0.0,2.0,JR/SR Intervention Needed
14114,14114,Registered,ARTH,17400,KC,C-,D,ART,ARTH,202310,FR,ARTH 17400,CotA,CotA,1.0,1.7,FR/SO Intervention Needed
14080,14080,Registered,ARTH,17400,KC,B,C,ART,FD,202310,FR,ARTH 17400,CotA,CotA,2.0,3.0,FR/SO Intervention Needed
14134,14134,Registered,ARTH,17400,KC,F,F,ART,ID,202310,FR,ARTH 17400,CAED,CotA,0.0,0.0,FR/SO Intervention Needed
14150,14150,Registered,ARTH,17400,KC,B-,C,ART,FD,202310,FR,ARTH 17400,CotA,CotA,2.0,2.7,FR/SO Intervention Needed
14171,14171,Registered,ARTH,17400,KC,C,C-,ART,TDTP,202310,FR,ARTH 17400,CotA,CotA,1.7,2.0,FR/SO Intervention Needed
14159,14159,Std Withdrawn,ARTH,17400,KC,W,F,ART,FD,202310,SO,ARTH 17400,CotA,CotA,0.0,0.0,FR/SO Intervention Needed
14144,14144,Registered,ARTH,17400,KC,F,F,ART,ID,202310,FR,ARTH 17400,CAED,CotA,0.0,0.0,FR/SO Intervention Needed
36634,36634,Registered,FDM,20725,KC,B-,C,FDM,FM,202310,SO,FDM 20725,CotA,CotA,2.0,2.7,FR/SO Intervention Needed
36585,36585,Registered,FDM,20725,KC,C,D,FDM,FM,202310,SO,FDM 20725,CotA,CotA,1.0,2.0,FR/SO Intervention Needed
36650,36650,Registered,FDM,20725,KC,C+,D+,FDM,FM,202310,FR,FDM 20725,CotA,CotA,1.3,2.3,FR/SO Intervention Needed
36664,36664,Registered,FDM,20725,KC,B,C,FDM,FD,202310,FR,FDM 20725,CotA,CotA,2.0,3.0,FR/SO Intervention Needed
36595,36595,Registered,FDM,20725,KC,A-,F,FDM,FM,202310,SO,FDM 20725,CotA,CotA,0.0,3.7,FR/SO Intervention Needed
36591,36591,Registered,FDM,20725,KC,A,F,FDM,FD,202310,FR,FDM 20725,CotA,CotA,0.0,4.0,FR/SO Intervention Needed
36647,36647,Registered,FDM,20725,KC,B-,C,FDM,FD,202310,FR,FDM 20725,CotA,CotA,2.0,2.7,FR/SO Intervention Needed
36683,36683,Registered,FDM,20725,KC,B-,F,FDM,FD,202310,JR,FDM 20725,CotA,CotA,0.0,2.7,JR/SR Intervention Needed
36700,36700,Registered,FDM,20725,KC,C,C,FDM,FD,202310,FR,FDM 20725,CotA,CotA,2.0,2.0,FR/SO Intervention Needed
36687,36687,Stopped Attending - Failed,FDM,20725,KC,SF,SF,FDM,FD,202310,JR,FDM 20725,CotA,CotA,0.0,0.0,JR/SR Intervention Needed
36686,36686,Registered,FDM,20725,KC,B-,F,FDM,FM,202310,FR,FDM 20725,CotA,CotA,0.0,2.7,FR/SO Intervention Needed
36711,36711,Std Withdrawn,FDM,20725,KC,W,F,FDM,FD,202310,FR,FDM 20725,CotA,CotA,0.0,0.0,FR/SO Intervention Needed
36672,36672,Registered,FDM,20725,KC,A,D,FDM,FD,202310,FR,FDM 20725,CotA,CotA,1.0,4.0,FR/SO Intervention Needed
36718,36718,Registered,FDM,20725,KC,B,D+,FDM,FD,202310,FR,FDM 20725,CotA,CotA,1.3,3.0,FR/SO Intervention Needed
36708,36708,Std Withdrawn,FDM,20725,KC,W,C,FDM,FM,202310,FR,FDM 20725,CotA,CotA,2.0,0.0,FR/SO Intervention Needed
36706,36706,Registered,FDM,20725,KC,C,F,FDM,FD,202310,FR,FDM 20725,CotA,CotA,0.0,2.0,FR/SO Intervention Needed
36702,36702,Registered,FDM,20725,KC,B+,D,FDM,FD,202310,SO,FDM 20725,CotA,CotA,1.0,3.3,FR/SO Intervention Needed
10580,10580,Std Withdrawn,ART,21467,KC,W,D,ART,ARTE,202310,FR,ART 21467,CotA,CotA,1.0,0.0,FR/SO Intervention Needed
31375,31375,Registered,EMAT,19538,KC,D,F,EMAT,JNL,202310,JR,EMAT 19538,CCI,CCI,0.0,1.0,JR/SR Intervention Needed
31356,31356,Registered,EMAT,19538,KC,C+,D+,EMAT,PR,202310,FR,EMAT 19538,CCI,CCI,1.3,2.3,FR/SO Intervention Needed
31395,31395,Registered,EMAT,19538,KC,C,C,EMAT,JNL,202310,SO,EMAT 19538,CCI,CCI,2.0,2.0,FR/SO Intervention Needed
31393,31393,Std Withdrawn,EMAT,19538,KC,W,F,EMAT,EMAT,202310,SO,EMAT 19538,CCI,CCI,0.0,0.0,FR/SO Intervention Needed
31359,31359,Std Withdrawn,EMAT,19538,KC,W,D,EMAT,COMM,202310,SO,EMAT 19538,CCI,CCI,1.0,0.0,FR/SO Intervention Needed
10563,10563,Registered,ART,21467,KC,B-,C-,ART,SART,202310,SO,ART 21467,CotA,CotA,1.7,2.7,FR/SO Intervention Needed
65120,65120,Registered,MDJ,25459,KC,A-,C,MDJ,DMP,202310,SO,MDJ 25459,CCI,CCI,2.0,3.7,FR/SO Intervention Needed
10565,10565,Registered,ART,21467,KC,F,F,ART,SART,202310,FR,ART 21467,CotA,CotA,0.0,0.0,FR/SO Intervention Needed
10564,10564,Registered,ART,21467,KC,C+,D,ART,SART,202310,SO,ART 21467,CotA,CotA,1.0,2.3,FR/SO Intervention Needed
65103,65103,Registered,MDJ,25459,KC,F,F,MDJ,DMP,202310,JR,MDJ 25459,CCI,CCI,0.0,0.0,JR/SR Intervention Needed
31321,31321,Registered,EMAT,19538,KC,D+,F,EMAT,JNL,202310,FR,EMAT 19538,CCI,CCI,0.0,1.3,FR/SO Intervention Needed
64815,64815,Registered,MDJ,22796,KC,C,C-,MDJ,DMP,202310,SO,MDJ 22796,CCI,CCI,1.7,2.0,FR/SO Intervention Needed
10549,10549,Registered,ART,21467,KC,F,F,ART,ARTE,202310,FR,ART 21467,CotA,CotA,0.0,0.0,FR/SO Intervention Needed
31325,31325,Registered,EMAT,19538,KC,C,D,EMAT,DMP,202310,SO,EMAT 19538,CCI,CCI,1.0,2.0,FR/SO Intervention Needed
64802,64802,Registered,MDJ,22796,KC,B+,C,MDJ,DMP,202310,SO,MDJ 22796,CCI,CCI,2.0,3.3,FR/SO Intervention Needed
64797,64797,Registered,MDJ,22796,KC,C,C-,MDJ,DMP,202310,SO,MDJ 22796,CCI,CCI,1.7,2.0,FR/SO Intervention Needed
64784,64784,Registered,MDJ,22796,KC,D,D+,MDJ,DMP,202310,SO,MDJ 22796,CCI,CCI,1.3,1.0,FR/SO Intervention Needed
31329,31329,Registered,EMAT,19538,KC,C,D,EMAT,PR,202310,FR,EMAT 19538,CCI,CCI,1.0,2.0,FR/SO Intervention Needed
64794,64794,Registered,MDJ,22796,KC,A,F,MDJ,DMP,202310,SO,MDJ 22796,CCI,CCI,0.0,4.0,FR/SO Intervention Needed
31334,31334,Registered,EMAT,19538,KC,A-,F,EMAT,VCD,202310,SO,EMAT 19538,CCI,CCI,0.0,3.7,FR/SO Intervention Needed
10510,10510,Registered,ART,21467,KC,F,F,ART,ARTE,202310,FR,ART 21467,CotA,CotA,0.0,0.0,FR/SO Intervention Needed
10529,10529,Registered,ART,21467,KC,F,F,ART,SART,202310,FR,ART 21467,CotA,CotA,0.0,0.0,FR/SO Intervention Needed
68978,68978,Registered,MUS,12716,KC,B,D+,MUS,FM,202310,SO,MUS 12716,CotA,CotA,1.3,3.0,FR/SO Intervention Needed
64790,64790,Registered,MDJ,22796,KC,A,F,MDJ,DMP,202310,SO,MDJ 22796,CCI,CCI,0.0,4.0,FR/SO Intervention Needed
10516,10516,Registered,ART,21467,KC,B-,C-,ART,SART,202310,FR,ART 21467,CotA,CotA,1.7,2.7,FR/SO Intervention Needed
31277,31277,Registered,EMAT,19538,KC,D,F,EMAT,COMM,202310,JR,EMAT 19538,CCI,CCI,0.0,1.0,JR/SR Intervention Needed
31260,31260,Registered,EMAT,19538,KC,C-,F,EMAT,COMM,202310,SO,EMAT 19538,CCI,CCI,0.0,1.7,FR/SO Intervention Needed
31316,31316,Registered,EMAT,19538,KC,C-,C,EMAT,COMM,202310,SO,EMAT 19538,CCI,CCI,2.0,1.7,FR/SO Intervention Needed
31315,31315,Registered,EMAT,19538,KC,C+,C,EMAT,FM,202310,SO,EMAT 19538,CotA,CCI,2.0,2.3,FR/SO Intervention Needed
31314,31314,Registered,EMAT,19538,KC,F,F,EMAT,DMP,202310,FR,EMAT 19538,CCI,CCI,0.0,0.0,FR/SO Intervention Needed
31301,31301,Registered,EMAT,19538,KC,C+,F,EMAT,COMM,202310,FR,EMAT 19538,CCI,CCI,0.0,2.3,FR/SO Intervention Needed
31249,31249,Registered,EMAT,19538,KC,D,F,EMAT,COMM,202310,JR,EMAT 19538,CCI,CCI,0.0,1.0,JR/SR Intervention Needed
31269,31269,Registered,EMAT,19538,KC,F,D+,EMAT,JNL,202310,FR,EMAT 19538,CCI,CCI,1.3,0.0,FR/SO Intervention Needed
31268,31268,Registered,EMAT,19538,KC,B-,D,EMAT,FM,202310,SO,EMAT 19538,CotA,CCI,1.0,2.7,FR/SO Intervention Needed
84610,84610,Registered,VCD,13182,KC,B-,C,VCD,VCD,202310,SO,VCD 13182,CCI,CCI,2.0,2.7,FR/SO Intervention Needed
64265,64265,Registered,MDJ,20627,KC,D,D,MDJ,DMP,202310,SO,MDJ 20627,CCI,CCI,1.0,1.0,FR/SO Intervention Needed
64258,64258,Registered,MDJ,20627,KC,B,F,MDJ,DMP,202310,FR,MDJ 20627,CCI,CCI,0.0,3.0,FR/SO Intervention Needed
64221,64221,Registered,MDJ,20627,KC,A-,C-,MDJ,DMP,202310,FR,MDJ 20627,CCI,CCI,1.7,3.7,FR/SO Intervention Needed
64243,64243,Registered,MDJ,20627,KC,D,D,MDJ,DMP,202310,SO,MDJ 20627,CCI,CCI,1.0,1.0,FR/SO Intervention Needed
38094,38094,Std Withdrawn,FDM,14111,KC,W,F,FDM,FD,202310,FR,FDM 14111,CotA,CotA,0.0,0.0,FR/SO Intervention Needed
64217,64217,Stopped Attending - Failed,MDJ,20627,KC,SF,D,MDJ,DMP,202310,FR,MDJ 20627,CCI,CCI,1.0,0.0,FR/SO Intervention Needed
38131,38131,Std Withdrawn,FDM,14111,KC,W,F,FDM,FD,202310,FR,FDM 14111,CotA,CotA,0.0,0.0,FR/SO Intervention Needed
38128,38128,Registered,FDM,14111,KC,F,F,FDM,FD,202310,SO,FDM 14111,CotA,CotA,0.0,0.0,FR/SO Intervention Needed
64197,64197,Registered,MDJ,20627,KC,D+,C-,MDJ,DMP,202310,FR,MDJ 20627,CCI,CCI,1.7,1.3,FR/SO Intervention Needed
38120,38120,Registered,FDM,14111,KC,C,F,FDM,FD,202310,SO,FDM 14111,CotA,CotA,0.0,2.0,FR/SO Intervention Needed
38145,38145,Registered,FDM,14111,KC,C,C-,FDM,FD,202310,FR,FDM 14111,CotA,CotA,1.7,2.0,FR/SO Intervention Needed
38144,38144,Registered,FDM,14111,KC,F,D,FDM,FD,202310,SO,FDM 14111,CotA,CotA,1.0,0.0,FR/SO Intervention Needed
64044,64044,Registered,MDJ,12063,KC,F,F,MDJ,ADV,202310,JR,MDJ 12063,CCI,CCI,0.0,0.0,JR/SR Intervention Needed
38158,38158,Registered,FDM,14111,KC,A,C,FDM,FD,202310,SO,FDM 14111,CotA,CotA,2.0,4.0,FR/SO Intervention Needed
38153,38153,Stopped Attending - Failed,FDM,14111,KC,SF,C-,FDM,FD,202310,FR,FDM 14111,CotA,CotA,1.7,0.0,FR/SO Intervention Needed
38172,38172,Registered,FDM,14111,KC,C-,C,FDM,FD,202310,FR,FDM 14111,CotA,CotA,2.0,1.7,FR/SO Intervention Needed
63858,63858,Std Withdrawn,MDJ,17554,KC,W,F,MDJ,ADV,202310,SO,MDJ 17554,CCI,CCI,0.0,0.0,FR/SO Intervention Needed
63857,63857,Registered,MDJ,17554,KC,,C,MDJ,VCD,202310,FR,MDJ 17554,CCI,CCI,2.0,,FR/SO Intervention Needed
84589,84589,Registered,VCD,13182,KC,F,F,VCD,VCD,202310,FR,VCD 13182,CCI,CCI,0.0,0.0,FR/SO Intervention Needed
38198,38198,Registered,FDM,14111,KC,B-,D+,FDM,FD,202310,FR,FDM 14111,CotA,CotA,1.3,2.7,FR/SO Intervention Needed
84585,84585,Registered,VCD,13182,KC,C,F,VCD,VCD,202310,FR,VCD 13182,CCI,CCI,0.0,2.0,FR/SO Intervention Needed
38179,38179,Registered,FDM,14111,KC,C,F,FDM,FD,202310,SO,FDM 14111,CotA,CotA,0.0,2.0,FR/SO Intervention Needed
38178,38178,Registered,FDM,14111,KC,C+,C,FDM,FD,202310,SO,FDM 14111,CotA,CotA,2.0,2.3,FR/SO Intervention Needed
63849,63849,Registered,MDJ,17554,KC,C,C,MDJ,ADV,202310,SO,MDJ 17554,CCI,CCI,2.0,2.0,FR/SO Intervention Needed
38204,38204,Registered,FDM,14111,KC,F,F,FDM,FD,202310,FR,FDM 14111,CotA,CotA,0.0,0.0,FR/SO Intervention Needed
38200,38200,Stopped Attending - Failed,FDM,14111,KC,SF,SF,FDM,FD,202310,FR,FDM 14111,CotA,CotA,0.0,0.0,FR/SO Intervention Needed
30784,30784,Registered,DAN,27345,KC,F,F,THDN,DNST,202310,FR,DAN 27345,CotA,CotA,0.0,0.0,FR/SO Intervention Needed
38221,38221,Registered,FDM,14111,KC,A,C,FDM,FD,202310,SO,FDM 14111,CotA,CotA,2.0,4.0,FR/SO Intervention Needed
38219,38219,Registered,FDM,14111,KC,C-,C,FDM,FD,202310,FR,FDM 14111,CotA,CotA,2.0,1.7,FR/SO Intervention Needed
38223,38223,Registered,FDM,14111,KC,F,D,FDM,FD,202310,SO,FDM 14111,CotA,CotA,1.0,0.0,FR/SO Intervention Needed
63267,63267,Registered,MDJ,13358,KC,B,C,MDJ,DMP,202310,SO,MDJ 13358,CCI,CCI,2.0,3.0,FR/SO Intervention Needed
38247,38247,Registered,FDM,14111,KC,C+,D+,FDM,FD,202310,FR,FDM 14111,CotA,CotA,1.3,2.3,FR/SO Intervention Needed
84545,84545,Stopped Attending - Failed,VCD,13182,KC,SF,SF,VCD,VCD,202310,FR,VCD 13182,CCI,CCI,0.0,0.0,FR/SO Intervention Needed
63306,63306,Registered,MDJ,13358,KC,C,C,MDJ,DMP,202310,SO,MDJ 13358,CCI,CCI,2.0,2.0,FR/SO Intervention Needed
63305,63305,Registered,MDJ,13358,KC,C-,C-,MDJ,DMP,202310,FR,MDJ 13358,CCI,CCI,1.7,1.7,FR/SO Intervention Needed
63282,63282,Registered,MDJ,13358,KC,D,F,MDJ,DMP,202310,SO,MDJ 13358,CCI,CCI,0.0,1.0,FR/SO Intervention Needed
84561,84561,Registered,VCD,13182,KC,C,F,VCD,VCD,202310,JR,VCD 13182,CCI,CCI,0.0,2.0,JR/SR Intervention Needed
63245,63245,Registered,MDJ,13358,KC,F,D+,MDJ,DMP,202310,SO,MDJ 13358,CCI,CCI,1.3,0.0,FR/SO Intervention Needed
63225,63225,Registered,MDJ,13358,KC,B+,D,MDJ,DMP,202310,FR,MDJ 13358,CCI,CCI,1.0,3.3,FR/SO Intervention Needed
63222,63222,Registered,MDJ,13358,KC,D,F,MDJ,DMP,202310,SR,MDJ 13358,CCI,CCI,0.0,1.0,JR/SR Intervention Needed
63220,63220,Registered,MDJ,13358,KC,C,D,MDJ,DMP,202310,FR,MDJ 13358,CCI,CCI,1.0,2.0,FR/SO Intervention Needed
63233,63233,Std Withdrawn,MDJ,13358,KC,W,C,MDJ,DMP,202310,FR,MDJ 13358,CCI,CCI,2.0,0.0,FR/SO Intervention Needed
63258,63258,Registered,MDJ,13358,KC,F,F,MDJ,DMP,202310,FR,MDJ 13358,CCI,CCI,0.0,0.0,FR/SO Intervention Needed
38241,38241,Registered,FDM,14111,KC,D,F,FDM,FM,202310,JR,FDM 14111,CotA,CotA,0.0,1.0,JR/SR Intervention Needed
84554,84554,Registered,VCD,13182,KC,C,C-,VCD,VCD,202310,FR,VCD 13182,CCI,CCI,1.7,2.0,FR/SO Intervention Needed
38259,38259,Stopped Attending - Failed,FDM,14111,KC,SF,F,FDM,FD,202310,FR,FDM 14111,CotA,CotA,0.0,0.0,FR/SO Intervention Needed
38278,38278,Registered,FDM,14111,KC,F,F,FDM,FD,202310,FR,FDM 14111,CotA,CotA,0.0,0.0,FR/SO Intervention Needed
38280,38280,Registered,FDM,14111,KC,C-,C,FDM,FD,202310,SO,FDM 14111,CotA,CotA,2.0,1.7,FR/SO Intervention Needed
38309,38309,Stopped Attending - Failed,FDM,14111,KC,SF,F,FDM,FM,202310,FR,FDM 14111,CotA,CotA,0.0,0.0,FR/SO Intervention Needed
38270,38270,Stopped Attending - Failed,FDM,14111,KC,SF,SF,FDM,FD,202310,SO,FDM 14111,CotA,CotA,0.0,0.0,FR/SO Intervention Needed
38287,38287,Registered,FDM,14111,KC,B-,F,FDM,FD,202310,FR,FDM 14111,CotA,CotA,0.0,2.7,FR/SO Intervention Needed
62863,62863,Registered,MDJ,28436,KC,F,F,MDJ,PR,202310,JR,MDJ 28436,CCI,CCI,0.0,0.0,JR/SR Intervention Needed
62888,62888,Registered,MDJ,28436,KC,A-,C-,MDJ,ADV,202310,SO,MDJ 28436,CCI,CCI,1.7,3.7,FR/SO Intervention Needed
62873,62873,Registered,MDJ,28436,KC,C,D,MDJ,COMM,202310,SO,MDJ 28436,CCI,CCI,1.0,2.0,FR/SO Intervention Needed
62865,62865,Registered,MDJ,28436,KC,F,F,MDJ,PR,202310,SR,MDJ 28436,CCI,CCI,0.0,0.0,JR/SR Intervention Needed
30212,30212,Registered,COMM,17213,KC,F,F,COMM,COMM,202310,SR,COMM 17213,CCI,CCI,0.0,0.0,JR/SR Intervention Needed
30180,30180,Registered,COMM,17213,KC,B-,C-,COMM,COMM,202310,SO,COMM 17213,CCI,CCI,1.7,2.7,FR/SO Intervention Needed
62666,62666,Registered,MDJ,11788,KC,C-,F,MDJ,ADV,202310,SO,MDJ 11788,CCI,CCI,0.0,1.7,FR/SO Intervention Needed
62663,62663,Registered,MDJ,11788,KC,F,F,MDJ,DMP,202310,JR,MDJ 11788,CCI,CCI,0.0,0.0,JR/SR Intervention Needed
30132,30132,Registered,COMM,17213,KC,B,D,COMM,ADV,202310,SO,COMM 17213,CCI,CCI,1.0,3.0,FR/SO Intervention Needed
30162,30162,Registered,COMM,17213,KC,C,F,COMM,COMM,202310,JR,COMM 17213,CCI,CCI,0.0,2.0,JR/SR Intervention Needed
30160,30160,Std Withdrawn,COMM,17213,KC,W,F,COMM,JNL,202310,JR,COMM 17213,CCI,CCI,0.0,0.0,JR/SR Intervention Needed
84017,84017,Registered,VCD,18839,KC,C-,D,VCD,VCD,202310,SO,VCD 18839,CCI,CCI,1.0,1.7,FR/SO Intervention Needed
30156,30156,Registered,COMM,17213,KC,C-,D,COMM,PR,202310,SO,COMM 17213,CCI,CCI,1.0,1.7,FR/SO Intervention Needed
84002,84002,Registered,VCD,18839,KC,D,D+,VCD,VCD,202310,SO,VCD 18839,CCI,CCI,1.3,1.0,FR/SO Intervention Needed
30141,30141,Registered,COMM,17213,KC,F,F,COMM,EMAT,202310,JR,COMM 17213,CCI,CCI,0.0,0.0,JR/SR Intervention Needed
83998,83998,Registered,VCD,18839,KC,D,C-,VCD,PHOT,202310,SO,VCD 18839,CCI,CCI,1.7,1.0,FR/SO Intervention Needed
83988,83988,Registered,VCD,18839,KC,B,C,VCD,VCD,202310,FR,VCD 18839,CCI,CCI,2.0,3.0,FR/SO Intervention Needed
83971,83971,Registered,VCD,18839,KC,F,F,VCD,VCD,202310,FR,VCD 18839,CCI,CCI,0.0,0.0,FR/SO Intervention Needed
83965,83965,Registered,VCD,18839,KC,D,C-,VCD,VCD,202310,SO,VCD 18839,CCI,CCI,1.7,1.0,FR/SO Intervention Needed
83993,83993,Registered,VCD,18839,KC,B-,F,VCD,VCD,202310,JR,VCD 18839,CCI,CCI,0.0,2.7,JR/SR Intervention Needed
83957,83957,Registered,VCD,18839,KC,C,C,VCD,VCD,202310,SO,VCD 18839,CCI,CCI,2.0,2.0,FR/SO Intervention Needed
83956,83956,Registered,VCD,18839,KC,B,F,VCD,VCD,202310,FR,VCD 18839,CCI,CCI,0.0,3.0,FR/SO Intervention Needed
83953,83953,Registered,VCD,18839,KC,B,C,VCD,VCD,202310,FR,VCD 18839,CCI,CCI,2.0,3.0,FR/SO Intervention Needed
83935,83935,Registered,VCD,18839,KC,C,F,VCD,VCD,202310,FR,VCD 18839,CCI,CCI,0.0,2.0,FR/SO Intervention Needed
83961,83961,Registered,VCD,18839,KC,C,C,VCD,VCD,202310,SO,VCD 18839,CCI,CCI,2.0,2.0,FR/SO Intervention Needed
83923,83923,Stopped Attending - Failed,VCD,18839,KC,SF,F,VCD,VCD,202310,SR,VCD 18839,CCI,CCI,0.0,0.0,JR/SR Intervention Needed
83918,83918,Registered,VCD,18839,KC,F,F,VCD,VCD,202310,SO,VCD 18839,CCI,CCI,0.0,0.0,FR/SO Intervention Needed
83946,83946,Registered,VCD,18839,KC,B-,C-,VCD,PHOT,202310,FR,VCD 18839,CCI,CCI,1.7,2.7,FR/SO Intervention Needed
83912,83912,Registered,VCD,18839,KC,A-,C,VCD,VCD,202310,SO,VCD 18839,CCI,CCI,2.0,3.7,FR/SO Intervention Needed
83910,83910,Registered,VCD,18839,KC,B+,C-,VCD,PHOT,202310,FR,VCD 18839,CCI,CCI,1.7,3.3,FR/SO Intervention Needed
83909,83909,Registered,VCD,18839,KC,A,C,VCD,VCD,202310,SO,VCD 18839,CCI,CCI,2.0,4.0,FR/SO Intervention Needed
83929,83929,Registered,VCD,18839,KC,B,F,VCD,VCD,202310,FR,VCD 18839,CCI,CCI,0.0,3.0,FR/SO Intervention Needed
83111,83111,Registered,VCD,24327,KC,C,C,VCD,VCD,202310,SO,VCD 24327,CCI,CCI,2.0,2.0,FR/SO Intervention Needed
83069,83069,Registered,VCD,24327,KC,F,F,VCD,VCD,202310,JR,VCD 24327,CCI,CCI,0.0,0.0,JR/SR Intervention Needed
83059,83059,Registered,VCD,24327,KC,B,C,VCD,VCD,202310,FR,VCD 24327,CCI,CCI,2.0,3.0,FR/SO Intervention Needed
83081,83081,Registered,VCD,24327,KC,B-,D,VCD,VCD,202310,FR,VCD 24327,CCI,CCI,1.0,2.7,FR/SO Intervention Needed
83071,83071,Registered,VCD,24327,KC,F,D,VCD,VCD,202310,SO,VCD 24327,CCI,CCI,1.0,0.0,FR/SO Intervention Needed
39637,39637,Registered,FDM,24923,KC,B-,F,FDM,FD,202310,SO,FDM 24923,CotA,CotA,0.0,2.7,FR/SO Intervention Needed
39672,39672,Std Withdrawn,FDM,24923,KC,W,SF,FDM,FD,202310,FR,FDM 24923,CotA,CotA,0.0,0.0,FR/SO Intervention Needed
39689,39689,Registered,FDM,24923,KC,F,C,FDM,FD,202310,FR,FDM 24923,CotA,CotA,2.0,0.0,FR/SO Intervention Needed
39688,39688,Registered,FDM,24923,KC,C,F,FDM,FD,202310,JR,FDM 24923,CotA,CotA,0.0,2.0,JR/SR Intervention Needed
39684,39684,Registered,FDM,24923,KC,D+,D,FDM,FD,202310,SO,FDM 24923,CotA,CotA,1.0,1.3,FR/SO Intervention Needed
39707,39707,Registered,FDM,24923,KC,C-,C,FDM,FD,202310,SO,FDM 24923,CotA,CotA,2.0,1.7,FR/SO Intervention Needed
39705,39705,Registered,FDM,24923,KC,B,F,FDM,VCD,202310,SO,FDM 24923,CCI,CotA,0.0,3.0,FR/SO Intervention Needed
39704,39704,Registered,FDM,24923,KC,B,C,FDM,FD,202310,FR,FDM 24923,CotA,CotA,2.0,3.0,FR/SO Intervention Needed
39670,39670,Registered,FDM,24923,KC,B+,F,FDM,FM,202310,SO,FDM 24923,CotA,CotA,0.0,3.3,FR/SO Intervention Needed
39722,39722,Registered,FDM,24923,KC,A-,C,FDM,FD,202310,FR,FDM 24923,CotA,CotA,2.0,3.7,FR/SO Intervention Needed
39738,39738,Registered,FDM,24923,KC,C+,C-,FDM,FD,202310,FR,FDM 24923,CotA,CotA,1.7,2.3,FR/SO Intervention Needed
39731,39731,Registered,FDM,24923,KC,C,F,FDM,FD,202310,FR,FDM 24923,CotA,CotA,0.0,2.0,FR/SO Intervention Needed
39727,39727,Registered,FDM,24923,KC,F,F,FDM,FD,202310,SO,FDM 24923,CotA,CotA,0.0,0.0,FR/SO Intervention Needed
39726,39726,Registered,FDM,24923,KC,C+,F,FDM,FM,202310,SO,FDM 24923,CotA,CotA,0.0,2.3,FR/SO Intervention Needed
39724,39724,Registered,FDM,24923,KC,B-,F,FDM,FD,202310,FR,FDM 24923,CotA,CotA,0.0,2.7,FR/SO Intervention Needed
39747,39747,Registered,FDM,24923,KC,A,C,FDM,FD,202310,FR,FDM 24923,CotA,CotA,2.0,4.0,FR/SO Intervention Needed
39744,39744,Registered,FDM,24923,KC,A,F,FDM,FD,202310,SO,FDM 24923,CotA,CotA,0.0,4.0,FR/SO Intervention Needed
39771,39771,Registered,FDM,24923,KC,D,C,FDM,FD,202310,FR,FDM 24923,CotA,CotA,2.0,1.0,FR/SO Intervention Needed
39759,39759,Admin Dropped,FDM,24923,KC,DR,F,FDM,FD,202310,FR,FDM 24923,CotA,CotA,0.0,NaN,FR/SO Intervention Needed
39756,39756,Registered,FDM,24923,KC,F,F,FDM,FD,202310,FR,FDM 24923,CotA,CotA,0.0,0.0,FR/SO Intervention Needed
39780,39780,Registered,FDM,24923,KC,C-,D,FDM,FD,202310,SO,FDM 24923,CotA,CotA,1.0,1.7,FR/SO Intervention Needed
39779,39779,Std Withdrawn,FDM,24923,KC,W,F,FDM,FD,202310,JR,FDM 24923,CotA,CotA,0.0,0.0,JR/SR Intervention Needed
39765,39765,Registered,FDM,24923,KC,C,D,FDM,FD,202310,FR,FDM 24923,CotA,CotA,1.0,2.0,FR/SO Intervention Needed
39794,39794,Registered,FDM,24923,KC,C,C,FDM,FD,202310,FR,FDM 24923,CotA,CotA,2.0,2.0,FR/SO Intervention Needed
39757,39757,Registered,FDM,24923,KC,F,C,FDM,FD,202310,FR,FDM 24923,CotA,CotA,2.0,0.0,FR/SO Intervention Needed
39817,39817,Registered,FDM,24923,KC,B-,C,FDM,FM,202310,SO,FDM 24923,CotA,CotA,2.0,2.7,FR/SO Intervention Needed
39827,39827,Registered,FDM,24923,KC,D,F,FDM,FD,202310,FR,FDM 24923,CotA,CotA,0.0,1.0,FR/SO Intervention Needed
39824,39824,Registered,FDM,24923,KC,F,D+,FDM,FD,202310,FR,FDM 24923,CotA,CotA,1.3,0.0,FR/SO Intervention Needed
39851,39851,Registered,FDM,24923,KC,D,F,FDM,FD,202310,FR,FDM 24923,CotA,CotA,0.0,1.0,FR/SO Intervention Needed
39850,39850,Registered,FDM,24923,KC,F,F,FDM,FD,202310,FR,FDM 24923,CotA,CotA,0.0,0.0,FR/SO Intervention Needed
39839,39839,Registered,FDM,24923,KC,C-,C-,FDM,FD,202310,FR,FDM 24923,CotA,CotA,1.7,1.7,FR/SO Intervention Needed
39836,39836,Stopped Attending - Failed,FDM,24923,KC,SF,D,FDM,FD,202310,FR,FDM 24923,CotA,CotA,1.0,0.0,FR/SO Intervention Needed
39855,39855,Registered,FDM,24923,KC,A,D+,FDM,FM,202310,SO,FDM 24923,CotA,CotA,1.3,4.0,FR/SO Intervention Needed
39854,39854,Registered,FDM,24923,KC,D,C,FDM,FM,202310,FR,FDM 24923,CotA,CotA,2.0,1.0,FR/SO Intervention Needed
83018,83018,Registered,VCD,24327,KC,C,C,VCD,VCD,202310,FR,VCD 24327,CCI,CCI,2.0,2.0,FR/SO Intervention Needed
83017,83017,Registered,VCD,24327,KC,F,F,VCD,VCD,202310,FR,VCD 24327,CCI,CCI,0.0,0.0,FR/SO Intervention Needed
83016,83016,Registered,VCD,24327,KC,F,D+,VCD,VCD,202310,SO,VCD 24327,CCI,CCI,1.3,0.0,FR/SO Intervention Needed
82814,82814,Registered,VCD,17213,KC,C+,C,VCD,EMAT,202310,SO,VCD 17213,CCI,CCI,2.0,2.3,FR/SO Intervention Needed
83009,83009,Registered,VCD,24327,KC,C-,F,VCD,VCD,202310,FR,VCD 24327,CCI,CCI,0.0,1.7,FR/SO Intervention Needed
82805,82805,Registered,VCD,17213,KC,C-,F,VCD,VCD,202310,SO,VCD 17213,CCI,CCI,0.0,1.7,FR/SO Intervention Needed
82330,82330,Registered,VCD,25988,KC,C,D,VCD,VCD,202310,SO,VCD 25988,CCI,CCI,1.0,2.0,FR/SO Intervention Needed
82329,82329,Registered,VCD,25988,KC,C,F,VCD,VCD,202310,JR,VCD 25988,CCI,CCI,0.0,2.0,JR/SR Intervention Needed
82792,82792,Registered,VCD,17213,KC,F,F,VCD,EMAT,202310,SO,VCD 17213,CCI,CCI,0.0,0.0,FR/SO Intervention Needed
82336,82336,Registered,VCD,25988,KC,B-,F,VCD,VCD,202310,JR,VCD 25988,CCI,CCI,0.0,2.7,JR/SR Intervention Needed
82293,82293,Std Withdrawn,VCD,25988,KC,W,D,VCD,VCD,202310,SO,VCD 25988,CCI,CCI,1.0,0.0,FR/SO Intervention Needed
41243,41243,Stopped Attending - Failed,FDM,29298,KC,SF,F,FDM,FM,202310,FR,FDM 29298,CotA,CotA,0.0,0.0,FR/SO Intervention Needed
41235,41235,Registered,FDM,29298,KC,D,D,FDM,FM,202310,SO,FDM 29298,CotA,CotA,1.0,1.0,FR/SO Intervention Needed
41234,41234,Registered,FDM,29298,KC,C+,C,FDM,FM,202310,FR,FDM 29298,CotA,CotA,2.0,2.3,FR/SO Intervention Needed
41232,41232,Registered,FDM,29298,KC,D+,C,FDM,FM,202310,FR,FDM 29298,CotA,CotA,2.0,1.3,FR/SO Intervention Needed
16345,16345,Registered,ARTH,14683,KC,D,D+,ART,COMM,202310,SO,ARTH 14683,CCI,CotA,1.3,1.0,FR/SO Intervention Needed
16382,16382,Stopped Attending - Failed,ARTH,14683,KC,SF,SF,ART,ARTH,202310,FR,ARTH 14683,CotA,CotA,0.0,0.0,FR/SO Intervention Needed
16373,16373,Registered,ARTH,14683,KC,F,F,ART,ARTH,202310,FR,ARTH 14683,CotA,CotA,0.0,0.0,FR/SO Intervention Needed
16385,16385,Registered,ARTH,14683,KC,A,F,ART,VCD,202310,SR,ARTH 14683,CCI,CotA,0.0,4.0,JR/SR Intervention Needed
59490,59490,Registered,MDJ,15027,KC,B,C-,MDJ,ARCS,202310,FR,MDJ 15027,CAED,CCI,1.7,3.0,FR/SO Intervention Needed
59480,59480,Registered,MDJ,15027,KC,D,C,MDJ,COMM,202310,SO,MDJ 15027,CCI,CCI,2.0,1.0,FR/SO Intervention Needed
59478,59478,Registered,MDJ,15027,KC,B,C,MDJ,MUT,202310,SO,MDJ 15027,CotA,CCI,2.0,3.0,FR/SO Intervention Needed
59402,59402,Registered,MDJ,15027,KC,C-,C,MDJ,ID,202310,FR,MDJ 15027,CAED,CCI,2.0,1.7,FR/SO Intervention Needed
59399,59399,Registered,MDJ,15027,KC,F,D,MDJ,COMM,202310,SO,MDJ 15027,CCI,CCI,1.0,0.0,FR/SO Intervention Needed
41256,41256,Registered,FDM,29298,KC,F,F,FDM,FD,202310,FR,FDM 29298,CotA,CotA,0.0,0.0,FR/SO Intervention Needed
41265,41265,Registered,FDM,29298,KC,D+,D,FDM,FM,202310,FR,FDM 29298,CotA,CotA,1.0,1.3,FR/SO Intervention Needed
41264,41264,Registered,FDM,29298,KC,B,C,FDM,FM,202310,FR,FDM 29298,CotA,CotA,2.0,3.0,FR/SO Intervention Needed
41295,41295,Registered,FDM,29298,KC,B,F,FDM,FD,202310,SR,FDM 29298,CotA,CotA,0.0,3.0,JR/SR Intervention Needed
41261,41261,Registered,FDM,29298,KC,F,F,FDM,FD,202310,SO,FDM 29298,CotA,CotA,0.0,0.0,FR/SO Intervention Needed
41287,41287,Registered,FDM,29298,KC,A-,D+,FDM,FM,202310,FR,FDM 29298,CotA,CotA,1.3,3.7,FR/SO Intervention Needed
41310,41310,Registered,FDM,29298,KC,B,F,FDM,FM,202310,JR,FDM 29298,CotA,CotA,0.0,3.0,JR/SR Intervention Needed
41301,41301,Registered,FDM,29298,KC,C+,F,FDM,FD,202310,SR,FDM 29298,CotA,CotA,0.0,2.3,JR/SR Intervention Needed
41319,41319,Registered,FDM,29298,KC,C-,C,FDM,FM,202310,FR,FDM 29298,CotA,CotA,2.0,1.7,FR/SO Intervention Needed
41314,41314,Registered,FDM,29298,KC,B,F,FDM,FM,202310,FR,FDM 29298,CotA,CotA,0.0,3.0,FR/SO Intervention Needed
10070,10070,Registered,ART,29123,KC,F,D+,ART,COMA,202310,FR,ART 29123,CAED,CotA,1.3,0.0,FR/SO Intervention Needed
41334,41334,Registered,FDM,29298,KC,B,C,FDM,FD,202310,FR,FDM 29298,CotA,CotA,2.0,3.0,FR/SO Intervention Needed
41328,41328,Registered,FDM,29298,KC,F,F,FDM,FD,202310,SO,FDM 29298,CotA,CotA,0.0,0.0,FR/SO Intervention Needed
41325,41325,Registered,FDM,29298,KC,D+,F,FDM,FD,202310,SO,FDM 29298,CotA,CotA,0.0,1.3,FR/SO Intervention Needed
41355,41355,Registered,FDM,29298,KC,C,D,FDM,FM,202310,FR,FDM 29298,CotA,CotA,1.0,2.0,FR/SO Intervention Needed
41354,41354,Registered,FDM,29298,KC,C,C,FDM,FM,202310,FR,FDM 29298,CotA,CotA,2.0,2.0,FR/SO Intervention Needed
10077,10077,Registered,ART,29123,KC,F,F,ART,SART,202310,SO,ART 29123,CotA,CotA,0.0,0.0,FR/SO Intervention Needed
10078,10078,Registered,ART,29123,KC,C,C-,ART,SART,202310,SO,ART 29123,CotA,CotA,1.7,2.0,FR/SO Intervention Needed
16674,16674,Registered,ARTS,28507,KC,B-,C-,ART,ARTE,202310,FR,ARTS 28507,CotA,CotA,1.7,2.7,FR/SO Intervention Needed
16667,16667,Registered,ARTS,28507,KC,C-,D,ART,SART,202310,SO,ARTS 28507,CotA,CotA,1.0,1.7,FR/SO Intervention Needed
16666,16666,Std Withdrawn,ARTS,28507,KC,W,F,ART,FM,202310,SO,ARTS 28507,CotA,CotA,0.0,0.0,FR/SO Intervention Needed
16698,16698,Registered,ARTS,28507,KC,C-,F,ART,DMP,202310,FR,ARTS 28507,CCI,CotA,0.0,1.7,FR/SO Intervention Needed
41347,41347,Registered,FDM,29298,KC,B-,C-,FDM,FD,202310,SO,FDM 29298,CotA,CotA,1.7,2.7,FR/SO Intervention Needed
81981,81981,Stopped Attending - Failed,VCD,18414,KC,SF,F,VCD,PHOT,202310,SO,VCD 18414,CCI,CCI,0.0,0.0,FR/SO Intervention Needed
82298,82298,Registered,VCD,25988,KC,B,D,VCD,VCD,202310,SO,VCD 25988,CCI,CCI,1.0,3.0,FR/SO Intervention Needed
81994,81994,Registered,VCD,18414,KC,F,F,VCD,PHOT,202310,FR,VCD 18414,CCI,CCI,0.0,0.0,FR/SO Intervention Needed
42762,42762,Std Withdrawn,FDM,25884,KC,W,F,FDM,FD,202310,SO,FDM 25884,CotA,CotA,0.0,0.0,FR/SO Intervention Needed
42785,42785,Registered,FDM,25884,KC,C+,F,FDM,FD,202310,FR,FDM 25884,CotA,CotA,0.0,2.3,FR/SO Intervention Needed
42770,42770,Registered,FDM,25884,KC,D+,F,FDM,FD,202310,FR,FDM 25884,CotA,CotA,0.0,1.3,FR/SO Intervention Needed
42768,42768,Std Withdrawn,FDM,25884,KC,W,F,FDM,FD,202310,SO,FDM 25884,CotA,CotA,0.0,0.0,FR/SO Intervention Needed
42764,42764,Registered,FDM,25884,KC,B,C-,FDM,FD,202310,SO,FDM 25884,CotA,CotA,1.7,3.0,FR/SO Intervention Needed
42767,42767,Stopped Attending - Failed,FDM,25884,KC,SF,F,FDM,FM,202310,FR,FDM 25884,CotA,CotA,0.0,0.0,FR/SO Intervention Needed
59379,59379,Registered,MDJ,15027,KC,B+,C-,MDJ,PR,202310,FR,MDJ 15027,CCI,CCI,1.7,3.3,FR/SO Intervention Needed
42781,42781,Registered,FDM,25884,KC,C,C,FDM,FM,202310,FR,FDM 25884,CotA,CotA,2.0,2.0,FR/SO Intervention Needed
42824,42824,Registered,FDM,25884,KC,D,D,FDM,FM,202310,FR,FDM 25884,CotA,CotA,1.0,1.0,FR/SO Intervention Needed
59369,59369,Registered,MDJ,15027,KC,C,C,MDJ,FM,202310,SO,MDJ 15027,CotA,CCI,2.0,2.0,FR/SO Intervention Needed
59365,59365,Registered,MDJ,15027,KC,F,F,MDJ,FM,202310,FR,MDJ 15027,CotA,CCI,0.0,0.0,FR/SO Intervention Needed
59344,59344,Registered,MDJ,15027,KC,B,F,MDJ,EMAT,202310,FR,MDJ 15027,CCI,CCI,0.0,3.0,FR/SO Intervention Needed
59330,59330,Registered,MDJ,15027,KC,C+,C-,MDJ,VCD,202310,SO,MDJ 15027,CCI,CCI,1.7,2.3,FR/SO Intervention Needed
59276,59276,Registered,MDJ,15027,KC,D+,F,MDJ,VCD,202310,SR,MDJ 15027,CCI,CCI,0.0,1.3,JR/SR Intervention Needed
59201,59201,Std Withdrawn,MDJ,15027,KC,W,F,MDJ,COMM,202310,JR,MDJ 15027,CCI,CCI,0.0,0.0,JR/SR Intervention Needed
59228,59228,Registered,MDJ,15027,KC,C-,D+,MDJ,EMAT,202310,SO,MDJ 15027,CCI,CCI,1.3,1.7,FR/SO Intervention Needed
59226,59226,Registered,MDJ,15027,KC,F,C,MDJ,VCD,202310,FR,MDJ 15027,CCI,CCI,2.0,0.0,FR/SO Intervention Needed
59191,59191,Registered,MDJ,15027,KC,B,C-,MDJ,VCD,202310,FR,MDJ 15027,CCI,CCI,1.7,3.0,FR/SO Intervention Needed
59187,59187,Registered,MDJ,15027,KC,A,D,MDJ,ARCH,202310,SO,MDJ 15027,CAED,CCI,1.0,4.0,FR/SO Intervention Needed
59176,59176,Registered,MDJ,15027,KC,C,C,MDJ,COMM,202310,SO,MDJ 15027,CCI,CCI,2.0,2.0,FR/SO Intervention Needed
59174,59174,Registered,MDJ,15027,KC,D,F,MDJ,VCD,202310,FR,MDJ 15027,CCI,CCI,0.0,1.0,FR/SO Intervention Needed
59199,59199,Std Withdrawn,MDJ,15027,KC,W,F,MDJ,DMP,202310,SR,MDJ 15027,CCI,CCI,0.0,0.0,JR/SR Intervention Needed
59181,59181,Registered,MDJ,15027,KC,A-,C,MDJ,FM,202310,SO,MDJ 15027,CotA,CCI,2.0,3.7,FR/SO Intervention Needed
59138,59138,Registered,MDJ,15027,KC,C,C,MDJ,FM,202310,FR,MDJ 15027,CotA,CCI,2.0,2.0,FR/SO Intervention Needed
59124,59124,Std Withdrawn,MDJ,15027,KC,W,F,MDJ,PHOT,202310,FR,MDJ 15027,CCI,CCI,0.0,0.0,FR/SO Intervention Needed
59149,59149,Registered,MDJ,15027,KC,B,C,MDJ,PHOT,202310,FR,MDJ 15027,CCI,CCI,2.0,3.0,FR/SO Intervention Needed
59111,59111,Registered,MDJ,15027,KC,D,D,MDJ,PR,202310,SO,MDJ 15027,CCI,CCI,1.0,1.0,FR/SO Intervention Needed
59105,59105,Registered,MDJ,15027,KC,B-,C,MDJ,COMM,202310,SO,MDJ 15027,CCI,CCI,2.0,2.7,FR/SO Intervention Needed
42838,42838,Registered,FDM,25884,KC,C-,C-,FDM,FM,202310,FR,FDM 25884,CotA,CotA,1.7,1.7,FR/SO Intervention Needed
42835,42835,Registered,FDM,25884,KC,D,F,FDM,FM,202310,SO,FDM 25884,CotA,CotA,0.0,1.0,FR/SO Intervention Needed
42813,42813,Registered,FDM,25884,KC,B,C,FDM,FD,202310,FR,FDM 25884,CotA,CotA,2.0,3.0,FR/SO Intervention Needed
42856,42856,Registered,FDM,25884,KC,D,C,FDM,FM,202310,SO,FDM 25884,CotA,CotA,2.0,1.0,FR/SO Intervention Needed
9925,9925,Registered,ARCS,29348,KC,C,F,ARCH,ARCS,202310,JR,ARCS 29348,CAED,CAED,0.0,2.0,JR/SR Intervention Needed
42885,42885,Registered,FDM,25884,KC,F,F,FDM,FM,202310,FR,FDM 25884,CotA,CotA,0.0,0.0,FR/SO Intervention Needed
9867,9867,Registered,ARCS,11014,KC,C+,F,ARCH,ARCS,202310,JR,ARCS 11014,CAED,CAED,0.0,2.3,JR/SR Intervention Needed
9914,9914,Std Withdrawn,ARCS,29348,KC,W,F,ARCH,ARCS,202310,JR,ARCS 29348,CAED,CAED,0.0,0.0,JR/SR Intervention Needed
42863,42863,Std Withdrawn,FDM,25884,KC,W,SF,FDM,VCD,202310,SO,FDM 25884,CCI,CotA,0.0,0.0,FR/SO Intervention Needed
42903,42903,Registered,FDM,25884,KC,B+,C,FDM,FD,202310,FR,FDM 25884,CotA,CotA,2.0,3.3,FR/SO Intervention Needed
9860,9860,Registered,ARCS,11014,KC,C-,F,ARCH,ARCS,202310,SO,ARCS 11014,CAED,CAED,0.0,1.7,FR/SO Intervention Needed
81363,81363,Registered,VCD,28950,KC,B-,C,VCD,VCD,202310,SO,VCD 28950,CCI,CCI,2.0,2.7,FR/SO Intervention Needed
81326,81326,Registered,VCD,28950,KC,C,C,VCD,VCD,202310,FR,VCD 28950,CCI,CCI,2.0,2.0,FR/SO Intervention Needed
81356,81356,Registered,VCD,28950,KC,C,F,VCD,VCD,202310,JR,VCD 28950,CCI,CCI,0.0,2.0,JR/SR Intervention Needed
81355,81355,Registered,VCD,28950,KC,B,C,VCD,VCD,202310,SO,VCD 28950,CCI,CCI,2.0,3.0,FR/SO Intervention Needed
81353,81353,Std Withdrawn,VCD,28950,KC,W,F,VCD,FM,202310,JR,VCD 28950,CotA,CCI,0.0,0.0,JR/SR Intervention Needed
17380,17380,Registered,ARTS,19694,KC,C,D+,ART,SART,202310,FR,ARTS 19694,CotA,CotA,1.3,2.0,FR/SO Intervention Needed
17378,17378,Registered,ARTS,19694,KC,B,D,ART,SART,202310,FR,ARTS 19694,CotA,CotA,1.0,3.0,FR/SO Intervention Needed
17403,17403,Registered,ARTS,19694,KC,C,C,ART,ARTE,202310,SO,ARTS 19694,CotA,CotA,2.0,2.0,FR/SO Intervention Needed
17402,17402,Registered,ARTS,19694,KC,D,D,ART,ARTE,202310,FR,ARTS 19694,CotA,CotA,1.0,1.0,FR/SO Intervention Needed
17400,17400,Registered,ARTS,19694,KC,F,F,ART,ARTE,202310,FR,ARTS 19694,CotA,CotA,0.0,0.0,FR/SO Intervention Needed
17398,17398,Registered,ARTS,19694,KC,F,F,ART,SART,202310,FR,ARTS 19694,CotA,CotA,0.0,0.0,FR/SO Intervention Needed
17395,17395,Registered,ARTS,19694,KC,B+,C,ART,SART,202310,FR,ARTS 19694,CotA,CotA,2.0,3.3,FR/SO Intervention Needed
17419,17419,Registered,ARTS,19694,KC,F,D,ART,SART,202310,FR,ARTS 19694,CotA,CotA,1.0,0.0,FR/SO Intervention Needed
81324,81324,Registered,VCD,28950,KC,C,C,VCD,ARCS,202310,FR,VCD 28950,CAED,CCI,2.0,2.0,FR/SO Intervention Needed
44342,44342,Registered,FDM,13023,KC,B-,D+,FDM,FM,202310,SO,FDM 13023,CotA,CotA,1.3,2.7,FR/SO Intervention Needed
44327,44327,Registered,FDM,13023,KC,D,C,FDM,FM,202310,FR,FDM 13023,CotA,CotA,2.0,1.0,FR/SO Intervention Needed
44359,44359,Registered,FDM,13023,KC,D+,D,FDM,FM,202310,FR,FDM 13023,CotA,CotA,1.0,1.3,FR/SO Intervention Needed
9367,9367,Registered,ARCH,13310,KC,F,F,ARCH,ARCH,202310,SO,ARCH 13310,CAED,CAED,0.0,0.0,FR/SO Intervention Needed
44339,44339,Registered,FDM,13023,KC,B,C,FDM,FD,202310,FR,FDM 13023,CotA,CotA,2.0,3.0,FR/SO Intervention Needed
44338,44338,Registered,FDM,13023,KC,B-,C-,FDM,FD,202310,FR,FDM 13023,CotA,CotA,1.7,2.7,FR/SO Intervention Needed
44355,44355,Registered,FDM,13023,KC,B,C,FDM,FM,202310,FR,FDM 13023,CotA,CotA,2.0,3.0,FR/SO Intervention Needed
44351,44351,Registered,FDM,13023,KC,B+,F,FDM,FD,202310,JR,FDM 13023,CotA,CotA,0.0,3.3,JR/SR Intervention Needed
9370,9370,Registered,ARCH,13310,KC,C,C,ARCH,ARCH,202310,SO,ARCH 13310,CAED,CAED,2.0,2.0,FR/SO Intervention Needed
9352,9352,Registered,ARCH,13310,KC,A,D+,ARCH,ARCH,202310,SO,ARCH 13310,CAED,CAED,1.3,4.0,FR/SO Intervention Needed
9379,9379,Registered,ARCH,13310,KC,F,F,ARCH,ARCH,202310,SO,ARCH 13310,CAED,CAED,0.0,0.0,FR/SO Intervention Needed
9360,9360,Stopped Attending - Failed,ARCH,13310,KC,SF,F,ARCH,ARCH,202310,SO,ARCH 13310,CAED,CAED,0.0,0.0,FR/SO Intervention Needed
9358,9358,Registered,ARCH,13310,KC,A,C-,ARCH,ARCH,202310,FR,ARCH 13310,CAED,CAED,1.7,4.0,FR/SO Intervention Needed
9357,9357,Std Withdrawn,ARCH,13310,KC,W,F,ARCH,COMA,202310,JR,ARCH 13310,CAED,CAED,0.0,0.0,JR/SR Intervention Needed
9356,9356,Registered,ARCH,13310,KC,D,C-,ARCH,ARCH,202310,FR,ARCH 13310,CAED,CAED,1.7,1.0,FR/SO Intervention Needed
9303,9303,Registered,ARCH,13310,KC,C-,C,ARCH,ARCH,202310,FR,ARCH 13310,CAED,CAED,2.0,1.7,FR/SO Intervention Needed
9327,9327,Registered,ARCH,13310,KC,C-,D,ARCH,ARCH,202310,FR,ARCH 13310,CAED,CAED,1.0,1.7,FR/SO Intervention Needed
9324,9324,Registered,ARCH,13310,KC,D,C,ARCH,ARCH,202310,SO,ARCH 13310,CAED,CAED,2.0,1.0,FR/SO Intervention Needed
9286,9286,Registered,ARCH,13310,KC,C,C,ARCH,ARCH,202310,FR,ARCH 13310,CAED,CAED,2.0,2.0,FR/SO Intervention Needed
9315,9315,Registered,ARCH,13310,KC,C-,C,ARCH,ARCH,202310,FR,ARCH 13310,CAED,CAED,2.0,1.7,FR/SO Intervention Needed
9311,9311,Stopped Attending - Failed,ARCH,13310,KC,SF,C-,ARCH,ARCH,202310,FR,ARCH 13310,CAED,CAED,1.7,0.0,FR/SO Intervention Needed
72085,72085,Std Withdrawn,MUS,23241,KC,W,F,MUS,JNL,202310,SO,MUS 23241,CCI,CotA,0.0,0.0,FR/SO Intervention Needed
72217,72217,Registered,MUS,23241,KC,D+,D+,MUS,FM,202310,FR,MUS 23241,CotA,CotA,1.3,1.3,FR/SO Intervention Needed
72198,72198,Std Withdrawn,MUS,23241,KC,W,D,MUS,DMP,202310,FR,MUS 23241,CCI,CotA,1.0,0.0,FR/SO Intervention Needed
44370,44370,Registered,FDM,13023,KC,C,C,FDM,FD,202310,FR,FDM 13023,CotA,CotA,2.0,2.0,FR/SO Intervention Needed
44391,44391,Registered,FDM,13023,KC,F,F,FDM,FD,202310,FR,FDM 13023,CotA,CotA,0.0,0.0,FR/SO Intervention Needed
44383,44383,Registered,FDM,13023,KC,C+,C,FDM,FM,202310,FR,FDM 13023,CotA,CotA,2.0,2.3,FR/SO Intervention Needed
44409,44409,Registered,FDM,13023,KC,B+,C-,FDM,FD,202310,FR,FDM 13023,CotA,CotA,1.7,3.3,FR/SO Intervention Needed
44399,44399,Registered,FDM,13023,KC,F,F,FDM,FM,202310,SO,FDM 13023,CotA,CotA,0.0,0.0,FR/SO Intervention Needed
44406,44406,Registered,FDM,13023,KC,C+,C-,FDM,FM,202310,FR,FDM 13023,CotA,CotA,1.7,2.3,FR/SO Intervention Needed
44404,44404,Registered,FDM,13023,KC,C,D+,FDM,FD,202310,FR,FDM 13023,CotA,CotA,1.3,2.0,FR/SO Intervention Needed
44403,44403,Registered,FDM,13023,KC,B,C,FDM,FD,202310,FR,FDM 13023,CotA,CotA,2.0,3.0,FR/SO Intervention Needed
44429,44429,Registered,FDM,13023,KC,C+,C,FDM,FM,202310,FR,FDM 13023,CotA,CotA,2.0,2.3,FR/SO Intervention Needed
44421,44421,Registered,FDM,13023,KC,C,F,FDM,FD,202310,FR,FDM 13023,CotA,CotA,0.0,2.0,FR/SO Intervention Needed
44450,44450,Registered,FDM,13023,KC,F,F,FDM,FM,202310,FR,FDM 13023,CotA,CotA,0.0,0.0,FR/SO Intervention Needed
44463,44463,Registered,FDM,13023,KC,,F,FDM,FM,202310,SO,FDM 13023,CotA,CotA,0.0,,FR/SO Intervention Needed
44451,44451,Registered,FDM,13023,KC,B+,C,FDM,FD,202310,SO,FDM 13023,CotA,CotA,2.0,3.3,FR/SO Intervention Needed
8764,8764,Registered,ARCH,19059,KC,A-,C,ARCH,ARCH,202310,FR,ARCH 19059,CAED,CAED,2.0,3.7,FR/SO Intervention Needed
8762,8762,Registered,ARCH,19059,KC,F,C-,ARCH,ARCH,202310,SO,ARCH 19059,CAED,CAED,1.7,0.0,FR/SO Intervention Needed
72292,72292,Registered,MUS,23241,KC,C,C,MUS,MUED,202310,FR,MUS 23241,CotA,CotA,2.0,2.0,FR/SO Intervention Needed
72281,72281,Stopped Attending - Failed,MUS,23241,KC,SF,F,MUS,MUS,202310,FR,MUS 23241,CotA,CotA,0.0,0.0,FR/SO Intervention Needed
72298,72298,Stopped Attending - Failed,MUS,23241,KC,SF,D+,MUS,MUED,202310,FR,MUS 23241,CotA,CotA,1.3,0.0,FR/SO Intervention Needed
72323,72323,Registered,MUS,23241,KC,A-,C,MUS,MUT,202310,SO,MUS 23241,CotA,CotA,2.0,3.7,FR/SO Intervention Needed
18087,18087,Registered,ARTS,22958,KC,B,D,ART,SART,202310,SO,ARTS 22958,CotA,CotA,1.0,3.0,FR/SO Intervention Needed
44500,44500,Registered,FDM,13023,KC,B,D,FDM,FD,202310,FR,FDM 13023,CotA,CotA,1.0,3.0,FR/SO Intervention Needed
44495,44495,Registered,FDM,13023,KC,D+,C-,FDM,FD,202310,SO,FDM 13023,CotA,CotA,1.7,1.3,FR/SO Intervention Needed
80175,80175,Stopped Attending - Failed,VCD,19588,KC,SF,D+,VCD,COMM,202310,SO,VCD 19588,CCI,CCI,1.3,0.0,FR/SO Intervention Needed
80161,80161,Registered,VCD,19588,KC,B+,C-,VCD,PHOT,202310,FR,VCD 19588,CCI,CCI,1.7,3.3,FR/SO Intervention Needed
80181,80181,Registered,VCD,19588,KC,D,D,VCD,PHOT,202310,FR,VCD 19588,CCI,CCI,1.0,1.0,FR/SO Intervention Needed
80147,80147,Registered,VCD,19588,KC,C-,C,VCD,JNL,202310,FR,VCD 19588,CCI,CCI,2.0,1.7,FR/SO Intervention Needed
80176,80176,Registered,VCD,19588,KC,C+,C-,VCD,VCD,202310,FR,VCD 19588,CCI,CCI,1.7,2.3,FR/SO Intervention Needed
57988,57988,Registered,MDJ,28950,KC,C+,D,MDJ,DMP,202310,FR,MDJ 28950,CCI,CCI,1.0,2.3,FR/SO Intervention Needed
80117,80117,Registered,VCD,19588,KC,B+,C,VCD,VCD,202310,SO,VCD 19588,CCI,CCI,2.0,3.3,FR/SO Intervention Needed
57979,57979,Registered,MDJ,28950,KC,C,C,MDJ,DMP,202310,FR,MDJ 28950,CCI,CCI,2.0,2.0,FR/SO Intervention Needed
57960,57960,Std Withdrawn,MDJ,28950,KC,W,F,MDJ,DMP,202310,FR,MDJ 28950,CCI,CCI,0.0,0.0,FR/SO Intervention Needed
72385,72385,Std Withdrawn,MUS,23241,KC,W,F,MUS,DMP,202310,SO,MUS 23241,CCI,CotA,0.0,0.0,FR/SO Intervention Needed
80136,80136,Registered,VCD,19588,KC,B,C-,VCD,VCD,202310,SO,VCD 19588,CCI,CCI,1.7,3.0,FR/SO Intervention Needed
80096,80096,Registered,VCD,19588,KC,B,C,VCD,VCD,202310,FR,VCD 19588,CCI,CCI,2.0,3.0,FR/SO Intervention Needed
80123,80123,Registered,VCD,19588,KC,B-,D+,VCD,VCD,202310,FR,VCD 19588,CCI,CCI,1.3,2.7,FR/SO Intervention Needed
80084,80084,Registered,VCD,19588,KC,C-,D,VCD,PHOT,202310,SO,VCD 19588,CCI,CCI,1.0,1.7,FR/SO Intervention Needed
8366,8366,Registered,ARCH,14775,KC,F,D+,ARCH,ARCH,202310,SO,ARCH 14775,CAED,CAED,1.3,0.0,FR/SO Intervention Needed
8365,8365,Registered,ARCH,14775,KC,A-,C-,ARCH,ARCH,202310,SO,ARCH 14775,CAED,CAED,1.7,3.7,FR/SO Intervention Needed
18459,18459,Registered,ARTS,28482,KC,A-,C,ART,SART,202310,FR,ARTS 28482,CotA,CotA,2.0,3.7,FR/SO Intervention Needed
80080,80080,Registered,VCD,19588,KC,F,F,VCD,FM,202310,SO,VCD 19588,CotA,CCI,0.0,0.0,FR/SO Intervention Needed
79754,79754,Registered,THEA,25866,KC,D,C-,THDN,TDTP,202310,SO,THEA 25866,CotA,CotA,1.7,1.0,FR/SO Intervention Needed
80089,80089,Registered,VCD,19588,KC,A,F,VCD,EMAT,202310,SO,VCD 19588,CCI,CCI,0.0,4.0,FR/SO Intervention Needed
45984,45984,Registered,FDM,11617,KC,B,C-,FDM,FM,202310,FR,FDM 11617,CotA,CotA,1.7,3.0,FR/SO Intervention Needed
79536,79536,Registered,THEA,21002,KC,F,F,THDN,TDTP,202310,SO,THEA 21002,CotA,CotA,0.0,0.0,FR/SO Intervention Needed
45957,45957,Stopped Attending - Failed,FDM,11617,KC,SF,D,FDM,FD,202310,FR,FDM 11617,CotA,CotA,1.0,0.0,FR/SO Intervention Needed
46017,46017,Registered,FDM,11617,KC,C,D,FDM,FM,202310,FR,FDM 11617,CotA,CotA,1.0,2.0,FR/SO Intervention Needed
45977,45977,Registered,FDM,11617,KC,D+,D,FDM,FD,202310,FR,FDM 11617,CotA,CotA,1.0,1.3,FR/SO Intervention Needed
45993,45993,Registered,FDM,11617,KC,C,C-,FDM,FD,202310,SO,FDM 11617,CotA,CotA,1.7,2.0,FR/SO Intervention Needed
46036,46036,Registered,FDM,11617,KC,C,F,FDM,FD,202310,SO,FDM 11617,CotA,CotA,0.0,2.0,FR/SO Intervention Needed
57323,57323,Registered,MDJ,25946,KC,C,F,MDJ,COMM,202310,JR,MDJ 25946,CCI,CCI,0.0,2.0,JR/SR Intervention Needed
57307,57307,Registered,MDJ,25946,KC,F,F,MDJ,DMP,202310,JR,MDJ 25946,CCI,CCI,0.0,0.0,JR/SR Intervention Needed
57273,57273,Registered,MDJ,25946,KC,B,C,MDJ,DMP,202310,FR,MDJ 25946,CCI,CCI,2.0,3.0,FR/SO Intervention Needed
8360,8360,Registered,ARCH,14775,KC,F,SF,ARCH,ARCH,202310,JR,ARCH 14775,CAED,CAED,0.0,0.0,JR/SR Intervention Needed
57285,57285,Std Withdrawn,MDJ,25946,KC,W,F,MDJ,DMP,202310,JR,MDJ 25946,CCI,CCI,0.0,0.0,JR/SR Intervention Needed
57284,57284,Registered,MDJ,25946,KC,D+,D,MDJ,DMP,202310,FR,MDJ 25946,CCI,CCI,1.0,1.3,FR/SO Intervention Needed
8346,8346,Registered,ARCH,14775,KC,F,F,ARCH,ARCH,202310,SR,ARCH 14775,CAED,CAED,0.0,0.0,JR/SR Intervention Needed
8345,8345,Registered,ARCH,14775,KC,F,F,ARCH,ARCH,202310,JR,ARCH 14775,CAED,CAED,0.0,0.0,JR/SR Intervention Needed
8331,8331,Registered,ARCH,14775,KC,C-,F,ARCH,ARCH,202310,JR,ARCH 14775,CAED,CAED,0.0,1.7,JR/SR Intervention Needed
8353,8353,Registered,ARCH,14775,KC,A,C-,ARCH,ARCH,202310,SO,ARCH 14775,CAED,CAED,1.7,4.0,FR/SO Intervention Needed
8352,8352,Stopped Attending - Failed,ARCH,14775,KC,SF,F,ARCH,ARCH,202310,SO,ARCH 14775,CAED,CAED,0.0,0.0,FR/SO Intervention Needed
8339,8339,Registered,ARCH,14775,KC,A,C,ARCH,ARCH,202310,SO,ARCH 14775,CAED,CAED,2.0,4.0,FR/SO Intervention Needed
8285,8285,Registered,ARCH,14775,KC,B,C,ARCH,ARCH,202310,SO,ARCH 14775,CAED,CAED,2.0,3.0,FR/SO Intervention Needed
8308,8308,Registered,ARCH,14775,KC,D,F,ARCH,ARCH,202310,JR,ARCH 14775,CAED,CAED,0.0,1.0,JR/SR Intervention Needed
8307,8307,Std Withdrawn,ARCH,14775,KC,W,SF,ARCH,ARCH,202310,JR,ARCH 14775,CAED,CAED,0.0,0.0,JR/SR Intervention Needed
18886,18886,Registered,CCI,11716,KC,C-,C,CCI,JNL,202310,SO,CCI 11716,CCI,CCI,2.0,1.7,FR/SO Intervention Needed
18887,18887,Registered,CCI,11716,KC,,F,CCI,VCD,202310,FR,CCI 11716,CCI,CCI,0.0,,FR/SO Intervention Needed
18975,18975,Registered,CCI,11716,KC,D,F,CCI,VCD,202310,SO,CCI 11716,CCI,CCI,0.0,1.0,FR/SO Intervention Needed
46048,46048,Registered,FDM,11617,KC,F,F,FDM,FD,202310,JR,FDM 11617,CotA,CotA,0.0,0.0,JR/SR Intervention Needed
46046,46046,Std Withdrawn,FDM,11617,KC,W,F,FDM,FD,202310,FR,FDM 11617,CotA,CotA,0.0,0.0,FR/SO Intervention Needed
46038,46038,Registered,FDM,11617,KC,C,D,FDM,FM,202310,FR,FDM 11617,CotA,CotA,1.0,2.0,FR/SO Intervention Needed
46074,46074,Registered,FDM,11617,KC,B,C,FDM,FM,202310,FR,FDM 11617,CotA,CotA,2.0,3.0,FR/SO Intervention Needed
46073,46073,Registered,FDM,11617,KC,B+,C-,FDM,FD,202310,SO,FDM 11617,CotA,CotA,1.7,3.3,FR/SO Intervention Needed
46070,46070,Registered,FDM,11617,KC,D+,C-,FDM,FD,202310,SO,FDM 11617,CotA,CotA,1.7,1.3,FR/SO Intervention Needed
46089,46089,Registered,FDM,11617,KC,F,F,FDM,FD,202310,SO,FDM 11617,CotA,CotA,0.0,0.0,FR/SO Intervention Needed
46119,46119,Stopped Attending - Failed,FDM,11617,KC,SF,F,FDM,FM,202310,JR,FDM 11617,CotA,CotA,0.0,0.0,JR/SR Intervention Needed
46117,46117,Registered,FDM,11617,KC,B-,D+,FDM,FM,202310,FR,FDM 11617,CotA,CotA,1.3,2.7,FR/SO Intervention Needed
46105,46105,Registered,FDM,11617,KC,,C,FDM,FM,202310,SO,FDM 11617,CotA,CotA,2.0,,FR/SO Intervention Needed
46061,46061,Registered,FDM,11617,KC,C+,C,FDM,FM,202310,FR,FDM 11617,CotA,CotA,2.0,2.3,FR/SO Intervention Needed
79398,79398,Registered,THEA,14029,KC,C,D,THDN,TDTP,202310,FR,THEA 14029,CotA,CotA,1.0,2.0,FR/SO Intervention Needed
72617,72617,Std Withdrawn,MUS,23241,KC,W,F,MUS,FM,202310,SO,MUS 23241,CotA,CotA,0.0,0.0,FR/SO Intervention Needed
79360,79360,Registered,THEA,20443,KC,D,D+,THDN,TDTP,202310,SO,THEA 20443,CotA,CotA,1.3,1.0,FR/SO Intervention Needed
79357,79357,Registered,THEA,20443,KC,C-,C,THDN,TDTP,202310,SO,THEA 20443,CotA,CotA,2.0,1.7,FR/SO Intervention Needed
47412,47412,Registered,FDM,12681,KC,F,D,FDM,FD,202310,SO,FDM 12681,CotA,CotA,1.0,0.0,FR/SO Intervention Needed
47409,47409,Registered,FDM,12681,KC,C,C,FDM,FD,202310,FR,FDM 12681,CotA,CotA,2.0,2.0,FR/SO Intervention Needed
47395,47395,Std Withdrawn,FDM,12681,KC,W,D,FDM,FD,202310,FR,FDM 12681,CotA,CotA,1.0,0.0,FR/SO Intervention Needed
47403,47403,Registered,FDM,12681,KC,F,F,FDM,FD,202310,SO,FDM 12681,CotA,CotA,0.0,0.0,FR/SO Intervention Needed
47428,47428,Registered,FDM,12681,KC,D,C,FDM,FD,202310,FR,FDM 12681,CotA,CotA,2.0,1.0,FR/SO Intervention Needed
47419,47419,Registered,FDM,12681,KC,B-,C-,FDM,FD,202310,FR,FDM 12681,CotA,CotA,1.7,2.7,FR/SO Intervention Needed
47431,47431,Registered,FDM,12681,KC,D,F,FDM,FD,202310,FR,FDM 12681,CotA,CotA,0.0,1.0,FR/SO Intervention Needed
47445,47445,Registered,FDM,12681,KC,B,C,FDM,FD,202310,FR,FDM 12681,CotA,CotA,2.0,3.0,FR/SO Intervention Needed
47472,47472,Registered,FDM,12681,KC,B,D,FDM,FD,202310,FR,FDM 12681,CotA,CotA,1.0,3.0,FR/SO Intervention Needed
72648,72648,Std Withdrawn,MUS,23241,KC,W,F,MUS,FM,202310,SO,MUS 23241,CotA,CotA,0.0,0.0,FR/SO Intervention Needed
47486,47486,Registered,FDM,12681,KC,A,F,FDM,FD,202310,FR,FDM 12681,CotA,CotA,0.0,4.0,FR/SO Intervention Needed
47469,47469,Registered,FDM,12681,KC,F,D+,FDM,FD,202310,FR,FDM 12681,CotA,CotA,1.3,0.0,FR/SO Intervention Needed
47464,47464,Registered,FDM,12681,KC,C,C,FDM,FD,202310,SO,FDM 12681,CotA,CotA,2.0,2.0,FR/SO Intervention Needed
47518,47518,Registered,FDM,12681,KC,B-,F,FDM,FD,202310,SO,FDM 12681,CotA,CotA,0.0,2.7,FR/SO Intervention Needed
47524,47524,Registered,FDM,12681,KC,F,C-,FDM,FD,202310,FR,FDM 12681,CotA,CotA,1.7,0.0,FR/SO Intervention Needed
47539,47539,Registered,FDM,12681,KC,A,C,FDM,FD,202310,FR,FDM 12681,CotA,CotA,2.0,4.0,FR/SO Intervention Needed
56572,56572,Registered,ID,19670,KC,C,C,ARCH,ID,202310,SO,ID 19670,CAED,CAED,2.0,2.0,FR/SO Intervention Needed
56586,56586,Registered,ID,19670,KC,B-,F,ARCH,ID,202310,SR,ID 19670,CAED,CAED,0.0,2.7,JR/SR Intervention Needed
48233,48233,Registered,FDM,29003,KC,A,D,FDM,FD,202310,SO,FDM 29003,CotA,CotA,1.0,4.0,FR/SO Intervention Needed
48232,48232,Std Withdrawn,FDM,29003,KC,W,F,FDM,FD,202310,JR,FDM 29003,CotA,CotA,0.0,0.0,JR/SR Intervention Needed
47531,47531,Registered,FDM,12681,KC,C,D,FDM,FD,202310,FR,FDM 12681,CotA,CotA,1.0,2.0,FR/SO Intervention Needed
47527,47527,Registered,FDM,12681,KC,F,F,FDM,FM,202310,SO,FDM 12681,CotA,CotA,0.0,0.0,FR/SO Intervention Needed
47526,47526,Stopped Attending - Failed,FDM,12681,KC,SF,D,FDM,FD,202310,FR,FDM 12681,CotA,CotA,1.0,0.0,FR/SO Intervention Needed
47525,47525,Registered,FDM,12681,KC,B-,D,FDM,FD,202310,FR,FDM 12681,CotA,CotA,1.0,2.7,FR/SO Intervention Needed
48228,48228,Registered,FDM,29003,KC,C,C,FDM,FD,202310,SO,FDM 29003,CotA,CotA,2.0,2.0,FR/SO Intervention Needed
48244,48244,Registered,FDM,29003,KC,B-,C-,FDM,FD,202310,SO,FDM 29003,CotA,CotA,1.7,2.7,FR/SO Intervention Needed
48243,48243,Registered,FDM,29003,KC,F,F,FDM,FD,202310,SO,FDM 29003,CotA,CotA,0.0,0.0,FR/SO Intervention Needed
48241,48241,Registered,FDM,29003,KC,A-,D,FDM,FD,202310,SO,FDM 29003,CotA,CotA,1.0,3.7,FR/SO Intervention Needed
48296,48296,Std Withdrawn,FDM,29003,KC,W,C,FDM,FD,202310,SO,FDM 29003,CotA,CotA,2.0,0.0,FR/SO Intervention Needed
7992,7992,Registered,ARCH,29604,KC,F,C-,ARCH,ARCH,202310,SO,ARCH 29604,CAED,CAED,1.7,0.0,FR/SO Intervention Needed
48255,48255,Registered,FDM,29003,KC,B+,C,FDM,FD,202310,SO,FDM 29003,CotA,CotA,2.0,3.3,FR/SO Intervention Needed
7983,7983,Registered,ARCH,29604,KC,C-,F,ARCH,ARCH,202310,JR,ARCH 29604,CAED,CAED,0.0,1.7,JR/SR Intervention Needed
7981,7981,Registered,ARCH,29604,KC,C+,F,ARCH,ARCH,202310,SO,ARCH 29604,CAED,CAED,0.0,2.3,FR/SO Intervention Needed
48272,48272,Registered,FDM,29003,KC,F,F,FDM,FD,202310,SO,FDM 29003,CotA,CotA,0.0,0.0,FR/SO Intervention Needed
48290,48290,Registered,FDM,29003,KC,D+,D+,FDM,FD,202310,SO,FDM 29003,CotA,CotA,1.3,1.3,FR/SO Intervention Needed
48344,48344,Registered,FDM,29003,KC,F,F,FDM,FD,202310,SR,FDM 29003,CotA,CotA,0.0,0.0,JR/SR Intervention Needed
48310,48310,Registered,FDM,29003,KC,B-,C-,FDM,FD,202310,SO,FDM 29003,CotA,CotA,1.7,2.7,FR/SO Intervention Needed
48276,48276,Std Withdrawn,FDM,29003,KC,W,SF,FDM,FD,202310,JR,FDM 29003,CotA,CotA,0.0,0.0,JR/SR Intervention Needed
48318,48318,Registered,FDM,29003,KC,D,C,FDM,FD,202310,SO,FDM 29003,CotA,CotA,2.0,1.0,FR/SO Intervention Needed
48336,48336,Registered,FDM,29003,KC,C,C,FDM,FD,202310,SO,FDM 29003,CotA,CotA,2.0,2.0,FR/SO Intervention Needed
48334,48334,Registered,FDM,29003,KC,C-,F,FDM,FM,202310,JR,FDM 29003,CotA,CotA,0.0,1.7,JR/SR Intervention Needed
19687,19687,Registered,CMGT,16841,KC,C,D,ARCH,ARCH,202310,FR,CMGT 16841,CAED,CAED,1.0,2.0,FR/SO Intervention Needed
19647,19647,Registered,CMGT,16841,KC,C,D,ARCH,COMA,202310,SO,CMGT 16841,CAED,CAED,1.0,2.0,FR/SO Intervention Needed
19644,19644,Registered,CMGT,16841,KC,F,F,ARCH,COMA,202310,FR,CMGT 16841,CAED,CAED,0.0,0.0,FR/SO Intervention Needed
19663,19663,Registered,CMGT,16841,KC,F,F,ARCH,COMA,202310,SO,CMGT 16841,CAED,CAED,0.0,0.0,FR/SO Intervention Needed
19689,19689,Registered,CMGT,16841,KC,B+,C,ARCH,ARCH,202310,FR,CMGT 16841,CAED,CAED,2.0,3.3,FR/SO Intervention Needed
79021,79021,Std Withdrawn,THEA,22478,KC,W,F,THDN,THEA,202310,SO,THEA 22478,CotA,CotA,0.0,0.0,FR/SO Intervention Needed
79007,79007,Registered,THEA,22478,KC,C,C-,THDN,MUT,202310,FR,THEA 22478,CotA,CotA,1.7,2.0,FR/SO Intervention Needed
48972,48972,Registered,FDM,20907,KC,C+,F,FDM,FM,202310,SO,FDM 20907,CotA,CotA,0.0,2.3,FR/SO Intervention Needed
79017,79017,Registered,THEA,22478,KC,D,D,THDN,THEA,202310,SO,THEA 22478,CotA,CotA,1.0,1.0,FR/SO Intervention Needed
79013,79013,Registered,THEA,22478,KC,C,C,THDN,MUT,202310,FR,THEA 22478,CotA,CotA,2.0,2.0,FR/SO Intervention Needed
56089,56089,Registered,ID,13889,KC,B,C,ARCH,ID,202310,SO,ID 13889,CAED,CAED,2.0,3.0,FR/SO Intervention Needed
48967,48967,Registered,FDM,20907,KC,B-,C,FDM,FM,202310,SO,FDM 20907,CotA,CotA,2.0,2.7,FR/SO Intervention Needed
48978,48978,Registered,FDM,20907,KC,F,F,FDM,FM,202310,SO,FDM 20907,CotA,CotA,0.0,0.0,FR/SO Intervention Needed
49008,49008,Registered,FDM,20907,KC,C,D,FDM,FM,202310,SO,FDM 20907,CotA,CotA,1.0,2.0,FR/SO Intervention Needed
49003,49003,Registered,FDM,20907,KC,B-,C,FDM,FM,202310,SO,FDM 20907,CotA,CotA,2.0,2.7,FR/SO Intervention Needed
48995,48995,Registered,FDM,20907,KC,B-,F,FDM,FM,202310,JR,FDM 20907,CotA,CotA,0.0,2.7,JR/SR Intervention Needed
56065,56065,Registered,ID,13889,KC,C+,C-,ARCH,ID,202310,SO,ID 13889,CAED,CAED,1.7,2.3,FR/SO Intervention Needed
49012,49012,Registered,FDM,20907,KC,C,C,FDM,FM,202310,SO,FDM 20907,CotA,CotA,2.0,2.0,FR/SO Intervention Needed
49040,49040,Stopped Attending - Failed,FDM,20907,KC,SF,SF,FDM,FD,202310,SO,FDM 20907,CotA,CotA,0.0,0.0,FR/SO Intervention Needed
49038,49038,Registered,FDM,20907,KC,D+,D+,FDM,FM,202310,SO,FDM 20907,CotA,CotA,1.3,1.3,FR/SO Intervention Needed
49037,49037,Registered,FDM,20907,KC,B,C,FDM,FM,202310,SO,FDM 20907,CotA,CotA,2.0,3.0,FR/SO Intervention Needed
49057,49057,Registered,FDM,20907,KC,C+,C-,FDM,FM,202310,SO,FDM 20907,CotA,CotA,1.7,2.3,FR/SO Intervention Needed
49073,49073,Registered,FDM,20907,KC,C,F,FDM,FM,202310,SO,FDM 20907,CotA,CotA,0.0,2.0,FR/SO Intervention Needed
49071,49071,Registered,FDM,20907,KC,F,F,FDM,FM,202310,JR,FDM 20907,CotA,CotA,0.0,0.0,JR/SR Intervention Needed
49064,49064,Registered,FDM,20907,KC,F,C-,FDM,FD,202310,SO,FDM 20907,CotA,CotA,1.7,0.0,FR/SO Intervention Needed
49062,49062,Registered,FDM,20907,KC,B,F,FDM,FM,202310,JR,FDM 20907,CotA,CotA,0.0,3.0,JR/SR Intervention Needed
49106,49106,Registered,FDM,20907,KC,F,F,FDM,FM,202310,SO,FDM 20907,CotA,CotA,0.0,0.0,FR/SO Intervention Needed
49125,49125,Registered,FDM,20907,KC,C,C,FDM,FM,202310,SO,FDM 20907,CotA,CotA,2.0,2.0,FR/SO Intervention Needed
49109,49109,Registered,FDM,20907,KC,B-,C-,FDM,FM,202310,SO,FDM 20907,CotA,CotA,1.7,2.7,FR/SO Intervention Needed
55574,55574,Registered,ID,15409,KC,D,D,ARCH,ID,202310,SO,ID 15409,CAED,CAED,1.0,1.0,FR/SO Intervention Needed
79003,79003,Registered,THEA,22478,KC,D,C,THDN,MUT,202310,SO,THEA 22478,CotA,CotA,2.0,1.0,FR/SO Intervention Needed
78998,78998,Registered,THEA,22478,KC,B+,D+,THDN,MUT,202310,SO,THEA 22478,CotA,CotA,1.3,3.3,FR/SO Intervention Needed
78838,78838,Registered,THEA,25988,KC,B,C,THDN,THEA,202310,SO,THEA 25988,CotA,CotA,2.0,3.0,FR/SO Intervention Needed
78836,78836,Std Withdrawn,THEA,25988,KC,W,F,THDN,VCD,202310,JR,THEA 25988,CCI,CotA,0.0,0.0,JR/SR Intervention Needed
49763,49763,Registered,FDM,27868,KC,F,F,FDM,FD,202310,JR,FDM 27868,CotA,CotA,0.0,0.0,JR/SR Intervention Needed
78817,78817,Registered,THEA,25988,KC,B,D,THDN,TDTP,202310,FR,THEA 25988,CotA,CotA,1.0,3.0,FR/SO Intervention Needed
49801,49801,Registered,FDM,27868,KC,B,C,FDM,FD,202310,SO,FDM 27868,CotA,CotA,2.0,3.0,FR/SO Intervention Needed
78820,78820,Registered,THEA,25988,KC,C,C,THDN,THEA,202310,FR,THEA 25988,CotA,CotA,2.0,2.0,FR/SO Intervention Needed
49769,49769,Registered,FDM,27868,KC,C-,D,FDM,FD,202310,SO,FDM 27868,CotA,CotA,1.0,1.7,FR/SO Intervention Needed
49818,49818,Registered,FDM,27868,KC,B+,C,FDM,FD,202310,SO,FDM 27868,CotA,CotA,2.0,3.3,FR/SO Intervention Needed
49817,49817,Registered,FDM,27868,KC,C,F,FDM,FD,202310,JR,FDM 27868,CotA,CotA,0.0,2.0,JR/SR Intervention Needed
49781,49781,Registered,FDM,27868,KC,B,C,FDM,FD,202310,SO,FDM 27868,CotA,CotA,2.0,3.0,FR/SO Intervention Needed
49775,49775,Registered,FDM,27868,KC,A,C,FDM,FD,202310,SO,FDM 27868,CotA,CotA,2.0,4.0,FR/SO Intervention Needed
49773,49773,Registered,FDM,27868,KC,B-,C-,FDM,FD,202310,SO,FDM 27868,CotA,CotA,1.7,2.7,FR/SO Intervention Needed
49807,49807,Registered,FDM,27868,KC,D,C,FDM,FD,202310,SO,FDM 27868,CotA,CotA,2.0,1.0,FR/SO Intervention Needed
50514,50514,Registered,FDM,17764,KC,F,F,FDM,FD,202310,JR,FDM 17764,CotA,CotA,0.0,0.0,JR/SR Intervention Needed
49812,49812,Registered,FDM,27868,KC,B,F,FDM,FD,202310,SO,FDM 27868,CotA,CotA,0.0,3.0,FR/SO Intervention Needed
49811,49811,Registered,FDM,27868,KC,C,D,FDM,FD,202310,SO,FDM 27868,CotA,CotA,1.0,2.0,FR/SO Intervention Needed
50526,50526,Registered,FDM,17764,KC,B-,D,FDM,FD,202310,SO,FDM 17764,CotA,CotA,1.0,2.7,FR/SO Intervention Needed
50524,50524,Registered,FDM,17764,KC,F,F,FDM,FD,202310,SO,FDM 17764,CotA,CotA,0.0,0.0,FR/SO Intervention Needed
51109,51109,Registered,FDM,12721,KC,D,F,FDM,FD,202310,SO,FDM 12721,CotA,CotA,0.0,1.0,FR/SO Intervention Needed
51104,51104,Registered,FDM,12721,KC,C,C-,FDM,FD,202310,SO,FDM 12721,CotA,CotA,1.7,2.0,FR/SO Intervention Needed
51113,51113,Registered,FDM,12721,KC,F,F,FDM,FD,202310,SO,FDM 12721,CotA,CotA,0.0,0.0,FR/SO Intervention Needed
51102,51102,Registered,FDM,12721,KC,F,F,FDM,FD,202310,JR,FDM 12721,CotA,CotA,0.0,0.0,JR/SR Intervention Needed
20189,20189,Registered,CMGT,11015,KC,C+,C,ARCH,COMA,202310,SO,CMGT 11015,CAED,CAED,2.0,2.3,FR/SO Intervention Needed
20200,20200,Registered,CMGT,11015,KC,D+,D,ARCH,COMA,202310,SO,CMGT 11015,CAED,CAED,1.0,1.3,FR/SO Intervention Needed
20209,20209,Registered,CMGT,11015,KC,D+,D,ARCH,COMA,202310,FR,CMGT 11015,CAED,CAED,1.0,1.3,FR/SO Intervention Needed
20205,20205,Registered,CMGT,11015,KC,B+,C,ARCH,COMA,202310,SO,CMGT 11015,CAED,CAED,2.0,3.3,FR/SO Intervention Needed
20224,20224,Registered,CMGT,11015,KC,F,F,ARCH,COMA,202310,FR,CMGT 11015,CAED,CAED,0.0,0.0,FR/SO Intervention Needed
20221,20221,Registered,CMGT,11015,KC,C-,F,ARCH,COMA,202310,SO,CMGT 11015,CAED,CAED,0.0,1.7,FR/SO Intervention Needed
20220,20220,Std Withdrawn,CMGT,11015,KC,W,F,ARCH,COMA,202310,JR,CMGT 11015,CAED,CAED,0.0,0.0,JR/SR Intervention Needed
20218,20218,Registered,CMGT,11015,KC,C,D+,ARCH,COMA,202310,SO,CMGT 11015,CAED,CAED,1.3,2.0,FR/SO Intervention Needed
20214,20214,Registered,CMGT,11015,KC,C,D+,ARCH,COMA,202310,FR,CMGT 11015,CAED,CAED,1.3,2.0,FR/SO Intervention Needed
51202,51202,Registered,FDM,12721,KC,D+,F,FDM,FD,202310,SO,FDM 12721,CotA,CotA,0.0,1.3,FR/SO Intervention Needed
51167,51167,Std Withdrawn,FDM,12721,KC,W,F,FDM,FD,202310,SO,FDM 12721,CotA,CotA,0.0,0.0,FR/SO Intervention Needed
51175,51175,Registered,FDM,12721,KC,C-,D+,FDM,FD,202310,SO,FDM 12721,CotA,CotA,1.3,1.7,FR/SO Intervention Needed
51222,51222,Registered,FDM,12721,KC,F,F,FDM,FD,202310,JR,FDM 12721,CotA,CotA,0.0,0.0,JR/SR Intervention Needed
51221,51221,Registered,FDM,12721,KC,C,F,FDM,FD,202310,JR,FDM 12721,CotA,CotA,0.0,2.0,JR/SR Intervention Needed
51212,51212,Stopped Attending - Failed,FDM,12721,KC,SF,F,FDM,FD,202310,SO,FDM 12721,CotA,CotA,0.0,0.0,FR/SO Intervention Needed
54814,54814,Registered,ID,29543,KC,B-,C,ARCH,ID,202310,FR,ID 29543,CAED,CAED,2.0,2.7,FR/SO Intervention Needed
54801,54801,Registered,ID,29543,KC,C,D+,ARCH,ID,202310,SO,ID 29543,CAED,CAED,1.3,2.0,FR/SO Intervention Needed
54799,54799,Std Withdrawn,ID,29543,KC,W,D,ARCH,ID,202310,SO,ID 29543,CAED,CAED,1.0,0.0,FR/SO Intervention Needed
54818,54818,Stopped Attending - Failed,ID,29543,KC,SF,F,ARCH,ID,202310,FR,ID 29543,CAED,CAED,0.0,0.0,FR/SO Intervention Needed
54776,54776,Registered,ID,29543,KC,F,F,ARCH,ID,202310,FR,ID 29543,CAED,CAED,0.0,0.0,FR/SO Intervention Needed
54789,54789,Registered,ID,29543,KC,F,F,ARCH,ID,202310,FR,ID 29543,CAED,CAED,0.0,0.0,FR/SO Intervention Needed
20477,20477,Registered,CMGT,17964,KC,C,C-,ARCH,COMA,202310,FR,CMGT 17964,CAED,CAED,1.7,2.0,FR/SO Intervention Needed
20468,20468,Registered,CMGT,17964,KC,C,F,ARCH,COMA,202310,SO,CMGT 17964,CAED,CAED,0.0,2.0,FR/SO Intervention Needed
20483,20483,Stopped Attending - Failed,CMGT,17964,KC,SF,F,ARCH,COMA,202310,SO,CMGT 17964,CAED,CAED,0.0,0.0,FR/SO Intervention Needed
20507,20507,Registered,CMGT,17964,KC,B-,F,ARCH,COMA,202310,SO,CMGT 17964,CAED,CAED,0.0,2.7,FR/SO Intervention Needed
20501,20501,Registered,CMGT,17964,KC,B,C,ARCH,COMA,202310,SO,CMGT 17964,CAED,CAED,2.0,3.0,FR/SO Intervention Needed
20495,20495,Registered,CMGT,17964,KC,A,C-,ARCH,COMA,202310,SO,CMGT 17964,CAED,CAED,1.7,4.0,FR/SO Intervention Needed
20524,20524,Registered,CMGT,17964,KC,F,F,ARCH,COMA,202310,FR,CMGT 17964,CAED,CAED,0.0,0.0,FR/SO Intervention Needed
20523,20523,Registered,CMGT,17964,KC,C,D,ARCH,COMA,202310,FR,CMGT 17964,CAED,CAED,1.0,2.0,FR/SO Intervention Needed
20520,20520,Registered,CMGT,17964,KC,C+,C,ARCH,COMA,202310,FR,CMGT 17964,CAED,CAED,2.0,2.3,FR/SO Intervention Needed
20539,20539,Registered,CMGT,17964,KC,B-,C-,ARCH,COMA,202310,FR,CMGT 17964,CAED,CAED,1.7,2.7,FR/SO Intervention Needed
20557,20557,Std Withdrawn,CMGT,17964,KC,W,D,ARCH,COMA,202310,FR,CMGT 17964,CAED,CAED,1.0,0.0,FR/SO Intervention Needed
20552,20552,Registered,CMGT,17964,KC,C+,F,ARCH,COMA,202310,FR,CMGT 17964,CAED,CAED,0.0,2.3,FR/SO Intervention Needed
20546,20546,Registered,CMGT,17964,KC,A-,D,ARCH,COMA,202310,FR,CMGT 17964,CAED,CAED,1.0,3.7,FR/SO Intervention Needed
54557,54557,Registered,ID,19883,KC,C,D+,ARCH,ID,202310,SO,ID 19883,CAED,CAED,1.3,2.0,FR/SO Intervention Needed
54552,54552,Registered,ID,19883,KC,B,C,ARCH,ID,202310,FR,ID 19883,CAED,CAED,2.0,3.0,FR/SO Intervention Needed
54543,54543,Registered,ID,19883,KC,F,D+,ARCH,ID,202310,FR,ID 19883,CAED,CAED,1.3,0.0,FR/SO Intervention Needed
54541,54541,Registered,ID,19883,KC,D,D,ARCH,ID,202310,FR,ID 19883,CAED,CAED,1.0,1.0,FR/SO Intervention Needed
54532,54532,Registered,ID,19883,KC,D+,D+,ARCH,ID,202310,FR,ID 19883,CAED,CAED,1.3,1.3,FR/SO Intervention Needed
54519,54519,Registered,ID,19883,KC,C-,F,ARCH,ID,202310,FR,ID 19883,CAED,CAED,0.0,1.7,FR/SO Intervention Needed
54514,54514,Registered,ID,19883,KC,F,D,ARCH,ID,202310,FR,ID 19883,CAED,CAED,1.0,0.0,FR/SO Intervention Needed
54506,54506,Std Withdrawn,ID,19883,KC,W,F,ARCH,ID,202310,SO,ID 19883,CAED,CAED,0.0,0.0,FR/SO Intervention Needed
54503,54503,Registered,ID,19883,KC,A,F,ARCH,ID,202310,FR,ID 19883,CAED,CAED,0.0,4.0,FR/SO Intervention Needed
23867,23867,Registered,COMM,17591,KC,B-,C-,COMM,DMP,202310,FR,COMM 17591,CCI,CCI,1.7,2.7,FR/SO Intervention Needed
54488,54488,Registered,ID,19883,KC,F,C,ARCH,ID,202310,FR,ID 19883,CAED,CAED,2.0,0.0,FR/SO Intervention Needed
53920,53920,Registered,FDM,18819,KC,C+,F,FDM,FM,202310,SO,FDM 18819,CotA,CotA,0.0,2.3,FR/SO Intervention Needed
53889,53889,Registered,FDM,18819,KC,C,C,FDM,FM,202310,SO,FDM 18819,CotA,CotA,2.0,2.0,FR/SO Intervention Needed
53929,53929,Registered,FDM,18819,KC,C,D,FDM,FM,202310,SO,FDM 18819,CotA,CotA,1.0,2.0,FR/SO Intervention Needed
53927,53927,Registered,FDM,18819,KC,F,F,FDM,FM,202310,SO,FDM 18819,CotA,CotA,0.0,0.0,FR/SO Intervention Needed
53859,53859,Registered,FDM,18819,KC,A-,D,FDM,FM,202310,SO,FDM 18819,CotA,CotA,1.0,3.7,FR/SO Intervention Needed
53849,53849,Registered,FDM,18819,KC,B,F,FDM,FM,202310,SO,FDM 18819,CotA,CotA,0.0,3.0,FR/SO Intervention Needed
20868,20868,Stopped Attending - Failed,CMGT,19400,KC,SF,F,ARCH,COMA,202310,SR,CMGT 19400,CAED,CAED,0.0,0.0,JR/SR Intervention Needed
20875,20875,Registered,CMGT,19400,KC,F,C,ARCH,COMA,202310,SO,CMGT 19400,CAED,CAED,2.0,0.0,FR/SO Intervention Needed
20848,20848,Registered,CMGT,19400,KC,F,F,ARCH,COMA,202310,JR,CMGT 19400,CAED,CAED,0.0,0.0,JR/SR Intervention Needed
20857,20857,Registered,CMGT,19400,KC,B-,F,ARCH,COMA,202310,FR,CMGT 19400,CAED,CAED,0.0,2.7,FR/SO Intervention Needed
20915,20915,Registered,CMGT,19400,KC,A,F,ARCH,COMA,202310,FR,CMGT 19400,CAED,CAED,0.0,4.0,FR/SO Intervention Needed
20872,20872,Registered,CMGT,19400,KC,D+,C-,ARCH,COMA,202310,SO,CMGT 19400,CAED,CAED,1.7,1.3,FR/SO Intervention Needed
23768,23768,Registered,COMM,17591,KC,F,F,COMM,ID,202310,FR,COMM 17591,CAED,CCI,0.0,0.0,FR/SO Intervention Needed
23703,23703,Registered,COMM,17591,KC,B+,C-,COMM,ARTE,202310,SO,COMM 17591,CotA,CCI,1.7,3.3,FR/SO Intervention Needed
53167,53167,Registered,FDM,23628,KC,A-,C,FDM,FM,202310,SO,FDM 23628,CotA,CotA,2.0,3.7,FR/SO Intervention Needed
53136,53136,Registered,FDM,23628,KC,B,F,FDM,FM,202310,SO,FDM 23628,CotA,CotA,0.0,3.0,FR/SO Intervention Needed
53164,53164,Registered,FDM,23628,KC,F,D,FDM,FM,202310,SO,FDM 23628,CotA,CotA,1.0,0.0,FR/SO Intervention Needed
53156,53156,Registered,FDM,23628,KC,F,F,FDM,FM,202310,SO,FDM 23628,CotA,CotA,0.0,0.0,FR/SO Intervention Needed
53154,53154,Registered,FDM,23628,KC,D,F,FDM,FM,202310,SO,FDM 23628,CotA,CotA,0.0,1.0,FR/SO Intervention Needed
53146,53146,Registered,FDM,23628,KC,C,D,FDM,FM,202310,SO,FDM 23628,CotA,CotA,1.0,2.0,FR/SO Intervention Needed
53170,53170,Registered,FDM,23628,KC,C+,C,FDM,FM,202310,SO,FDM 23628,CotA,CotA,2.0,2.3,FR/SO Intervention Needed
53103,53103,Registered,FDM,23628,KC,C,D,FDM,FM,202310,SO,FDM 23628,CotA,CotA,1.0,2.0,FR/SO Intervention Needed
53124,53124,Registered,FDM,23628,KC,F,D,FDM,FM,202310,SO,FDM 23628,CotA,CotA,1.0,0.0,FR/SO Intervention Needed
53085,53085,Std Withdrawn,FDM,23628,KC,W,F,FDM,FM,202310,SO,FDM 23628,CotA,CotA,0.0,0.0,FR/SO Intervention Needed
53100,53100,Registered,FDM,23628,KC,C-,C-,FDM,FM,202310,SO,FDM 23628,CotA,CotA,1.7,1.7,FR/SO Intervention Needed
53090,53090,Registered,FDM,23628,KC,F,F,FDM,FM,202310,SO,FDM 23628,CotA,CotA,0.0,0.0,FR/SO Intervention Needed
21213,21213,Registered,CMGT,21745,KC,B-,C,ARCH,ARCH,202310,SO,CMGT 21745,CAED,CAED,2.0,2.7,FR/SO Intervention Needed
53080,53080,Registered,FDM,23628,KC,D+,D,FDM,FM,202310,SO,FDM 23628,CotA,CotA,1.0,1.3,FR/SO Intervention Needed
21231,21231,Registered,CMGT,21745,KC,F,F,ARCH,ARCH,202310,SO,CMGT 21745,CAED,CAED,0.0,0.0,FR/SO Intervention Needed
21223,21223,Registered,CMGT,21745,KC,A,F,ARCH,COMA,202310,FR,CMGT 21745,CAED,CAED,0.0,4.0,FR/SO Intervention Needed
21246,21246,Registered,CMGT,21745,KC,C,D,ARCH,ARCH,202310,FR,CMGT 21745,CAED,CAED,1.0,2.0,FR/SO Intervention Needed
21243,21243,Registered,CMGT,21745,KC,C,F,ARCH,COMA,202310,FR,CMGT 21745,CAED,CAED,0.0,2.0,FR/SO Intervention Needed
21238,21238,Registered,CMGT,21745,KC,C+,D,ARCH,COMA,202310,SO,CMGT 21745,CAED,CAED,1.0,2.3,FR/SO Intervention Needed
21258,21258,Std Withdrawn,CMGT,21745,KC,W,F,ARCH,COMA,202310,SO,CMGT 21745,CAED,CAED,0.0,0.0,FR/SO Intervention Needed
21270,21270,Registered,CMGT,21745,KC,B-,C,ARCH,COMA,202310,FR,CMGT 21745,CAED,CAED,2.0,2.7,FR/SO Intervention Needed
21250,21250,Registered,CMGT,21745,KC,A-,C-,ARCH,COMA,202310,SO,CMGT 21745,CAED,CAED,1.7,3.7,FR/SO Intervention Needed
21301,21301,Std Withdrawn,CMGT,21745,KC,W,D,ARCH,COMA,202310,SO,CMGT 21745,CAED,CAED,1.0,0.0,FR/SO Intervention Needed
21300,21300,Std Withdrawn,CMGT,21745,KC,W,D+,ARCH,COMA,202310,FR,CMGT 21745,CAED,CAED,1.3,0.0,FR/SO Intervention Needed
23601,23601,Registered,COMM,17591,KC,C,D,COMM,DMP,202310,FR,COMM 17591,CCI,CCI,1.0,2.0,FR/SO Intervention Needed
23552,23552,Registered,COMM,17591,KC,F,C-,COMM,DMP,202310,SO,COMM 17591,CCI,CCI,1.7,0.0,FR/SO Intervention Needed
52537,52537,Registered,FDM,19829,KC,C,C,FDM,FD,202310,SO,FDM 19829,CotA,CotA,2.0,2.0,FR/SO Intervention Needed
52521,52521,Registered,FDM,19829,KC,B,D,FDM,FD,202310,SO,FDM 19829,CotA,CotA,1.0,3.0,FR/SO Intervention Needed
52507,52507,Registered,FDM,19829,KC,F,F,FDM,FD,202310,JR,FDM 19829,CotA,CotA,0.0,0.0,JR/SR Intervention Needed
52503,52503,Registered,FDM,19829,KC,C,F,FDM,FD,202310,SO,FDM 19829,CotA,CotA,0.0,2.0,FR/SO Intervention Needed
52475,52475,Registered,FDM,19829,KC,F,F,FDM,FD,202310,SO,FDM 19829,CotA,CotA,0.0,0.0,FR/SO Intervention Needed
52468,52468,Registered,FDM,19829,KC,F,F,FDM,FD,202310,SO,FDM 19829,CotA,CotA,0.0,0.0,FR/SO Intervention Needed
23478,23478,Registered,COMM,17591,KC,C,C,COMM,DMP,202310,SO,COMM 17591,CCI,CCI,2.0,2.0,FR/SO Intervention Needed
23373,23373,Registered,COMM,17591,KC,F,F,COMM,VCD,202310,JR,COMM 17591,CCI,CCI,0.0,0.0,JR/SR Intervention Needed
23331,23331,Registered,COMM,17591,KC,C+,C,COMM,ARTE,202310,SO,COMM 17591,CotA,CCI,2.0,2.3,FR/SO Intervention Needed
76083,76083,Std Withdrawn,MUS,22669,KC,W,F,MUS,MUED,202310,SO,MUS 22669,CotA,CotA,0.0,0.0,FR/SO Intervention Needed
76094,76094,Stopped Attending - Failed,MUS,22669,KC,SF,F,MUS,MUED,202310,FR,MUS 22669,CotA,CotA,0.0,0.0,FR/SO Intervention Needed
7175,7175,Registered,ARCH,14841,KC,B,C,ARCH,ARCH,202310,SO,ARCH 14841,CAED,CAED,2.0,3.0,FR/SO Intervention Needed
78435,78435,Registered,THEA,15947,KC,C+,C,THDN,TDTP,202310,FR,THEA 15947,CotA,CotA,2.0,2.3,FR/SO Intervention Needed
78424,78424,Registered,THEA,15947,KC,B,C-,THDN,TDTP,202310,FR,THEA 15947,CotA,CotA,1.7,3.0,FR/SO Intervention Needed
78239,78239,Registered,THEA,22915,KC,C+,F,THDN,TDTP,202310,JR,THEA 22915,CotA,CotA,0.0,2.3,JR/SR Intervention Needed
78258,78258,Registered,THEA,22915,KC,B,C-,THDN,THEA,202310,FR,THEA 22915,CotA,CotA,1.7,3.0,FR/SO Intervention Needed
78011,78011,Registered,THEA,17060,KC,A-,C,THDN,MUT,202310,FR,THEA 17060,CotA,CotA,2.0,3.7,FR/SO Intervention Needed
77994,77994,Stopped Attending - Failed,THEA,17060,KC,SF,SF,THDN,THEA,202310,FR,THEA 17060,CotA,CotA,0.0,0.0,FR/SO Intervention Needed
77993,77993,Registered,THEA,17060,KC,D+,D,THDN,THEA,202310,FR,THEA 17060,CotA,CotA,1.0,1.3,FR/SO Intervention Needed
77991,77991,Registered,THEA,17060,KC,B-,C,THDN,MUT,202310,SO,THEA 17060,CotA,CotA,2.0,2.7,FR/SO Intervention Needed
77983,77983,Registered,THEA,17060,KC,C,C,THDN,THEA,202310,FR,THEA 17060,CotA,CotA,2.0,2.0,FR/SO Intervention Needed
78012,78012,Registered,THEA,17060,KC,B,C,THDN,FD,202310,FR,THEA 17060,CotA,CotA,2.0,3.0,FR/SO Intervention Needed
77730,77730,Registered,THEA,22559,KC,F,C,THDN,THEA,202310,SO,THEA 22559,CotA,CotA,2.0,0.0,FR/SO Intervention Needed
77980,77980,Registered,THEA,17060,KC,C,D,THDN,THEA,202310,SO,THEA 17060,CotA,CotA,1.0,2.0,FR/SO Intervention Needed
77979,77979,Registered,THEA,17060,KC,D+,D,THDN,THEA,202310,FR,THEA 17060,CotA,CotA,1.0,1.3,FR/SO Intervention Needed
77977,77977,Registered,THEA,17060,KC,B,D,THDN,TDTP,202310,FR,THEA 17060,CotA,CotA,1.0,3.0,FR/SO Intervention Needed
77688,77688,Registered,THEA,22559,KC,C,D,THDN,MUT,202310,FR,THEA 22559,CotA,CotA,1.0,2.0,FR/SO Intervention Needed
77686,77686,Registered,THEA,22559,KC,B,C,THDN,MUT,202310,FR,THEA 22559,CotA,CotA,2.0,3.0,FR/SO Intervention Needed
51830,51830,Registered,FDM,25693,KC,A-,C-,FDM,FD,202310,SO,FDM 25693,CotA,CotA,1.7,3.7,FR/SO Intervention Needed
51812,51812,Stopped Attending - Failed,FDM,25693,KC,SF,F,FDM,FD,202310,SO,FDM 25693,CotA,CotA,0.0,0.0,FR/SO Intervention Needed
51768,51768,Registered,FDM,25693,KC,C,C,FDM,FD,202310,SO,FDM 25693,CotA,CotA,2.0,2.0,FR/SO Intervention Needed
51785,51785,Registered,FDM,25693,KC,F,F,FDM,FD,202310,SO,FDM 25693,CotA,CotA,0.0,0.0,FR/SO Intervention Needed
51746,51746,Registered,FDM,25693,KC,A,C,FDM,FD,202310,SO,FDM 25693,CotA,CotA,2.0,4.0,FR/SO Intervention Needed
7157,7157,Registered,ARCH,14841,KC,D,F,ARCH,ARCH,202310,FR,ARCH 14841,CAED,CAED,0.0,1.0,FR/SO Intervention Needed
7152,7152,Registered,ARCH,14841,KC,B,C-,ARCH,ARCH,202310,FR,ARCH 14841,CAED,CAED,1.7,3.0,FR/SO Intervention Needed
7148,7148,Registered,ARCH,14841,KC,B-,C,ARCH,ARCH,202310,SO,ARCH 14841,CAED,CAED,2.0,2.7,FR/SO Intervention Needed
51759,51759,Registered,FDM,25693,KC,B,C-,FDM,FD,202310,SO,FDM 25693,CotA,CotA,1.7,3.0,FR/SO Intervention Needed
7142,7142,Registered,ARCH,14841,KC,D+,C,ARCH,ARCH,202310,SO,ARCH 14841,CAED,CAED,2.0,1.3,FR/SO Intervention Needed
7137,7137,Registered,ARCH,14841,KC,B,C-,ARCH,ARCH,202310,FR,ARCH 14841,CAED,CAED,1.7,3.0,FR/SO Intervention Needed
7129,7129,Registered,ARCH,14841,KC,B+,D+,ARCH,ARCH,202310,SO,ARCH 14841,CAED,CAED,1.3,3.3,FR/SO Intervention Needed
7128,7128,Registered,ARCH,14841,KC,F,F,ARCH,ARCH,202310,SO,ARCH 14841,CAED,CAED,0.0,0.0,FR/SO Intervention Needed
7123,7123,Registered,ARCH,14841,KC,B,F,ARCH,ARCH,202310,FR,ARCH 14841,CAED,CAED,0.0,3.0,FR/SO Intervention Needed
7120,7120,Std Withdrawn,ARCH,14841,KC,W,F,ARCH,ARCH,202310,FR,ARCH 14841,CAED,CAED,0.0,0.0,FR/SO Intervention Needed
7104,7104,Registered,ARCH,14841,KC,A-,C-,ARCH,ARCH,202310,FR,ARCH 14841,CAED,CAED,1.7,3.7,FR/SO Intervention Needed
77684,77684,Registered,THEA,22559,KC,C,F,THDN,THEA,202310,FR,THEA 22559,CotA,CotA,0.0,2.0,FR/SO Intervention Needed
77703,77703,Registered,THEA,22559,KC,D+,D,THDN,MUT,202310,SO,THEA 22559,CotA,CotA,1.0,1.3,FR/SO Intervention Needed
7117,7117,Registered,ARCH,14841,KC,B+,C,ARCH,ARCH,202310,SO,ARCH 14841,CAED,CAED,2.0,3.3,FR/SO Intervention Needed
77438,77438,Registered,THEA,28661,KC,A-,D,THDN,THEA,202310,FR,THEA 28661,CotA,CotA,1.0,3.7,FR/SO Intervention Needed
77283,77283,Registered,THEA,26012,KC,F,F,THDN,THEA,202310,FR,THEA 26012,CotA,CotA,0.0,0.0,FR/SO Intervention Needed
5914,5914,Registered,ARCH,15217,KC,B,C,ARCH,ARCH,202310,FR,ARCH 15217,CAED,CAED,2.0,3.0,FR/SO Intervention Needed
5904,5904,Registered,ARCH,15217,KC,C,C,ARCH,ARCH,202310,FR,ARCH 15217,CAED,CAED,2.0,2.0,FR/SO Intervention Needed
5930,5930,Std Withdrawn,ARCH,15217,KC,W,D,ARCH,ARCH,202310,SO,ARCH 15217,CAED,CAED,1.0,0.0,FR/SO Intervention Needed
5922,5922,Registered,ARCH,15217,KC,F,F,ARCH,ARCS,202310,SO,ARCH 15217,CAED,CAED,0.0,0.0,FR/SO Intervention Needed
5938,5938,Registered,ARCH,15217,KC,F,F,ARCH,ARCS,202310,FR,ARCH 15217,CAED,CAED,0.0,0.0,FR/SO Intervention Needed
6595,6595,Registered,ARCH,22860,KC,D,F,ARCH,ARCH,202310,FR,ARCH 22860,CAED,CAED,0.0,1.0,FR/SO Intervention Needed
76706,76706,Registered,THEA,10881,KC,F,F,THDN,SART,202310,FR,THEA 10881,CotA,CotA,0.0,0.0,FR/SO Intervention Needed
76701,76701,Std Withdrawn,THEA,10881,KC,W,C,THDN,FM,202310,SO,THEA 10881,CotA,CotA,2.0,0.0,FR/SO Intervention Needed
76692,76692,Registered,THEA,10881,KC,C+,C,THDN,FM,202310,FR,THEA 10881,CotA,CotA,2.0,2.3,FR/SO Intervention Needed
76722,76722,Registered,THEA,10881,KC,D,D,THDN,VCD,202310,SO,THEA 10881,CCI,CotA,1.0,1.0,FR/SO Intervention Needed
76710,76710,Registered,THEA,10881,KC,C,F,THDN,FM,202310,JR,THEA 10881,CotA,CotA,0.0,2.0,JR/SR Intervention Needed
76759,76759,Registered,THEA,10881,KC,C-,C-,THDN,FM,202310,FR,THEA 10881,CotA,CotA,1.7,1.7,FR/SO Intervention Needed
76750,76750,Registered,THEA,10881,KC,C,D,THDN,THEA,202310,FR,THEA 10881,CotA,CotA,1.0,2.0,FR/SO Intervention Needed
76776,76776,Registered,THEA,10881,KC,F,F,THDN,TDTP,202310,FR,THEA 10881,CotA,CotA,0.0,0.0,FR/SO Intervention Needed
76796,76796,Registered,THEA,10881,KC,D,F,THDN,ARCH,202310,FR,THEA 10881,CAED,CotA,0.0,1.0,FR/SO Intervention Needed
76773,76773,Registered,THEA,10881,KC,B,F,THDN,DMP,202310,FR,THEA 10881,CCI,CotA,0.0,3.0,FR/SO Intervention Needed
76832,76832,Registered,THEA,10881,KC,F,F,THDN,SART,202310,SR,THEA 10881,CotA,CotA,0.0,0.0,JR/SR Intervention Needed
76836,76836,Registered,THEA,10881,KC,B-,F,THDN,FM,202310,JR,THEA 10881,CotA,CotA,0.0,2.7,JR/SR Intervention Needed
76924,76924,Registered,THEA,10881,KC,B-,C,THDN,FM,202310,SO,THEA 10881,CotA,CotA,2.0,2.7,FR/SO Intervention Needed
76909,76909,Registered,THEA,10881,KC,C+,D,THDN,JNL,202310,SO,THEA 10881,CCI,CotA,1.0,2.3,FR/SO Intervention Needed
76936,76936,Registered,THEA,10881,KC,B-,D,THDN,DMP,202310,SO,THEA 10881,CCI,CotA,1.0,2.7,FR/SO Intervention Needed
76955,76955,Registered,THEA,10881,KC,C+,C,THDN,MUT,202310,FR,THEA 10881,CotA,CotA,2.0,2.3,FR/SO Intervention Needed
76916,76916,Registered,THEA,10881,KC,F,D,THDN,VCD,202310,SO,THEA 10881,CCI,CotA,1.0,0.0,FR/SO Intervention Needed
76945,76945,Registered,THEA,10881,KC,F,F,THDN,ID,202310,JR,THEA 10881,CAED,CotA,0.0,0.0,JR/SR Intervention Needed
76965,76965,Registered,THEA,10881,KC,D,D,THDN,ID,202310,FR,THEA 10881,CAED,CotA,1.0,1.0,FR/SO Intervention Needed
5951,5951,Registered,ARCH,15217,KC,C-,D,ARCH,ARCH,202310,FR,ARCH 15217,CAED,CAED,1.0,1.7,FR/SO Intervention Needed
5995,5995,Registered,ARCH,15217,KC,B-,C,ARCH,ARCH,202310,FR,ARCH 15217,CAED,CAED,2.0,2.7,FR/SO Intervention Needed
5999,5999,Registered,ARCH,15217,KC,C-,C,ARCH,ARCH,202310,FR,ARCH 15217,CAED,CAED,2.0,1.7,FR/SO Intervention Needed
5987,5987,Registered,ARCH,15217,KC,C,C,ARCH,ARCH,202310,FR,ARCH 15217,CAED,CAED,2.0,2.0,FR/SO Intervention Needed
85309,85309,Registered,MDJ,20288,KC,C-,F,MDJ,DMP,202310,JR,MDJ 20288,CCI,CCI,0.0,1.7,JR/SR Intervention Needed
85316,85316,Registered,MDJ,20288,KC,C,C-,MDJ,FM,202310,SO,MDJ 20288,CotA,CCI,1.7,2.0,FR/SO Intervention Needed
85315,85315,Registered,MDJ,20288,KC,A-,D,MDJ,FM,202310,SO,MDJ 20288,CotA,CCI,1.0,3.7,FR/SO Intervention Needed
112,112,Registered,AED,22860,KC,C-,F,ARCH,ID,202310,SO,AED 22860,CAED,CAED,0.0,1.7,FR/SO Intervention Needed
77091,77091,Registered,THEA,29275,KC,C-,F,THDN,THEA,202380,FR,THEA 29275,CotA,CotA,0.0,1.7,FR/SO Intervention Needed
77089,77089,Registered,THEA,29275,KC,C-,F,THDN,THEA,202380,FR,THEA 29275,CotA,CotA,0.0,1.7,FR/SO Intervention Needed
77071,77071,Registered,THEA,29275,KC,B,C,THDN,THEA,202380,FR,THEA 29275,CotA,CotA,2.0,3.0,FR/SO Intervention Needed
77069,77069,Registered,THEA,29275,KC,B,D+,THDN,THEA,202380,FR,THEA 29275,CotA,CotA,1.3,3.0,FR/SO Intervention Needed
77100,77100,Registered,THEA,29275,KC,B-,C,THDN,MUT,202380,FR,THEA 29275,CotA,CotA,2.0,2.7,FR/SO Intervention Needed
77064,77064,Stopped Attending - Failed,THEA,29275,KC,SF,F,THDN,TDTP,202380,FR,THEA 29275,CotA,CotA,0.0,0.0,FR/SO Intervention Needed
77062,77062,Registered,THEA,29275,KC,B+,C,THDN,THEA,202380,FR,THEA 29275,CotA,CotA,2.0,3.3,FR/SO Intervention Needed
6629,6629,Registered,ARCH,22860,KC,D+,C,ARCH,ARCH,202380,FR,ARCH 22860,CAED,CAED,2.0,1.3,FR/SO Intervention Needed
6617,6617,Registered,ARCH,22860,KC,C,D,ARCH,ARCH,202380,SO,ARCH 22860,CAED,CAED,1.0,2.0,FR/SO Intervention Needed
6648,6648,Registered,ARCH,22860,KC,B,F,ARCH,ARCH,202380,FR,ARCH 22860,CAED,CAED,0.0,3.0,FR/SO Intervention Needed
6638,6638,Registered,ARCH,22860,KC,A-,D,ARCH,ARCH,202380,FR,ARCH 22860,CAED,CAED,1.0,3.7,FR/SO Intervention Needed
6659,6659,Registered,ARCH,22860,KC,B-,D,ARCH,ARCH,202380,FR,ARCH 22860,CAED,CAED,1.0,2.7,FR/SO Intervention Needed
6656,6656,Registered,ARCH,22860,KC,C,F,ARCH,ARCH,202380,FR,ARCH 22860,CAED,CAED,0.0,2.0,FR/SO Intervention Needed
6671,6671,Registered,ARCH,22860,KC,C-,F,ARCH,ARCH,202380,FR,ARCH 22860,CAED,CAED,0.0,1.7,FR/SO Intervention Needed
6669,6669,Registered,ARCH,22860,KC,B-,D,ARCH,ARCH,202380,FR,ARCH 22860,CAED,CAED,1.0,2.7,FR/SO Intervention Needed
6696,6696,Registered,ARCH,22860,KC,D+,C-,ARCH,ARCH,202380,FR,ARCH 22860,CAED,CAED,1.7,1.3,FR/SO Intervention Needed
77304,77304,Registered,THEA,26012,KC,A-,C,THDN,THEA,202380,FR,THEA 26012,CotA,CotA,2.0,3.7,FR/SO Intervention Needed
77301,77301,Registered,THEA,26012,KC,F,F,THDN,THEA,202380,SO,THEA 26012,CotA,CotA,0.0,0.0,FR/SO Intervention Needed
77292,77292,Registered,THEA,26012,KC,B,F,THDN,THEA,202380,FR,THEA 26012,CotA,CotA,0.0,3.0,FR/SO Intervention Needed
77315,77315,Registered,THEA,26012,KC,A-,C-,THDN,THEA,202380,FR,THEA 26012,CotA,CotA,1.7,3.7,FR/SO Intervention Needed
77334,77334,Registered,THEA,26012,KC,D,D,THDN,THEA,202380,FR,THEA 26012,CotA,CotA,1.0,1.0,FR/SO Intervention Needed
77329,77329,Registered,THEA,26012,KC,D,D+,THDN,ARTE,202380,FR,THEA 26012,CotA,CotA,1.3,1.0,FR/SO Intervention Needed
77297,77297,Registered,THEA,26012,KC,F,F,THDN,FD,202380,SO,THEA 26012,CotA,CotA,0.0,0.0,FR/SO Intervention Needed
6688,6688,Registered,ARCH,22860,KC,C-,F,ARCH,ARCH,202380,SO,ARCH 22860,CAED,CAED,0.0,1.7,FR/SO Intervention Needed
77448,77448,Registered,THEA,28661,KC,C-,C,THDN,TDTP,202380,SO,THEA 28661,CotA,CotA,2.0,1.7,FR/SO Intervention Needed
77312,77312,Std Withdrawn,THEA,26012,KC,W,F,THDN,DMP,202380,SO,THEA 26012,CCI,CotA,0.0,0.0,FR/SO Intervention Needed
77310,77310,Registered,THEA,26012,KC,B,C,THDN,THEA,202380,FR,THEA 26012,CotA,CotA,2.0,3.0,FR/SO Intervention Needed
77336,77336,Registered,THEA,26012,KC,A,D+,THDN,THEA,202380,FR,THEA 26012,CotA,CotA,1.3,4.0,FR/SO Intervention Needed
77457,77457,Registered,THEA,28661,KC,C+,C,THDN,TDTP,202380,FR,THEA 28661,CotA,CotA,2.0,2.3,FR/SO Intervention Needed
77454,77454,Registered,THEA,28661,KC,C,F,THDN,TDTP,202380,FR,THEA 28661,CotA,CotA,0.0,2.0,FR/SO Intervention Needed
6702,6702,Registered,ARCH,22860,KC,F,F,ARCH,ARCH,202380,FR,ARCH 22860,CAED,CAED,0.0,0.0,FR/SO Intervention Needed
6722,6722,Registered,ARCH,22860,KC,B,C-,ARCH,ARCH,202380,FR,ARCH 22860,CAED,CAED,1.7,3.0,FR/SO Intervention Needed
77736,77736,Registered,THEA,22559,KC,F,F,THDN,TDTP,202380,FR,THEA 22559,CotA,CotA,0.0,0.0,FR/SO Intervention Needed
77782,77782,Std Withdrawn,THEA,22559,KC,W,SF,THDN,THEA,202380,FR,THEA 22559,CotA,CotA,0.0,0.0,FR/SO Intervention Needed
77766,77766,Registered,THEA,22559,KC,B-,C-,THDN,THEA,202380,SO,THEA 22559,CotA,CotA,1.7,2.7,FR/SO Intervention Needed
21851,21851,Registered,CMGT,23815,KC,C,C,ARCH,COMA,202380,SO,CMGT 23815,CAED,CAED,2.0,2.0,FR/SO Intervention Needed
78033,78033,Registered,THEA,17060,KC,F,F,THDN,TDTP,202380,FR,THEA 17060,CotA,CotA,0.0,0.0,FR/SO Intervention Needed
78032,78032,Registered,THEA,17060,KC,B+,F,THDN,VCD,202380,SO,THEA 17060,CCI,CotA,0.0,3.3,FR/SO Intervention Needed
78021,78021,Std Withdrawn,THEA,17060,KC,W,F,THDN,THEA,202380,FR,THEA 17060,CotA,CotA,0.0,0.0,FR/SO Intervention Needed
78040,78040,Registered,THEA,17060,KC,C-,F,THDN,THEA,202380,FR,THEA 17060,CotA,CotA,0.0,1.7,FR/SO Intervention Needed
78058,78058,Registered,THEA,17060,KC,D+,D+,THDN,TDTP,202380,FR,THEA 17060,CotA,CotA,1.3,1.3,FR/SO Intervention Needed
78054,78054,Registered,THEA,17060,KC,D+,C,THDN,THEA,202380,FR,THEA 17060,CotA,CotA,2.0,1.3,FR/SO Intervention Needed
78068,78068,Stopped Attending - Failed,THEA,17060,KC,SF,D,THDN,FD,202380,SO,THEA 17060,CotA,CotA,1.0,0.0,FR/SO Intervention Needed
78285,78285,Registered,THEA,22915,KC,B,C-,THDN,THEA,202380,SO,THEA 22915,CotA,CotA,1.7,3.0,FR/SO Intervention Needed
78282,78282,Registered,THEA,22915,KC,C-,F,THDN,TDTP,202380,SR,THEA 22915,CotA,CotA,0.0,1.7,JR/SR Intervention Needed
21783,21783,Registered,CMGT,23815,KC,B+,C,ARCH,COMA,202380,SO,CMGT 23815,CAED,CAED,2.0,3.3,FR/SO Intervention Needed
78294,78294,Registered,THEA,22915,KC,C+,C,THDN,THEA,202380,SO,THEA 22915,CotA,CotA,2.0,2.3,FR/SO Intervention Needed
21781,21781,Registered,CMGT,23815,KC,B,F,ARCH,COMA,202380,SO,CMGT 23815,CAED,CAED,0.0,3.0,FR/SO Intervention Needed
21810,21810,Registered,CMGT,23815,KC,C+,C,ARCH,COMA,202380,SO,CMGT 23815,CAED,CAED,2.0,2.3,FR/SO Intervention Needed
21807,21807,Registered,CMGT,23815,KC,C+,D+,ARCH,COMA,202380,SO,CMGT 23815,CAED,CAED,1.3,2.3,FR/SO Intervention Needed
78302,78302,Registered,THEA,22915,KC,A,C,THDN,THEA,202380,SO,THEA 22915,CotA,CotA,2.0,4.0,FR/SO Intervention Needed
78449,78449,Registered,THEA,15947,KC,C-,D,THDN,TDTP,202380,FR,THEA 15947,CotA,CotA,1.0,1.7,FR/SO Intervention Needed
78448,78448,Registered,THEA,15947,KC,B,C-,THDN,TDTP,202380,FR,THEA 15947,CotA,CotA,1.7,3.0,FR/SO Intervention Needed
78442,78442,Registered,THEA,15947,KC,B-,C,THDN,TDTP,202380,SO,THEA 15947,CotA,CotA,2.0,2.7,FR/SO Intervention Needed
78440,78440,Registered,THEA,15947,KC,D,F,THDN,TDTP,202380,FR,THEA 15947,CotA,CotA,0.0,1.0,FR/SO Intervention Needed
21793,21793,Registered,CMGT,23815,KC,D,F,ARCH,COMA,202380,SO,CMGT 23815,CAED,CAED,0.0,1.0,FR/SO Intervention Needed
78460,78460,Registered,THEA,15947,KC,F,F,THDN,TDTP,202380,SO,THEA 15947,CotA,CotA,0.0,0.0,FR/SO Intervention Needed
78685,78685,Registered,THEA,11654,KC,F,F,THDN,MUT,202380,JR,THEA 11654,CotA,CotA,0.0,0.0,JR/SR Intervention Needed
5163,5163,Registered,ARCH,11467,KC,B,C-,ARCH,ARCH,202380,FR,ARCH 11467,CAED,CAED,1.7,3.0,FR/SO Intervention Needed
5149,5149,Registered,ARCH,11467,KC,C,C,ARCH,ID,202380,SO,ARCH 11467,CAED,CAED,2.0,2.0,FR/SO Intervention Needed
5177,5177,Registered,ARCH,11467,KC,B-,D+,ARCH,ARCH,202380,SO,ARCH 11467,CAED,CAED,1.3,2.7,FR/SO Intervention Needed
5176,5176,Registered,ARCH,11467,KC,C,D,ARCH,ARCH,202380,SO,ARCH 11467,CAED,CAED,1.0,2.0,FR/SO Intervention Needed
5119,5119,Registered,ARCH,11467,KC,C,D,ARCH,COMA,202380,FR,ARCH 11467,CAED,CAED,1.0,2.0,FR/SO Intervention Needed
5118,5118,Registered,ARCH,11467,KC,F,F,ARCH,ARCH,202380,FR,ARCH 11467,CAED,CAED,0.0,0.0,FR/SO Intervention Needed
5114,5114,Stopped Attending - Failed,ARCH,11467,KC,SF,SF,ARCH,ARCH,202380,FR,ARCH 11467,CAED,CAED,0.0,0.0,FR/SO Intervention Needed
5123,5123,Registered,ARCH,11467,KC,C,D,ARCH,ID,202380,SO,ARCH 11467,CAED,CAED,1.0,2.0,FR/SO Intervention Needed
5085,5085,Registered,ARCH,11467,KC,D+,D,ARCH,ID,202380,SO,ARCH 11467,CAED,CAED,1.0,1.3,FR/SO Intervention Needed
5068,5068,Registered,ARCH,11467,KC,F,F,ARCH,ARCH,202380,FR,ARCH 11467,CAED,CAED,0.0,0.0,FR/SO Intervention Needed
5075,5075,Registered,ARCH,11467,KC,B+,C,ARCH,ID,202380,SO,ARCH 11467,CAED,CAED,2.0,3.3,FR/SO Intervention Needed
51897,51897,Registered,FDM,25693,KC,D+,C-,FDM,FD,202380,SO,FDM 25693,CotA,CotA,1.7,1.3,FR/SO Intervention Needed
51890,51890,Registered,FDM,25693,KC,F,F,FDM,FD,202380,SO,FDM 25693,CotA,CotA,0.0,0.0,FR/SO Intervention Needed
5062,5062,Registered,ARCH,11467,KC,B+,D+,ARCH,ID,202380,SO,ARCH 11467,CAED,CAED,1.3,3.3,FR/SO Intervention Needed
5059,5059,Registered,ARCH,11467,KC,C,F,ARCH,ARCH,202380,SO,ARCH 11467,CAED,CAED,0.0,2.0,FR/SO Intervention Needed
73216,73216,Registered,MUS,23241,KC,A-,D+,MUS,COMM,202380,FR,MUS 23241,CCI,CotA,1.3,3.7,FR/SO Intervention Needed
51907,51907,Registered,FDM,25693,KC,F,F,FDM,FD,202380,JR,FDM 25693,CotA,CotA,0.0,0.0,JR/SR Intervention Needed
51931,51931,Registered,FDM,25693,KC,C+,C,FDM,FD,202380,SO,FDM 25693,CotA,CotA,2.0,2.3,FR/SO Intervention Needed
51921,51921,Registered,FDM,25693,KC,C,C,FDM,FD,202380,SO,FDM 25693,CotA,CotA,2.0,2.0,FR/SO Intervention Needed
51946,51946,Registered,FDM,25693,KC,C+,C-,FDM,FD,202380,SO,FDM 25693,CotA,CotA,1.7,2.3,FR/SO Intervention Needed
51954,51954,Registered,FDM,25693,KC,C,D,FDM,FD,202380,SO,FDM 25693,CotA,CotA,1.0,2.0,FR/SO Intervention Needed
51980,51980,Registered,FDM,25693,KC,D,F,FDM,FD,202380,SO,FDM 25693,CotA,CotA,0.0,1.0,FR/SO Intervention Needed
51979,51979,Registered,FDM,25693,KC,C,C-,FDM,FD,202380,FR,FDM 25693,CotA,CotA,1.7,2.0,FR/SO Intervention Needed
51971,51971,Registered,FDM,25693,KC,C+,C,FDM,FD,202380,SO,FDM 25693,CotA,CotA,2.0,2.3,FR/SO Intervention Needed
51994,51994,Stopped Attending - Failed,FDM,25693,KC,SF,F,FDM,FD,202380,SO,FDM 25693,CotA,CotA,0.0,0.0,FR/SO Intervention Needed
51992,51992,Registered,FDM,25693,KC,D,F,FDM,FD,202380,SO,FDM 25693,CotA,CotA,0.0,1.0,FR/SO Intervention Needed
53223,53223,Registered,FDM,23628,KC,C,C,FDM,FM,202380,SO,FDM 23628,CotA,CotA,2.0,2.0,FR/SO Intervention Needed
53221,53221,Registered,FDM,23628,KC,C,C,FDM,FM,202380,SO,FDM 23628,CotA,CotA,2.0,2.0,FR/SO Intervention Needed
53220,53220,Registered,FDM,23628,KC,,F,FDM,FM,202380,SO,FDM 23628,CotA,CotA,0.0,,FR/SO Intervention Needed
53217,53217,Registered,FDM,23628,KC,C,C,FDM,FM,202380,SO,FDM 23628,CotA,CotA,2.0,2.0,FR/SO Intervention Needed
53235,53235,Registered,FDM,23628,KC,F,C,FDM,FD,202380,SO,FDM 23628,CotA,CotA,2.0,0.0,FR/SO Intervention Needed
53199,53199,Registered,FDM,23628,KC,B-,C,FDM,FM,202380,SO,FDM 23628,CotA,CotA,2.0,2.7,FR/SO Intervention Needed
53242,53242,Registered,FDM,23628,KC,F,F,FDM,FM,202380,SO,FDM 23628,CotA,CotA,0.0,0.0,FR/SO Intervention Needed
53258,53258,Registered,FDM,23628,KC,B,C,FDM,FM,202380,SO,FDM 23628,CotA,CotA,2.0,3.0,FR/SO Intervention Needed
53283,53283,Stopped Attending - Failed,FDM,23628,KC,SF,D,FDM,FM,202380,SO,FDM 23628,CotA,CotA,1.0,0.0,FR/SO Intervention Needed
72978,72978,Registered,MUS,23241,KC,B,C-,MUS,FM,202380,SO,MUS 23241,CotA,CotA,1.7,3.0,FR/SO Intervention Needed
72955,72955,Std Withdrawn,MUS,23241,KC,W,F,MUS,TDTP,202380,JR,MUS 23241,CotA,CotA,0.0,0.0,JR/SR Intervention Needed
53961,53961,Registered,FDM,18819,KC,F,C-,FDM,FM,202380,FR,FDM 18819,CotA,CotA,1.7,0.0,FR/SO Intervention Needed
53951,53951,Registered,FDM,18819,KC,F,F,FDM,JNL,202380,JR,FDM 18819,CCI,CotA,0.0,0.0,JR/SR Intervention Needed
53973,53973,Registered,FDM,18819,KC,F,F,FDM,FM,202380,SO,FDM 18819,CotA,CotA,0.0,0.0,FR/SO Intervention Needed
53981,53981,Std Withdrawn,FDM,18819,KC,W,F,FDM,FM,202380,SR,FDM 18819,CotA,CotA,0.0,0.0,JR/SR Intervention Needed
54012,54012,Registered,FDM,18819,KC,C+,D,FDM,FM,202380,SO,FDM 18819,CotA,CotA,1.0,2.3,FR/SO Intervention Needed
7629,7629,Registered,ARCH,24669,KC,C,F,ARCH,ARCH,202380,JR,ARCH 24669,CAED,CAED,0.0,2.0,JR/SR Intervention Needed
7627,7627,Registered,ARCH,24669,KC,B,C,ARCH,ARCH,202380,SO,ARCH 24669,CAED,CAED,2.0,3.0,FR/SO Intervention Needed
7624,7624,Registered,ARCH,24669,KC,A-,C,ARCH,ARCH,202380,SO,ARCH 24669,CAED,CAED,2.0,3.7,FR/SO Intervention Needed
7659,7659,Stopped Attending - Failed,ARCH,24669,KC,SF,F,ARCH,ARCH,202380,SO,ARCH 24669,CAED,CAED,0.0,0.0,FR/SO Intervention Needed
7654,7654,Registered,ARCH,24669,KC,F,C,ARCH,ARCH,202380,SO,ARCH 24669,CAED,CAED,2.0,0.0,FR/SO Intervention Needed
7663,7663,Registered,ARCH,24669,KC,D+,C,ARCH,ARCH,202380,SO,ARCH 24669,CAED,CAED,2.0,1.3,FR/SO Intervention Needed
7692,7692,Registered,ARCH,24669,KC,B+,C,ARCH,ARCH,202380,SO,ARCH 24669,CAED,CAED,2.0,3.3,FR/SO Intervention Needed
23990,23990,Std Withdrawn,COMM,17591,KC,W,F,COMM,DMP,202380,SR,COMM 17591,CCI,CCI,0.0,0.0,JR/SR Intervention Needed
24001,24001,Registered,COMM,17591,KC,F,F,COMM,PHOT,202380,JR,COMM 17591,CCI,CCI,0.0,0.0,JR/SR Intervention Needed
24035,24035,Registered,COMM,17591,KC,F,F,COMM,VCD,202380,JR,COMM 17591,CCI,CCI,0.0,0.0,JR/SR Intervention Needed
24062,24062,Registered,COMM,17591,KC,F,F,COMM,VCD,202380,SO,COMM 17591,CCI,CCI,0.0,0.0,FR/SO Intervention Needed
24147,24147,Registered,COMM,17591,KC,D,D+,COMM,VCD,202380,SO,COMM 17591,CCI,CCI,1.3,1.0,FR/SO Intervention Needed
24366,24366,Registered,COMM,17591,KC,F,F,COMM,ARTE,202380,SO,COMM 17591,CotA,CCI,0.0,0.0,FR/SO Intervention Needed
24411,24411,Std Withdrawn,COMM,17591,KC,W,F,COMM,COMM,202380,FR,COMM 17591,CCI,CCI,0.0,0.0,FR/SO Intervention Needed
24584,24584,Registered,COMM,17591,KC,A-,F,COMM,ID,202380,FR,COMM 17591,CAED,CCI,0.0,3.7,FR/SO Intervention Needed
24599,24599,Registered,COMM,17591,KC,F,D,COMM,ID,202380,FR,COMM 17591,CAED,CCI,1.0,0.0,FR/SO Intervention Needed
24722,24722,Registered,COMM,17591,KC,C-,D,COMM,DMP,202380,SO,COMM 17591,CCI,CCI,1.0,1.7,FR/SO Intervention Needed
24765,24765,Registered,COMM,17591,KC,B-,C,COMM,ARTE,202380,SO,COMM 17591,CotA,CCI,2.0,2.7,FR/SO Intervention Needed
24856,24856,Registered,COMM,17591,KC,C+,C-,COMM,VCD,202380,FR,COMM 17591,CCI,CCI,1.7,2.3,FR/SO Intervention Needed
24980,24980,Registered,COMM,17591,KC,A,D,COMM,FM,202380,SO,COMM 17591,CotA,CCI,1.0,4.0,FR/SO Intervention Needed
24983,24983,Registered,COMM,17591,KC,B,F,COMM,DMP,202380,JR,COMM 17591,CCI,CCI,0.0,3.0,JR/SR Intervention Needed
25131,25131,Registered,COMM,17591,KC,F,C-,COMM,ID,202380,FR,COMM 17591,CAED,CCI,1.7,0.0,FR/SO Intervention Needed
5034,5034,Std Withdrawn,ARCH,11467,KC,W,F,ARCH,ID,202380,SO,ARCH 11467,CAED,CAED,0.0,0.0,FR/SO Intervention Needed
5028,5028,Registered,ARCH,11467,KC,F,F,ARCH,ID,202380,SR,ARCH 11467,CAED,CAED,0.0,0.0,JR/SR Intervention Needed
5013,5013,Registered,ARCH,11467,KC,B+,C,ARCH,ID,202380,SO,ARCH 11467,CAED,CAED,2.0,3.3,FR/SO Intervention Needed
7700,7700,Std Withdrawn,ARCH,24669,KC,W,F,ARCH,ARCH,202380,JR,ARCH 24669,CAED,CAED,0.0,0.0,JR/SR Intervention Needed
7712,7712,Registered,ARCH,24669,KC,B,C,ARCH,ARCH,202380,SO,ARCH 24669,CAED,CAED,2.0,3.0,FR/SO Intervention Needed
20256,20256,Registered,CMGT,11015,KC,B-,C,ARCH,COMA,202380,SO,CMGT 11015,CAED,CAED,2.0,2.7,FR/SO Intervention Needed
20240,20240,Std Withdrawn,CMGT,11015,KC,W,F,ARCH,COMA,202380,SO,CMGT 11015,CAED,CAED,0.0,0.0,FR/SO Intervention Needed
20237,20237,Registered,CMGT,11015,KC,C,F,ARCH,COMA,202380,SO,CMGT 11015,CAED,CAED,0.0,2.0,FR/SO Intervention Needed
20229,20229,Std Withdrawn,CMGT,11015,KC,W,F,ARCH,COMA,202380,SO,CMGT 11015,CAED,CAED,0.0,0.0,FR/SO Intervention Needed
20242,20242,Registered,CMGT,11015,KC,B,D,ARCH,COMA,202380,SO,CMGT 11015,CAED,CAED,1.0,3.0,FR/SO Intervention Needed
50707,50707,Registered,FDM,17764,KC,B,C,FDM,FD,202380,SO,FDM 17764,CotA,CotA,2.0,3.0,FR/SO Intervention Needed
50705,50705,Registered,FDM,17764,KC,C,C,FDM,FD,202380,FR,FDM 17764,CotA,CotA,2.0,2.0,FR/SO Intervention Needed
72905,72905,Registered,MUS,23241,KC,D,F,MUS,ARTE,202380,FR,MUS 23241,CotA,CotA,0.0,1.0,FR/SO Intervention Needed
55195,55195,Registered,ID,24050,KC,B,C,ARCH,ID,202380,FR,ID 24050,CAED,CAED,2.0,3.0,FR/SO Intervention Needed
50654,50654,Registered,FDM,17764,KC,C+,F,FDM,FD,202380,JR,FDM 17764,CotA,CotA,0.0,2.3,JR/SR Intervention Needed
50682,50682,Registered,FDM,17764,KC,B,C,FDM,FD,202380,FR,FDM 17764,CotA,CotA,2.0,3.0,FR/SO Intervention Needed
50681,50681,Std Withdrawn,FDM,17764,KC,W,F,FDM,FD,202380,FR,FDM 17764,CotA,CotA,0.0,0.0,FR/SO Intervention Needed
50671,50671,Registered,FDM,17764,KC,D,F,FDM,FD,202380,FR,FDM 17764,CotA,CotA,0.0,1.0,FR/SO Intervention Needed
50622,50622,Registered,FDM,17764,KC,F,F,FDM,FD,202380,SO,FDM 17764,CotA,CotA,0.0,0.0,FR/SO Intervention Needed
50621,50621,Registered,FDM,17764,KC,C-,F,FDM,FD,202380,SR,FDM 17764,CotA,CotA,0.0,1.7,JR/SR Intervention Needed
50651,50651,Registered,FDM,17764,KC,D,C-,FDM,FD,202380,SO,FDM 17764,CotA,CotA,1.7,1.0,FR/SO Intervention Needed
50606,50606,Std Withdrawn,FDM,17764,KC,W,F,FDM,FD,202380,SO,FDM 17764,CotA,CotA,0.0,0.0,FR/SO Intervention Needed
50662,50662,Registered,FDM,17764,KC,F,F,FDM,FD,202380,SO,FDM 17764,CotA,CotA,0.0,0.0,FR/SO Intervention Needed
50659,50659,Registered,FDM,17764,KC,D,D,FDM,FD,202380,SO,FDM 17764,CotA,CotA,1.0,1.0,FR/SO Intervention Needed
50589,50589,Stopped Attending - Failed,FDM,17764,KC,SF,F,FDM,FM,202380,SO,FDM 17764,CotA,CotA,0.0,0.0,FR/SO Intervention Needed
50608,50608,Registered,FDM,17764,KC,B-,C,FDM,FD,202380,SO,FDM 17764,CotA,CotA,2.0,2.7,FR/SO Intervention Needed
50588,50588,Registered,FDM,17764,KC,C-,D+,FDM,FD,202380,SO,FDM 17764,CotA,CotA,1.3,1.7,FR/SO Intervention Needed
50586,50586,Registered,FDM,17764,KC,A-,C,FDM,FD,202380,SO,FDM 17764,CotA,CotA,2.0,3.7,FR/SO Intervention Needed
50609,50609,Registered,FDM,17764,KC,C-,C-,FDM,FD,202380,SO,FDM 17764,CotA,CotA,1.7,1.7,FR/SO Intervention Needed
50576,50576,Registered,FDM,17764,KC,C,D,FDM,FD,202380,SO,FDM 17764,CotA,CotA,1.0,2.0,FR/SO Intervention Needed
50572,50572,Registered,FDM,17764,KC,F,D,FDM,FD,202380,SO,FDM 17764,CotA,CotA,1.0,0.0,FR/SO Intervention Needed
50594,50594,Std Withdrawn,FDM,17764,KC,W,SF,FDM,FD,202380,SR,FDM 17764,CotA,CotA,0.0,0.0,JR/SR Intervention Needed
50559,50559,Registered,FDM,17764,KC,B,F,FDM,FD,202380,SO,FDM 17764,CotA,CotA,0.0,3.0,FR/SO Intervention Needed
50556,50556,Registered,FDM,17764,KC,C,F,FDM,FD,202380,SO,FDM 17764,CotA,CotA,0.0,2.0,FR/SO Intervention Needed
5002,5002,Registered,ARCH,11467,KC,B+,D,ARCH,ARCH,202380,FR,ARCH 11467,CAED,CAED,1.0,3.3,FR/SO Intervention Needed
50549,50549,Registered,FDM,17764,KC,C+,C,FDM,FD,202380,SO,FDM 17764,CotA,CotA,2.0,2.3,FR/SO Intervention Needed
50546,50546,Registered,FDM,17764,KC,D,C,FDM,FD,202380,SO,FDM 17764,CotA,CotA,2.0,1.0,FR/SO Intervention Needed
50532,50532,Registered,FDM,17764,KC,C+,F,FDM,FD,202380,SO,FDM 17764,CotA,CotA,0.0,2.3,FR/SO Intervention Needed
4984,4984,Registered,ARCH,11467,KC,D,D,ARCH,ID,202380,SO,ARCH 11467,CAED,CAED,1.0,1.0,FR/SO Intervention Needed
4982,4982,Registered,ARCH,11467,KC,B+,F,ARCH,ID,202380,SO,ARCH 11467,CAED,CAED,0.0,3.3,FR/SO Intervention Needed
55209,55209,Registered,ID,24050,KC,B-,C,ARCH,TDTP,202380,SO,ID 24050,CotA,CAED,2.0,2.7,FR/SO Intervention Needed
4957,4957,Registered,ARCH,11467,KC,B,C,ARCH,ID,202380,SO,ARCH 11467,CAED,CAED,2.0,3.0,FR/SO Intervention Needed
4980,4980,Std Withdrawn,ARCH,11467,KC,W,F,ARCH,ARCH,202380,FR,ARCH 11467,CAED,CAED,0.0,0.0,FR/SO Intervention Needed
4964,4964,Registered,ARCH,11467,KC,C,D,ARCH,ID,202380,SO,ARCH 11467,CAED,CAED,1.0,2.0,FR/SO Intervention Needed
4930,4930,Registered,ARCH,11467,KC,D,F,ARCH,ARCH,202380,FR,ARCH 11467,CAED,CAED,0.0,1.0,FR/SO Intervention Needed
4901,4901,Registered,ARCH,11467,KC,B,C,ARCH,ID,202380,FR,ARCH 11467,CAED,CAED,2.0,3.0,FR/SO Intervention Needed
4899,4899,Registered,ARCH,11467,KC,C+,C,ARCH,ID,202380,SO,ARCH 11467,CAED,CAED,2.0,2.3,FR/SO Intervention Needed
4882,4882,Registered,ARCH,11467,KC,C+,D+,ARCH,ARCH,202380,FR,ARCH 11467,CAED,CAED,1.3,2.3,FR/SO Intervention Needed
4846,4846,Stopped Attending - Failed,ARCH,11467,KC,SF,D,ARCH,ARCH,202380,FR,ARCH 11467,CAED,CAED,1.0,0.0,FR/SO Intervention Needed
4850,4850,Registered,ARCH,11467,KC,F,D,ARCH,ARCH,202380,FR,ARCH 11467,CAED,CAED,1.0,0.0,FR/SO Intervention Needed
49896,49896,Registered,FDM,27868,KC,A-,D+,FDM,FD,202380,SO,FDM 27868,CotA,CotA,1.3,3.7,FR/SO Intervention Needed
49891,49891,Registered,FDM,27868,KC,C-,C-,FDM,FD,202380,SO,FDM 27868,CotA,CotA,1.7,1.7,FR/SO Intervention Needed
49870,49870,Registered,FDM,27868,KC,C,C,FDM,FD,202380,SO,FDM 27868,CotA,CotA,2.0,2.0,FR/SO Intervention Needed
49858,49858,Registered,FDM,27868,KC,B+,F,FDM,FD,202380,SO,FDM 27868,CotA,CotA,0.0,3.3,FR/SO Intervention Needed
49846,49846,Registered,FDM,27868,KC,C,F,FDM,FD,202380,JR,FDM 27868,CotA,CotA,0.0,2.0,JR/SR Intervention Needed
49844,49844,Registered,FDM,27868,KC,F,F,FDM,FD,202380,SO,FDM 27868,CotA,CotA,0.0,0.0,FR/SO Intervention Needed
49837,49837,Registered,FDM,27868,KC,B-,D+,FDM,FD,202380,SO,FDM 27868,CotA,CotA,1.3,2.7,FR/SO Intervention Needed
49829,49829,Registered,FDM,27868,KC,A-,F,FDM,FD,202380,JR,FDM 27868,CotA,CotA,0.0,3.7,JR/SR Intervention Needed
55200,55200,Registered,ID,24050,KC,C,D,ARCH,ID,202380,SO,ID 24050,CAED,CAED,1.0,2.0,FR/SO Intervention Needed
55225,55225,Registered,ID,24050,KC,F,F,ARCH,ID,202380,FR,ID 24050,CAED,CAED,0.0,0.0,FR/SO Intervention Needed
55213,55213,Registered,ID,24050,KC,C+,C-,ARCH,ID,202380,FR,ID 24050,CAED,CAED,1.7,2.3,FR/SO Intervention Needed
55240,55240,Registered,ID,24050,KC,D+,C,ARCH,ID,202380,SO,ID 24050,CAED,CAED,2.0,1.3,FR/SO Intervention Needed
55232,55232,Registered,ID,24050,KC,F,F,ARCH,ID,202380,FR,ID 24050,CAED,CAED,0.0,0.0,FR/SO Intervention Needed
55230,55230,Registered,ID,24050,KC,C+,C-,ARCH,ID,202380,FR,ID 24050,CAED,CAED,1.7,2.3,FR/SO Intervention Needed
55252,55252,Registered,ID,24050,KC,C,C,ARCH,ID,202380,FR,ID 24050,CAED,CAED,2.0,2.0,FR/SO Intervention Needed
55247,55247,Registered,ID,24050,KC,A,D,ARCH,ID,202380,FR,ID 24050,CAED,CAED,1.0,4.0,FR/SO Intervention Needed
55246,55246,Registered,ID,24050,KC,B+,F,ARCH,ID,202380,SO,ID 24050,CAED,CAED,0.0,3.3,FR/SO Intervention Needed
55269,55269,Registered,ID,24050,KC,F,F,ARCH,ID,202380,FR,ID 24050,CAED,CAED,0.0,0.0,FR/SO Intervention Needed
55261,55261,Registered,ID,24050,KC,D,D,ARCH,ARCH,202380,FR,ID 24050,CAED,CAED,1.0,1.0,FR/SO Intervention Needed
55291,55291,Registered,ID,24050,KC,C-,D,ARCH,ID,202380,FR,ID 24050,CAED,CAED,1.0,1.7,FR/SO Intervention Needed
55290,55290,Registered,ID,24050,KC,F,D+,ARCH,ID,202380,SO,ID 24050,CAED,CAED,1.3,0.0,FR/SO Intervention Needed
55286,55286,Registered,ID,24050,KC,F,C,ARCH,ID,202380,FR,ID 24050,CAED,CAED,2.0,0.0,FR/SO Intervention Needed
55285,55285,Registered,ID,24050,KC,C-,F,ARCH,ID,202380,FR,ID 24050,CAED,CAED,0.0,1.7,FR/SO Intervention Needed
78860,78860,Std Withdrawn,THEA,25988,KC,W,C-,THDN,MUT,202380,SO,THEA 25988,CotA,CotA,1.7,0.0,FR/SO Intervention Needed
78863,78863,Registered,THEA,25988,KC,B,C-,THDN,THEA,202380,SO,THEA 25988,CotA,CotA,1.7,3.0,FR/SO Intervention Needed
78891,78891,Registered,THEA,25988,KC,D,F,THDN,MUT,202380,SO,THEA 25988,CotA,CotA,0.0,1.0,FR/SO Intervention Needed
78889,78889,Std Withdrawn,THEA,25988,KC,W,F,THDN,THEA,202380,SO,THEA 25988,CotA,CotA,0.0,0.0,FR/SO Intervention Needed
78880,78880,Std Withdrawn,THEA,25988,KC,W,F,THDN,TDTP,202380,SO,THEA 25988,CotA,CotA,0.0,0.0,FR/SO Intervention Needed
78878,78878,Registered,THEA,25988,KC,D+,D,THDN,TDTP,202380,SO,THEA 25988,CotA,CotA,1.0,1.3,FR/SO Intervention Needed
78866,78866,Registered,THEA,25988,KC,C+,C-,THDN,MUT,202380,SO,THEA 25988,CotA,CotA,1.7,2.3,FR/SO Intervention Needed
55301,55301,Registered,ID,24050,KC,C+,C,ARCH,ID,202380,SO,ID 24050,CAED,CAED,2.0,2.3,FR/SO Intervention Needed
55298,55298,Registered,ID,24050,KC,F,C,ARCH,ID,202380,FR,ID 24050,CAED,CAED,2.0,0.0,FR/SO Intervention Needed
49173,49173,Registered,FDM,20907,KC,B,C,FDM,FD,202380,SO,FDM 20907,CotA,CotA,2.0,3.0,FR/SO Intervention Needed
78882,78882,Registered,THEA,25988,KC,C-,F,THDN,TDTP,202380,JR,THEA 25988,CotA,CotA,0.0,1.7,JR/SR Intervention Needed
49169,49169,Registered,FDM,20907,KC,A,C-,FDM,FM,202380,SO,FDM 20907,CotA,CotA,1.7,4.0,FR/SO Intervention Needed
72831,72831,Registered,MUS,23241,KC,B+,C,MUS,EMAT,202380,SO,MUS 23241,CCI,CotA,2.0,3.3,FR/SO Intervention Needed
55836,55836,Registered,ID,11937,KC,B+,C,ARCH,ID,202380,SO,ID 11937,CAED,CAED,2.0,3.3,FR/SO Intervention Needed
55858,55858,Registered,ID,11937,KC,B,D+,ARCH,ID,202380,SO,ID 11937,CAED,CAED,1.3,3.0,FR/SO Intervention Needed
55852,55852,Std Withdrawn,ID,11937,KC,W,D,ARCH,ID,202380,SO,ID 11937,CAED,CAED,1.0,0.0,FR/SO Intervention Needed
55875,55875,Registered,ID,11937,KC,C-,C,ARCH,ID,202380,SO,ID 11937,CAED,CAED,2.0,1.7,FR/SO Intervention Needed
55909,55909,Registered,ID,11937,KC,B-,D,ARCH,ID,202380,SO,ID 11937,CAED,CAED,1.0,2.7,FR/SO Intervention Needed
55885,55885,Registered,ID,11937,KC,B,C,ARCH,ID,202380,FR,ID 11937,CAED,CAED,2.0,3.0,FR/SO Intervention Needed
19776,19776,Registered,CMGT,16841,KC,C,F,ARCH,COMA,202380,FR,CMGT 16841,CAED,CAED,0.0,2.0,FR/SO Intervention Needed
19762,19762,Registered,CMGT,16841,KC,F,F,ARCH,COMA,202380,FR,CMGT 16841,CAED,CAED,0.0,0.0,FR/SO Intervention Needed
19757,19757,Registered,CMGT,16841,KC,F,D,ARCH,COMA,202380,FR,CMGT 16841,CAED,CAED,1.0,0.0,FR/SO Intervention Needed
19769,19769,Registered,CMGT,16841,KC,D+,C,ARCH,COMA,202380,SO,CMGT 16841,CAED,CAED,2.0,1.3,FR/SO Intervention Needed
19730,19730,Registered,CMGT,16841,KC,C,F,ARCH,COMA,202380,FR,CMGT 16841,CAED,CAED,0.0,2.0,FR/SO Intervention Needed
19727,19727,Registered,CMGT,16841,KC,F,F,ARCH,COMA,202380,FR,CMGT 16841,CAED,CAED,0.0,0.0,FR/SO Intervention Needed
19711,19711,Registered,CMGT,16841,KC,B+,C,ARCH,COMA,202380,SO,CMGT 16841,CAED,CAED,2.0,3.3,FR/SO Intervention Needed
19708,19708,Stopped Attending - Failed,CMGT,16841,KC,SF,F,ARCH,COMA,202380,SO,CMGT 16841,CAED,CAED,0.0,0.0,FR/SO Intervention Needed
79049,79049,Registered,THEA,22478,KC,B-,C-,THDN,THEA,202380,SO,THEA 22478,CotA,CotA,1.7,2.7,FR/SO Intervention Needed
79046,79046,Std Withdrawn,THEA,22478,KC,W,SF,THDN,THEA,202380,FR,THEA 22478,CotA,CotA,0.0,0.0,FR/SO Intervention Needed
79043,79043,Registered,THEA,22478,KC,B,C,THDN,THEA,202380,SO,THEA 22478,CotA,CotA,2.0,3.0,FR/SO Intervention Needed
19739,19739,Registered,CMGT,16841,KC,F,F,ARCH,COMA,202380,FR,CMGT 16841,CAED,CAED,0.0,0.0,FR/SO Intervention Needed
79271,79271,Registered,THEA,19134,KC,C-,C-,THDN,MUT,202380,FR,THEA 19134,CotA,CotA,1.7,1.7,FR/SO Intervention Needed
19715,19715,Registered,CMGT,16841,KC,B-,F,ARCH,COMA,202380,FR,CMGT 16841,CAED,CAED,0.0,2.7,FR/SO Intervention Needed
19702,19702,Registered,CMGT,16841,KC,F,F,ARCH,COMA,202380,FR,CMGT 16841,CAED,CAED,0.0,0.0,FR/SO Intervention Needed
72773,72773,Registered,MUS,23241,KC,B-,C,MUS,COMA,202380,SO,MUS 23241,CAED,CotA,2.0,2.7,FR/SO Intervention Needed
72794,72794,Registered,MUS,23241,KC,B,F,MUS,FM,202380,SO,MUS 23241,CotA,CotA,0.0,3.0,FR/SO Intervention Needed
56358,56358,Registered,ID,21822,KC,B-,D+,ARCH,ID,202380,SO,ID 21822,CAED,CAED,1.3,2.7,FR/SO Intervention Needed
56379,56379,Registered,ID,21822,KC,A-,C,ARCH,ID,202380,FR,ID 21822,CAED,CAED,2.0,3.7,FR/SO Intervention Needed
56384,56384,Registered,ID,21822,KC,F,F,ARCH,ID,202380,SO,ID 21822,CAED,CAED,0.0,0.0,FR/SO Intervention Needed
56383,56383,Std Withdrawn,ID,21822,KC,W,F,ARCH,ID,202380,SO,ID 21822,CAED,CAED,0.0,0.0,FR/SO Intervention Needed
56406,56406,Registered,ID,21822,KC,C,D+,ARCH,ID,202380,SO,ID 21822,CAED,CAED,1.3,2.0,FR/SO Intervention Needed
47660,47660,Registered,FDM,12681,KC,B,C,FDM,FD,202380,FR,FDM 12681,CotA,CotA,2.0,3.0,FR/SO Intervention Needed
47656,47656,Registered,FDM,12681,KC,B,C-,FDM,FD,202380,FR,FDM 12681,CotA,CotA,1.7,3.0,FR/SO Intervention Needed
47645,47645,Registered,FDM,12681,KC,B,F,FDM,FD,202380,FR,FDM 12681,CotA,CotA,0.0,3.0,FR/SO Intervention Needed
47640,47640,Registered,FDM,12681,KC,D,D,FDM,FD,202380,SO,FDM 12681,CotA,CotA,1.0,1.0,FR/SO Intervention Needed
47638,47638,Registered,FDM,12681,KC,C,D,FDM,COMM,202380,SO,FDM 12681,CCI,CotA,1.0,2.0,FR/SO Intervention Needed
47607,47607,Registered,FDM,12681,KC,C+,C,FDM,FD,202380,SO,FDM 12681,CotA,CotA,2.0,2.3,FR/SO Intervention Needed
47636,47636,Registered,FDM,12681,KC,D,F,FDM,FD,202380,FR,FDM 12681,CotA,CotA,0.0,1.0,FR/SO Intervention Needed
47591,47591,Registered,FDM,12681,KC,B,D,FDM,FD,202380,FR,FDM 12681,CotA,CotA,1.0,3.0,FR/SO Intervention Needed
47617,47617,Registered,FDM,12681,KC,C+,C-,FDM,FD,202380,FR,FDM 12681,CotA,CotA,1.7,2.3,FR/SO Intervention Needed
47579,47579,Registered,FDM,12681,KC,B,C-,FDM,FD,202380,SO,FDM 12681,CotA,CotA,1.7,3.0,FR/SO Intervention Needed
47573,47573,Registered,FDM,12681,KC,F,F,FDM,FD,202380,SO,FDM 12681,CotA,CotA,0.0,0.0,FR/SO Intervention Needed
47604,47604,Registered,FDM,12681,KC,A,C,FDM,FD,202380,FR,FDM 12681,CotA,CotA,2.0,4.0,FR/SO Intervention Needed
47548,47548,Registered,FDM,12681,KC,F,D+,FDM,FD,202380,FR,FDM 12681,CotA,CotA,1.3,0.0,FR/SO Intervention Needed
47544,47544,Std Withdrawn,FDM,12681,KC,W,F,FDM,FD,202380,JR,FDM 12681,CotA,CotA,0.0,0.0,JR/SR Intervention Needed
47542,47542,Registered,FDM,12681,KC,C,C,FDM,FD,202380,FR,FDM 12681,CotA,CotA,2.0,2.0,FR/SO Intervention Needed
56389,56389,Registered,ID,21822,KC,C,C,ARCH,ID,202380,SO,ID 21822,CAED,CAED,2.0,2.0,FR/SO Intervention Needed
56387,56387,Registered,ID,21822,KC,B,C,ARCH,ID,202380,FR,ID 21822,CAED,CAED,2.0,3.0,FR/SO Intervention Needed
47550,47550,Registered,FDM,12681,KC,B-,D+,FDM,FD,202380,SO,FDM 12681,CotA,CotA,1.3,2.7,FR/SO Intervention Needed
56434,56434,Registered,ID,21822,KC,B,C,ARCH,ID,202380,SO,ID 21822,CAED,CAED,2.0,3.0,FR/SO Intervention Needed
56404,56404,Registered,ID,21822,KC,B-,C-,ARCH,ID,202380,SO,ID 21822,CAED,CAED,1.7,2.7,FR/SO Intervention Needed
72704,72704,Registered,MUS,23241,KC,C+,D+,MUS,MUT,202380,FR,MUS 23241,CotA,CotA,1.3,2.3,FR/SO Intervention Needed
72711,72711,Registered,MUS,23241,KC,C,C,MUS,ID,202380,FR,MUS 23241,CAED,CotA,2.0,2.0,FR/SO Intervention Needed
72677,72677,Registered,MUS,23241,KC,F,F,MUS,MUT,202380,FR,MUS 23241,CotA,CotA,0.0,0.0,FR/SO Intervention Needed
56954,56954,Std Withdrawn,ID,13310,KC,W,D,ARCH,ID,202380,SO,ID 13310,CAED,CAED,1.0,0.0,FR/SO Intervention Needed
56968,56968,Std Withdrawn,ID,13310,KC,W,SF,ARCH,ID,202380,SO,ID 13310,CAED,CAED,0.0,0.0,FR/SO Intervention Needed
56964,56964,Registered,ID,13310,KC,C,F,ARCH,ID,202380,SO,ID 13310,CAED,CAED,0.0,2.0,FR/SO Intervention Needed
56999,56999,Registered,ID,13310,KC,C,D,ARCH,ID,202380,SO,ID 13310,CAED,CAED,1.0,2.0,FR/SO Intervention Needed
79291,79291,Registered,THEA,19134,KC,B+,D,THDN,MUT,202380,SO,THEA 19134,CotA,CotA,1.0,3.3,FR/SO Intervention Needed
79302,79302,Registered,THEA,19134,KC,B-,C,THDN,MUT,202380,SO,THEA 19134,CotA,CotA,2.0,2.7,FR/SO Intervention Needed
79301,79301,Registered,THEA,19134,KC,C-,D,THDN,MUT,202380,SO,THEA 19134,CotA,CotA,1.0,1.7,FR/SO Intervention Needed
57025,57025,Registered,ID,13310,KC,C-,C,ARCH,ID,202380,SO,ID 13310,CAED,CAED,2.0,1.7,FR/SO Intervention Needed
56993,56993,Registered,ID,13310,KC,B,C,ARCH,ID,202380,SO,ID 13310,CAED,CAED,2.0,3.0,FR/SO Intervention Needed
56989,56989,Std Withdrawn,ID,13310,KC,W,C,ARCH,ID,202380,FR,ID 13310,CAED,CAED,2.0,0.0,FR/SO Intervention Needed
79297,79297,Stopped Attending - Failed,THEA,19134,KC,SF,C,THDN,MUT,202380,SO,THEA 19134,CotA,CotA,2.0,0.0,FR/SO Intervention Needed
46342,46342,Registered,FDM,11617,KC,F,C-,FDM,FM,202380,FR,FDM 11617,CotA,CotA,1.7,0.0,FR/SO Intervention Needed
79511,79511,Registered,THEA,14873,KC,C+,D,THDN,TDTP,202380,SO,THEA 14873,CotA,CotA,1.0,2.3,FR/SO Intervention Needed
46331,46331,Std Withdrawn,FDM,11617,KC,W,F,FDM,FD,202380,JR,FDM 11617,CotA,CotA,0.0,0.0,JR/SR Intervention Needed
46328,46328,Registered,FDM,11617,KC,C+,C,FDM,FD,202380,FR,FDM 11617,CotA,CotA,2.0,2.3,FR/SO Intervention Needed
46325,46325,Registered,FDM,11617,KC,B,D,FDM,FM,202380,FR,FDM 11617,CotA,CotA,1.0,3.0,FR/SO Intervention Needed
46309,46309,Registered,FDM,11617,KC,B+,C-,FDM,FD,202380,FR,FDM 11617,CotA,CotA,1.7,3.3,FR/SO Intervention Needed
46334,46334,Registered,FDM,11617,KC,F,F,FDM,FM,202380,FR,FDM 11617,CotA,CotA,0.0,0.0,FR/SO Intervention Needed
46294,46294,Registered,FDM,11617,KC,C,C-,FDM,FM,202380,SO,FDM 11617,CotA,CotA,1.7,2.0,FR/SO Intervention Needed
46321,46321,Std Withdrawn,FDM,11617,KC,W,F,FDM,FD,202380,FR,FDM 11617,CotA,CotA,0.0,0.0,FR/SO Intervention Needed
46320,46320,Std Withdrawn,FDM,11617,KC,W,F,FDM,FM,202380,FR,FDM 11617,CotA,CotA,0.0,0.0,FR/SO Intervention Needed
46280,46280,Registered,FDM,11617,KC,B,C-,FDM,FD,202380,SO,FDM 11617,CotA,CotA,1.7,3.0,FR/SO Intervention Needed
46306,46306,Registered,FDM,11617,KC,F,F,FDM,FM,202380,FR,FDM 11617,CotA,CotA,0.0,0.0,FR/SO Intervention Needed
46305,46305,Registered,FDM,11617,KC,IN,F,FDM,FM,202380,SO,FDM 11617,CotA,CotA,0.0,NaN,FR/SO Intervention Needed
46303,46303,Registered,FDM,11617,KC,B,C-,FDM,FM,202380,FR,FDM 11617,CotA,CotA,1.7,3.0,FR/SO Intervention Needed
46267,46267,Registered,FDM,11617,KC,C+,C-,FDM,FM,202380,FR,FDM 11617,CotA,CotA,1.7,2.3,FR/SO Intervention Needed
46262,46262,Registered,FDM,11617,KC,B-,D,FDM,FM,202380,FR,FDM 11617,CotA,CotA,1.0,2.7,FR/SO Intervention Needed
46234,46234,Registered,FDM,11617,KC,B-,C,FDM,FD,202380,FR,FDM 11617,CotA,CotA,2.0,2.7,FR/SO Intervention Needed
46232,46232,Registered,FDM,11617,KC,D+,F,FDM,FD,202380,FR,FDM 11617,CotA,CotA,0.0,1.3,FR/SO Intervention Needed
46217,46217,Registered,FDM,11617,KC,C,C,FDM,FD,202380,FR,FDM 11617,CotA,CotA,2.0,2.0,FR/SO Intervention Needed
46225,46225,Registered,FDM,11617,KC,B,C,FDM,FD,202380,FR,FDM 11617,CotA,CotA,2.0,3.0,FR/SO Intervention Needed
46157,46157,Registered,FDM,11617,KC,C+,D+,FDM,FD,202380,SO,FDM 11617,CotA,CotA,1.3,2.3,FR/SO Intervention Needed
46181,46181,Std Withdrawn,FDM,11617,KC,W,F,FDM,FD,202380,SO,FDM 11617,CotA,CotA,0.0,0.0,FR/SO Intervention Needed
46170,46170,Registered,FDM,11617,KC,,C,FDM,FD,202380,SO,FDM 11617,CotA,CotA,2.0,,FR/SO Intervention Needed
46135,46135,Registered,FDM,11617,KC,B-,D+,FDM,FD,202380,FR,FDM 11617,CotA,CotA,1.3,2.7,FR/SO Intervention Needed
46164,46164,Registered,FDM,11617,KC,B-,F,FDM,FM,202380,FR,FDM 11617,CotA,CotA,0.0,2.7,FR/SO Intervention Needed
46160,46160,Registered,FDM,11617,KC,C+,C,FDM,FD,202380,SO,FDM 11617,CotA,CotA,2.0,2.3,FR/SO Intervention Needed
19088,19088,Stopped Attending - Failed,CCI,11716,KC,SF,F,CCI,COMM,202380,JR,CCI 11716,CCI,CCI,0.0,0.0,JR/SR Intervention Needed
46127,46127,Registered,FDM,11617,KC,C,C,FDM,FM,202380,FR,FDM 11617,CotA,CotA,2.0,2.0,FR/SO Intervention Needed
19071,19071,Registered,CCI,11716,KC,B-,F,CCI,VCD,202380,JR,CCI 11716,CCI,CCI,0.0,2.7,JR/SR Intervention Needed
19061,19061,Registered,CCI,11716,KC,B,F,CCI,PHOT,202380,FR,CCI 11716,CCI,CCI,0.0,3.0,FR/SO Intervention Needed
19054,19054,Std Withdrawn,CCI,11716,KC,W,F,CCI,PHOT,202380,SO,CCI 11716,CCI,CCI,0.0,0.0,FR/SO Intervention Needed
19046,19046,Registered,CCI,11716,KC,C,C,CCI,FM,202380,SO,CCI 11716,CotA,CCI,2.0,2.0,FR/SO Intervention Needed
19066,19066,Registered,CCI,11716,KC,C,D+,CCI,EMAT,202380,SO,CCI 11716,CCI,CCI,1.3,2.0,FR/SO Intervention Needed
19027,19027,Registered,CCI,11716,KC,F,F,CCI,VCD,202380,SR,CCI 11716,CCI,CCI,0.0,0.0,JR/SR Intervention Needed
19025,19025,Registered,CCI,11716,KC,C-,C-,CCI,VCD,202380,SO,CCI 11716,CCI,CCI,1.7,1.7,FR/SO Intervention Needed
19016,19016,Registered,CCI,11716,KC,C-,F,CCI,PHOT,202380,SO,CCI 11716,CCI,CCI,0.0,1.7,FR/SO Intervention Needed
19034,19034,Registered,CCI,11716,KC,C,F,CCI,DMP,202380,SR,CCI 11716,CCI,CCI,0.0,2.0,JR/SR Intervention Needed
18992,18992,Registered,CCI,11716,KC,C-,D+,CCI,DMP,202380,SO,CCI 11716,CCI,CCI,1.3,1.7,FR/SO Intervention Needed
19002,19002,Registered,CCI,11716,KC,A,C,CCI,FM,202380,SO,CCI 11716,CotA,CCI,2.0,4.0,FR/SO Intervention Needed
18986,18986,Registered,CCI,11716,KC,C-,D+,CCI,THEA,202380,FR,CCI 11716,CotA,CCI,1.3,1.7,FR/SO Intervention Needed
57334,57334,Registered,MDJ,25946,KC,B-,F,MDJ,DMP,202380,SO,MDJ 25946,CCI,CCI,0.0,2.7,FR/SO Intervention Needed
57330,57330,Registered,MDJ,25946,KC,F,F,MDJ,DMP,202380,FR,MDJ 25946,CCI,CCI,0.0,0.0,FR/SO Intervention Needed
57376,57376,Registered,MDJ,25946,KC,C,D+,MDJ,DMP,202380,FR,MDJ 25946,CCI,CCI,1.3,2.0,FR/SO Intervention Needed
57375,57375,Registered,MDJ,25946,KC,A,C,MDJ,DMP,202380,FR,MDJ 25946,CCI,CCI,2.0,4.0,FR/SO Intervention Needed
79609,79609,Registered,THEA,13155,KC,B,D,THDN,THEA,202380,FR,THEA 13155,CotA,CotA,1.0,3.0,FR/SO Intervention Needed
79618,79618,Registered,THEA,13155,KC,F,F,THDN,THEA,202380,SO,THEA 13155,CotA,CotA,0.0,0.0,FR/SO Intervention Needed
79617,79617,Registered,THEA,13155,KC,F,F,THDN,THEA,202380,SR,THEA 13155,CotA,CotA,0.0,0.0,JR/SR Intervention Needed
18498,18498,Registered,ARTS,28482,KC,A-,C-,ART,SART,202380,SO,ARTS 28482,CotA,CotA,1.7,3.7,FR/SO Intervention Needed
79768,79768,Registered,THEA,25866,KC,B-,C-,THDN,TDTP,202380,SO,THEA 25866,CotA,CotA,1.7,2.7,FR/SO Intervention Needed
18488,18488,Registered,ARTS,28482,KC,F,C,ART,ARTE,202380,SO,ARTS 28482,CotA,CotA,2.0,0.0,FR/SO Intervention Needed
18481,18481,Registered,ARTS,28482,KC,F,C,ART,ARTE,202380,SO,ARTS 28482,CotA,CotA,2.0,0.0,FR/SO Intervention Needed
18469,18469,Registered,ARTS,28482,KC,C,D,ART,ARTE,202380,SO,ARTS 28482,CotA,CotA,1.0,2.0,FR/SO Intervention Needed
18480,18480,Registered,ARTS,28482,KC,F,F,ART,ARTH,202380,JR,ARTS 28482,CotA,CotA,0.0,0.0,JR/SR Intervention Needed
57390,57390,Registered,MDJ,25946,KC,C+,D+,MDJ,FM,202380,FR,MDJ 25946,CotA,CCI,1.3,2.3,FR/SO Intervention Needed
57402,57402,Registered,MDJ,25946,KC,C+,C,MDJ,DMP,202380,SO,MDJ 25946,CCI,CCI,2.0,2.3,FR/SO Intervention Needed
58008,58008,Registered,MDJ,28950,KC,C-,D,MDJ,DMP,202380,FR,MDJ 28950,CCI,CCI,1.0,1.7,FR/SO Intervention Needed
58005,58005,Registered,MDJ,28950,KC,F,F,MDJ,DMP,202380,FR,MDJ 28950,CCI,CCI,0.0,0.0,FR/SO Intervention Needed
58034,58034,Registered,MDJ,28950,KC,B,F,MDJ,DMP,202380,SO,MDJ 28950,CCI,CCI,0.0,3.0,FR/SO Intervention Needed
80188,80188,Registered,VCD,19588,KC,,C-,VCD,DMP,202380,SO,VCD 19588,CCI,CCI,1.7,,FR/SO Intervention Needed
58022,58022,Registered,MDJ,28950,KC,F,C-,MDJ,COMM,202380,SO,MDJ 28950,CCI,CCI,1.7,0.0,FR/SO Intervention Needed
58050,58050,Registered,MDJ,28950,KC,B-,D,MDJ,DMP,202380,FR,MDJ 28950,CCI,CCI,1.0,2.7,FR/SO Intervention Needed
80207,80207,Registered,VCD,19588,KC,D,F,VCD,VCD,202380,FR,VCD 19588,CCI,CCI,0.0,1.0,FR/SO Intervention Needed
80222,80222,Registered,VCD,19588,KC,C,D,VCD,EMAT,202380,SO,VCD 19588,CCI,CCI,1.0,2.0,FR/SO Intervention Needed
80210,80210,Registered,VCD,19588,KC,A,C,VCD,COMM,202380,SO,VCD 19588,CCI,CCI,2.0,4.0,FR/SO Intervention Needed
44723,44723,Registered,FDM,13023,KC,D,D+,FDM,FD,202380,SO,FDM 13023,CotA,CotA,1.3,1.0,FR/SO Intervention Needed
44720,44720,Registered,FDM,13023,KC,F,F,FDM,FD,202380,FR,FDM 13023,CotA,CotA,0.0,0.0,FR/SO Intervention Needed
44707,44707,Registered,FDM,13023,KC,C-,F,FDM,FM,202380,JR,FDM 13023,CotA,CotA,0.0,1.7,JR/SR Intervention Needed
44703,44703,Registered,FDM,13023,KC,F,D,FDM,FD,202380,FR,FDM 13023,CotA,CotA,1.0,0.0,FR/SO Intervention Needed
44728,44728,Registered,FDM,13023,KC,D,C,FDM,FD,202380,FR,FDM 13023,CotA,CotA,2.0,1.0,FR/SO Intervention Needed
44686,44686,Registered,FDM,13023,KC,C-,D+,FDM,FD,202380,FR,FDM 13023,CotA,CotA,1.3,1.7,FR/SO Intervention Needed
44711,44711,Std Withdrawn,FDM,13023,KC,W,F,FDM,FM,202380,JR,FDM 13023,CotA,CotA,0.0,0.0,JR/SR Intervention Needed
44675,44675,Registered,FDM,13023,KC,C,C,FDM,FD,202380,FR,FDM 13023,CotA,CotA,2.0,2.0,FR/SO Intervention Needed
44700,44700,Registered,FDM,13023,KC,C,D,FDM,FD,202380,FR,FDM 13023,CotA,CotA,1.0,2.0,FR/SO Intervention Needed
44656,44656,Registered,FDM,13023,KC,D,F,FDM,FD,202380,FR,FDM 13023,CotA,CotA,0.0,1.0,FR/SO Intervention Needed
44683,44683,Registered,FDM,13023,KC,B,C,FDM,FM,202380,FR,FDM 13023,CotA,CotA,2.0,3.0,FR/SO Intervention Needed
44652,44652,Registered,FDM,13023,KC,C-,D,FDM,FD,202380,FR,FDM 13023,CotA,CotA,1.0,1.7,FR/SO Intervention Needed
44612,44612,Std Withdrawn,FDM,13023,KC,W,SF,FDM,FM,202380,SO,FDM 13023,CotA,CotA,0.0,0.0,FR/SO Intervention Needed
44606,44606,Registered,FDM,13023,KC,B+,F,FDM,FD,202380,FR,FDM 13023,CotA,CotA,0.0,3.3,FR/SO Intervention Needed
44589,44589,Registered,FDM,13023,KC,F,F,FDM,FM,202380,FR,FDM 13023,CotA,CotA,0.0,0.0,FR/SO Intervention Needed
44616,44616,Registered,FDM,13023,KC,B-,F,FDM,FD,202380,FR,FDM 13023,CotA,CotA,0.0,2.7,FR/SO Intervention Needed
44573,44573,Registered,FDM,13023,KC,F,C,FDM,FM,202380,FR,FDM 13023,CotA,CotA,2.0,0.0,FR/SO Intervention Needed
44562,44562,Registered,FDM,13023,KC,B+,C-,FDM,FM,202380,FR,FDM 13023,CotA,CotA,1.7,3.3,FR/SO Intervention Needed
44557,44557,Std Withdrawn,FDM,13023,KC,W,F,FDM,FD,202380,FR,FDM 13023,CotA,CotA,0.0,0.0,FR/SO Intervention Needed
44556,44556,Registered,FDM,13023,KC,F,F,FDM,FM,202380,SO,FDM 13023,CotA,CotA,0.0,0.0,FR/SO Intervention Needed
44517,44517,Registered,FDM,13023,KC,F,C-,FDM,FD,202380,FR,FDM 13023,CotA,CotA,1.7,0.0,FR/SO Intervention Needed
44540,44540,Registered,FDM,13023,KC,A-,C,FDM,FD,202380,FR,FDM 13023,CotA,CotA,2.0,3.7,FR/SO Intervention Needed
44539,44539,Registered,FDM,13023,KC,C+,C,FDM,FM,202380,FR,FDM 13023,CotA,CotA,2.0,2.3,FR/SO Intervention Needed
44524,44524,Registered,FDM,13023,KC,B+,F,FDM,FD,202380,FR,FDM 13023,CotA,CotA,0.0,3.3,FR/SO Intervention Needed
44523,44523,Registered,FDM,13023,KC,C,C-,FDM,FM,202380,FR,FDM 13023,CotA,CotA,1.7,2.0,FR/SO Intervention Needed
44522,44522,Registered,FDM,13023,KC,F,F,FDM,FD,202380,FR,FDM 13023,CotA,CotA,0.0,0.0,FR/SO Intervention Needed
44519,44519,Registered,FDM,13023,KC,A,C,FDM,FM,202380,FR,FDM 13023,CotA,CotA,2.0,4.0,FR/SO Intervention Needed
58058,58058,Registered,MDJ,28950,KC,,C,MDJ,DMP,202380,FR,MDJ 28950,CCI,CCI,2.0,,FR/SO Intervention Needed
58055,58055,Registered,MDJ,28950,KC,C+,D+,MDJ,DMP,202380,FR,MDJ 28950,CCI,CCI,1.3,2.3,FR/SO Intervention Needed
58070,58070,Registered,MDJ,28950,KC,C+,D+,MDJ,DMP,202380,FR,MDJ 28950,CCI,CCI,1.3,2.3,FR/SO Intervention Needed
8779,8779,Registered,ARCH,19059,KC,C,D,ARCH,ARCH,202380,FR,ARCH 19059,CAED,CAED,1.0,2.0,FR/SO Intervention Needed
8790,8790,Registered,ARCH,19059,KC,F,F,ARCH,ARCH,202380,FR,ARCH 19059,CAED,CAED,0.0,0.0,FR/SO Intervention Needed
8787,8787,Registered,ARCH,19059,KC,D,C-,ARCH,ARCH,202380,FR,ARCH 19059,CAED,CAED,1.7,1.0,FR/SO Intervention Needed
8784,8784,Registered,ARCH,19059,KC,D,F,ARCH,ARCH,202380,FR,ARCH 19059,CAED,CAED,0.0,1.0,FR/SO Intervention Needed
8783,8783,Std Withdrawn,ARCH,19059,KC,W,F,ARCH,ARCH,202380,FR,ARCH 19059,CAED,CAED,0.0,0.0,FR/SO Intervention Needed
8805,8805,Registered,ARCH,19059,KC,B-,C,ARCH,ARCH,202380,FR,ARCH 19059,CAED,CAED,2.0,2.7,FR/SO Intervention Needed
8825,8825,Registered,ARCH,19059,KC,D,C,ARCH,ARCH,202380,FR,ARCH 19059,CAED,CAED,2.0,1.0,FR/SO Intervention Needed
8813,8813,Std Withdrawn,ARCH,19059,KC,W,F,ARCH,ARCH,202380,FR,ARCH 19059,CAED,CAED,0.0,0.0,FR/SO Intervention Needed
8842,8842,Registered,ARCH,19059,KC,F,F,ARCH,ARCH,202380,SO,ARCH 19059,CAED,CAED,0.0,0.0,FR/SO Intervention Needed
8835,8835,Registered,ARCH,19059,KC,B,C,ARCH,ARCH,202380,FR,ARCH 19059,CAED,CAED,2.0,3.0,FR/SO Intervention Needed
8831,8831,Registered,ARCH,19059,KC,D,C-,ARCH,ARCH,202380,FR,ARCH 19059,CAED,CAED,1.7,1.0,FR/SO Intervention Needed
8859,8859,Registered,ARCH,19059,KC,C,C-,ARCH,ARCH,202380,FR,ARCH 19059,CAED,CAED,1.7,2.0,FR/SO Intervention Needed
8846,8846,Registered,ARCH,19059,KC,C+,C,ARCH,ARCH,202380,FR,ARCH 19059,CAED,CAED,2.0,2.3,FR/SO Intervention Needed
8864,8864,Registered,ARCH,19059,KC,C+,C,ARCH,ARCH,202380,FR,ARCH 19059,CAED,CAED,2.0,2.3,FR/SO Intervention Needed
8884,8884,Std Withdrawn,ARCH,19059,KC,W,F,ARCH,ARCH,202380,FR,ARCH 19059,CAED,CAED,0.0,0.0,FR/SO Intervention Needed
8878,8878,Registered,ARCH,19059,KC,B-,C,ARCH,ARCH,202380,FR,ARCH 19059,CAED,CAED,2.0,2.7,FR/SO Intervention Needed
8877,8877,Registered,ARCH,19059,KC,F,F,ARCH,ARCH,202380,FR,ARCH 19059,CAED,CAED,0.0,0.0,FR/SO Intervention Needed
8897,8897,Registered,ARCH,19059,KC,C,C,ARCH,ARCH,202380,FR,ARCH 19059,CAED,CAED,2.0,2.0,FR/SO Intervention Needed
8895,8895,Registered,ARCH,19059,KC,C,C,ARCH,ARCH,202380,FR,ARCH 19059,CAED,CAED,2.0,2.0,FR/SO Intervention Needed
9731,9731,Registered,ARCS,26039,KC,D+,D+,ARCH,ARCS,202380,FR,ARCS 26039,CAED,CAED,1.3,1.3,FR/SO Intervention Needed
80255,80255,Std Withdrawn,VCD,19588,KC,W,D,VCD,VCD,202380,FR,VCD 19588,CCI,CCI,1.0,0.0,FR/SO Intervention Needed
80281,80281,Registered,VCD,19588,KC,F,SF,VCD,VCD,202380,FR,VCD 19588,CCI,CCI,0.0,0.0,FR/SO Intervention Needed
80267,80267,Registered,VCD,19588,KC,F,F,VCD,VCD,202380,FR,VCD 19588,CCI,CCI,0.0,0.0,FR/SO Intervention Needed
80272,80272,Registered,VCD,19588,KC,B,C-,VCD,VCD,202380,FR,VCD 19588,CCI,CCI,1.7,3.0,FR/SO Intervention Needed
80270,80270,Registered,VCD,19588,KC,F,C-,VCD,VCD,202380,FR,VCD 19588,CCI,CCI,1.7,0.0,FR/SO Intervention Needed
80326,80326,Registered,VCD,19588,KC,F,F,VCD,VCD,202380,FR,VCD 19588,CCI,CCI,0.0,0.0,FR/SO Intervention Needed
80324,80324,Std Withdrawn,VCD,19588,KC,W,D,VCD,VCD,202380,FR,VCD 19588,CCI,CCI,1.0,0.0,FR/SO Intervention Needed
80339,80339,Registered,VCD,19588,KC,A,D+,VCD,VCD,202380,FR,VCD 19588,CCI,CCI,1.3,4.0,FR/SO Intervention Needed
80304,80304,Registered,VCD,19588,KC,C,D,VCD,DMP,202380,SO,VCD 19588,CCI,CCI,1.0,2.0,FR/SO Intervention Needed
80359,80359,Registered,VCD,19588,KC,B+,C,VCD,DMP,202380,SO,VCD 19588,CCI,CCI,2.0,3.3,FR/SO Intervention Needed
80355,80355,Registered,VCD,19588,KC,C,C,VCD,VCD,202380,FR,VCD 19588,CCI,CCI,2.0,2.0,FR/SO Intervention Needed
80317,80317,Registered,VCD,19588,KC,B,D,VCD,THEA,202380,FR,VCD 19588,CotA,CCI,1.0,3.0,FR/SO Intervention Needed
80338,80338,Registered,VCD,19588,KC,C,F,VCD,VCD,202380,SO,VCD 19588,CCI,CCI,0.0,2.0,FR/SO Intervention Needed
80390,80390,Registered,VCD,19588,KC,C+,F,VCD,VCD,202380,FR,VCD 19588,CCI,CCI,0.0,2.3,FR/SO Intervention Needed
80406,80406,Registered,VCD,19588,KC,C,D,VCD,VCD,202380,FR,VCD 19588,CCI,CCI,1.0,2.0,FR/SO Intervention Needed
80403,80403,Registered,VCD,19588,KC,F,C,VCD,VCD,202380,SO,VCD 19588,CCI,CCI,2.0,0.0,FR/SO Intervention Needed
80368,80368,Registered,VCD,19588,KC,C+,C-,VCD,VCD,202380,FR,VCD 19588,CCI,CCI,1.7,2.3,FR/SO Intervention Needed
80423,80423,Registered,VCD,19588,KC,NR,C-,VCD,VCD,202380,FR,VCD 19588,CCI,CCI,1.7,NaN,FR/SO Intervention Needed
80418,80418,Registered,VCD,19588,KC,B+,F,VCD,DMP,202380,FR,VCD 19588,CCI,CCI,0.0,3.3,FR/SO Intervention Needed
80386,80386,Registered,VCD,19588,KC,D+,C-,VCD,ADV,202380,SO,VCD 19588,CCI,CCI,1.7,1.3,FR/SO Intervention Needed
69404,69404,Stopped Attending - Failed,MUS,12716,KC,SF,F,MUS,MUED,202380,FR,MUS 12716,CotA,CotA,0.0,0.0,FR/SO Intervention Needed
69399,69399,Registered,MUS,12716,KC,C-,F,MUS,MUED,202380,FR,MUS 12716,CotA,CotA,0.0,1.7,FR/SO Intervention Needed
69392,69392,Registered,MUS,12716,KC,D,C,MUS,MUED,202380,FR,MUS 12716,CotA,CotA,2.0,1.0,FR/SO Intervention Needed
43120,43120,Registered,FDM,25884,KC,A,C,FDM,FM,202380,FR,FDM 25884,CotA,CotA,2.0,4.0,FR/SO Intervention Needed
9832,9832,Registered,ARCS,13373,KC,D,F,ARCH,ARCS,202380,SO,ARCS 13373,CAED,CAED,0.0,1.0,FR/SO Intervention Needed
43103,43103,Std Withdrawn,FDM,25884,KC,W,F,FDM,FM,202380,FR,FDM 25884,CotA,CotA,0.0,0.0,FR/SO Intervention Needed
43108,43108,Registered,FDM,25884,KC,A,F,FDM,FM,202380,FR,FDM 25884,CotA,CotA,0.0,4.0,FR/SO Intervention Needed
43106,43106,Registered,FDM,25884,KC,C+,F,FDM,FM,202380,FR,FDM 25884,CotA,CotA,0.0,2.3,FR/SO Intervention Needed
43099,43099,Std Withdrawn,FDM,25884,KC,W,F,FDM,FD,202380,SO,FDM 25884,CotA,CotA,0.0,0.0,FR/SO Intervention Needed
43097,43097,Registered,FDM,25884,KC,B+,F,FDM,FM,202380,FR,FDM 25884,CotA,CotA,0.0,3.3,FR/SO Intervention Needed
43093,43093,Registered,FDM,25884,KC,C+,D,FDM,FM,202380,FR,FDM 25884,CotA,CotA,1.0,2.3,FR/SO Intervention Needed
43092,43092,Registered,FDM,25884,KC,C,C,FDM,FM,202380,FR,FDM 25884,CotA,CotA,2.0,2.0,FR/SO Intervention Needed
43082,43082,Registered,FDM,25884,KC,B+,C,FDM,FM,202380,FR,FDM 25884,CotA,CotA,2.0,3.3,FR/SO Intervention Needed
43074,43074,Registered,FDM,25884,KC,B-,D,FDM,FD,202380,SO,FDM 25884,CotA,CotA,1.0,2.7,FR/SO Intervention Needed
43057,43057,Registered,FDM,25884,KC,B-,C,FDM,FD,202380,FR,FDM 25884,CotA,CotA,2.0,2.7,FR/SO Intervention Needed
43050,43050,Registered,FDM,25884,KC,F,D,FDM,VCD,202380,FR,FDM 25884,CCI,CotA,1.0,0.0,FR/SO Intervention Needed
43048,43048,Registered,FDM,25884,KC,C,C,FDM,FD,202380,FR,FDM 25884,CotA,CotA,2.0,2.0,FR/SO Intervention Needed
43015,43015,Registered,FDM,25884,KC,F,F,FDM,FM,202380,FR,FDM 25884,CotA,CotA,0.0,0.0,FR/SO Intervention Needed
43034,43034,Registered,FDM,25884,KC,B-,D+,FDM,FD,202380,FR,FDM 25884,CotA,CotA,1.3,2.7,FR/SO Intervention Needed
42991,42991,Registered,FDM,25884,KC,B-,D,FDM,FM,202380,FR,FDM 25884,CotA,CotA,1.0,2.7,FR/SO Intervention Needed
42990,42990,Registered,FDM,25884,KC,B,C,FDM,FM,202380,FR,FDM 25884,CotA,CotA,2.0,3.0,FR/SO Intervention Needed
43017,43017,Registered,FDM,25884,KC,C,D,FDM,FM,202380,FR,FDM 25884,CotA,CotA,1.0,2.0,FR/SO Intervention Needed
43009,43009,Registered,FDM,25884,KC,A-,D,FDM,FM,202380,FR,FDM 25884,CotA,CotA,1.0,3.7,FR/SO Intervention Needed
43008,43008,Registered,FDM,25884,KC,B,C-,FDM,FD,202380,FR,FDM 25884,CotA,CotA,1.7,3.0,FR/SO Intervention Needed
42966,42966,Registered,FDM,25884,KC,C+,C,FDM,FD,202380,FR,FDM 25884,CotA,CotA,2.0,2.3,FR/SO Intervention Needed
42955,42955,Registered,FDM,25884,KC,B-,D,FDM,FD,202380,FR,FDM 25884,CotA,CotA,1.0,2.7,FR/SO Intervention Needed
42954,42954,Registered,FDM,25884,KC,B,C,FDM,FD,202380,FR,FDM 25884,CotA,CotA,2.0,3.0,FR/SO Intervention Needed
42952,42952,Std Withdrawn,FDM,25884,KC,W,F,FDM,FD,202380,FR,FDM 25884,CotA,CotA,0.0,0.0,FR/SO Intervention Needed
42934,42934,Registered,FDM,25884,KC,C-,F,FDM,FM,202380,FR,FDM 25884,CotA,CotA,0.0,1.7,FR/SO Intervention Needed
9829,9829,Registered,ARCS,13373,KC,B-,D,ARCH,ARCS,202380,FR,ARCS 13373,CAED,CAED,1.0,2.7,FR/SO Intervention Needed
9828,9828,Registered,ARCS,13373,KC,D,F,ARCH,ARCS,202380,JR,ARCS 13373,CAED,CAED,0.0,1.0,JR/SR Intervention Needed
42922,42922,Registered,FDM,25884,KC,A-,C,FDM,FM,202380,FR,FDM 25884,CotA,CotA,2.0,3.7,FR/SO Intervention Needed
69353,69353,Registered,MUS,12716,KC,C+,C,MUS,ARTE,202380,SO,MUS 12716,CotA,CotA,2.0,2.3,FR/SO Intervention Needed
69314,69314,Registered,MUS,12716,KC,C,F,MUS,ADV,202380,JR,MUS 12716,CCI,CotA,0.0,2.0,JR/SR Intervention Needed
16839,16839,Registered,ARTS,28507,KC,D,C,ART,ARTE,202380,SO,ARTS 28507,CotA,CotA,2.0,1.0,FR/SO Intervention Needed
16777,16777,Registered,ARTS,28507,KC,B,C,ART,ARTE,202380,FR,ARTS 28507,CotA,CotA,2.0,3.0,FR/SO Intervention Needed
81376,81376,Registered,VCD,28950,KC,A,C,VCD,VCD,202380,FR,VCD 28950,CCI,CCI,2.0,4.0,FR/SO Intervention Needed
81399,81399,Registered,VCD,28950,KC,D,F,VCD,VCD,202380,SO,VCD 28950,CCI,CCI,0.0,1.0,FR/SO Intervention Needed
81395,81395,Std Withdrawn,VCD,28950,KC,W,D,VCD,VCD,202380,SO,VCD 28950,CCI,CCI,1.0,0.0,FR/SO Intervention Needed
81393,81393,Registered,VCD,28950,KC,C,C,VCD,VCD,202380,SO,VCD 28950,CCI,CCI,2.0,2.0,FR/SO Intervention Needed
81417,81417,Registered,VCD,28950,KC,C-,C,VCD,VCD,202380,FR,VCD 28950,CCI,CCI,2.0,1.7,FR/SO Intervention Needed
81416,81416,Registered,VCD,28950,KC,C-,C,VCD,PHOT,202380,FR,VCD 28950,CCI,CCI,2.0,1.7,FR/SO Intervention Needed
81415,81415,Registered,VCD,28950,KC,C,F,VCD,VCD,202380,FR,VCD 28950,CCI,CCI,0.0,2.0,FR/SO Intervention Needed
81404,81404,Registered,VCD,28950,KC,B-,C,VCD,PHOT,202380,FR,VCD 28950,CCI,CCI,2.0,2.7,FR/SO Intervention Needed
81430,81430,Registered,VCD,28950,KC,B,C-,VCD,VCD,202380,FR,VCD 28950,CCI,CCI,1.7,3.0,FR/SO Intervention Needed
81467,81467,Registered,VCD,28950,KC,D+,D+,VCD,DMP,202380,FR,VCD 28950,CCI,CCI,1.3,1.3,FR/SO Intervention Needed
81464,81464,Registered,VCD,28950,KC,D,F,VCD,PHOT,202380,FR,VCD 28950,CCI,CCI,0.0,1.0,FR/SO Intervention Needed
81497,81497,Registered,VCD,28950,KC,C+,F,VCD,THEA,202380,FR,VCD 28950,CotA,CCI,0.0,2.3,FR/SO Intervention Needed
81493,81493,Registered,VCD,28950,KC,C-,C-,VCD,VCD,202380,FR,VCD 28950,CCI,CCI,1.7,1.7,FR/SO Intervention Needed
81459,81459,Registered,VCD,28950,KC,A,F,VCD,PHOT,202380,FR,VCD 28950,CCI,CCI,0.0,4.0,FR/SO Intervention Needed
81453,81453,Registered,VCD,28950,KC,U,U,VCD,VCD,202380,SO,VCD 28950,CCI,CCI,0.0,0.0,FR/SO Intervention Needed
81510,81510,Registered,VCD,28950,KC,B+,F,VCD,VCD,202380,SO,VCD 28950,CCI,CCI,0.0,3.3,FR/SO Intervention Needed
81509,81509,Registered,VCD,28950,KC,C-,F,VCD,VCD,202380,FR,VCD 28950,CCI,CCI,0.0,1.7,FR/SO Intervention Needed
81473,81473,Registered,VCD,28950,KC,C-,C,VCD,VCD,202380,FR,VCD 28950,CCI,CCI,2.0,1.7,FR/SO Intervention Needed
81472,81472,Registered,VCD,28950,KC,C-,C,VCD,PHOT,202380,FR,VCD 28950,CCI,CCI,2.0,1.7,FR/SO Intervention Needed
81528,81528,Registered,VCD,28950,KC,F,F,VCD,VCD,202380,FR,VCD 28950,CCI,CCI,0.0,0.0,FR/SO Intervention Needed
81524,81524,Registered,VCD,28950,KC,A-,F,VCD,VCD,202380,SO,VCD 28950,CCI,CCI,0.0,3.7,FR/SO Intervention Needed
81488,81488,Registered,VCD,28950,KC,F,F,VCD,PHOT,202380,FR,VCD 28950,CCI,CCI,0.0,0.0,FR/SO Intervention Needed
81533,81533,Registered,VCD,28950,KC,C-,C-,VCD,VCD,202380,FR,VCD 28950,CCI,CCI,1.7,1.7,FR/SO Intervention Needed
81501,81501,Registered,VCD,28950,KC,F,F,VCD,VCD,202380,FR,VCD 28950,CCI,CCI,0.0,0.0,FR/SO Intervention Needed
81518,81518,Registered,VCD,28950,KC,A,F,VCD,VCD,202380,FR,VCD 28950,CCI,CCI,0.0,4.0,FR/SO Intervention Needed
16784,16784,Registered,ARTS,28507,KC,C+,D,ART,VCD,202380,SO,ARTS 28507,CCI,CotA,1.0,2.3,FR/SO Intervention Needed
16782,16782,Registered,ARTS,28507,KC,C,D,ART,VCD,202380,FR,ARTS 28507,CCI,CotA,1.0,2.0,FR/SO Intervention Needed
16772,16772,Registered,ARTS,28507,KC,B,D,ART,SART,202380,FR,ARTS 28507,CotA,CotA,1.0,3.0,FR/SO Intervention Needed
82028,82028,Registered,VCD,18414,KC,D,F,VCD,VCD,202380,JR,VCD 18414,CCI,CCI,0.0,1.0,JR/SR Intervention Needed
82053,82053,Registered,VCD,18414,KC,F,F,VCD,DMP,202380,SO,VCD 18414,CCI,CCI,0.0,0.0,FR/SO Intervention Needed
82052,82052,Registered,VCD,18414,KC,C-,C-,VCD,PHOT,202380,SO,VCD 18414,CCI,CCI,1.7,1.7,FR/SO Intervention Needed
41552,41552,Std Withdrawn,FDM,29298,KC,W,D,FDM,FD,202380,FR,FDM 29298,CotA,CotA,1.0,0.0,FR/SO Intervention Needed
41549,41549,Registered,FDM,29298,KC,B-,C-,FDM,FM,202380,FR,FDM 29298,CotA,CotA,1.7,2.7,FR/SO Intervention Needed
41580,41580,Registered,FDM,29298,KC,F,D,FDM,FD,202380,FR,FDM 29298,CotA,CotA,1.0,0.0,FR/SO Intervention Needed
41579,41579,Registered,FDM,29298,KC,B,C,FDM,FM,202380,FR,FDM 29298,CotA,CotA,2.0,3.0,FR/SO Intervention Needed
41528,41528,Registered,FDM,29298,KC,B,C,FDM,FD,202380,FR,FDM 29298,CotA,CotA,2.0,3.0,FR/SO Intervention Needed
41530,41530,Registered,FDM,29298,KC,B-,C,FDM,FD,202380,FR,FDM 29298,CotA,CotA,2.0,2.7,FR/SO Intervention Needed
41495,41495,Registered,FDM,29298,KC,C-,F,FDM,FD,202380,SR,FDM 29298,CotA,CotA,0.0,1.7,JR/SR Intervention Needed
41493,41493,Registered,FDM,29298,KC,D,F,FDM,FM,202380,SO,FDM 29298,CotA,CotA,0.0,1.0,FR/SO Intervention Needed
41482,41482,Registered,FDM,29298,KC,A-,C,FDM,FM,202380,FR,FDM 29298,CotA,CotA,2.0,3.7,FR/SO Intervention Needed
41442,41442,Std Withdrawn,FDM,29298,KC,W,D,FDM,FM,202380,FR,FDM 29298,CotA,CotA,1.0,0.0,FR/SO Intervention Needed
41427,41427,Registered,FDM,29298,KC,B,C,FDM,FM,202380,FR,FDM 29298,CotA,CotA,2.0,3.0,FR/SO Intervention Needed
41425,41425,Registered,FDM,29298,KC,B,F,FDM,FM,202380,FR,FDM 29298,CotA,CotA,0.0,3.0,FR/SO Intervention Needed
41413,41413,Registered,FDM,29298,KC,C,C,FDM,FM,202380,FR,FDM 29298,CotA,CotA,2.0,2.0,FR/SO Intervention Needed
41412,41412,Registered,FDM,29298,KC,F,F,FDM,FD,202380,FR,FDM 29298,CotA,CotA,0.0,0.0,FR/SO Intervention Needed
41410,41410,Registered,FDM,29298,KC,D,D,FDM,FM,202380,FR,FDM 29298,CotA,CotA,1.0,1.0,FR/SO Intervention Needed
41439,41439,Registered,FDM,29298,KC,A-,C-,FDM,FM,202380,FR,FDM 29298,CotA,CotA,1.7,3.7,FR/SO Intervention Needed
41397,41397,Registered,FDM,29298,KC,A,C,FDM,FD,202380,FR,FDM 29298,CotA,CotA,2.0,4.0,FR/SO Intervention Needed
41418,41418,Registered,FDM,29298,KC,D+,F,FDM,FM,202380,SO,FDM 29298,CotA,CotA,0.0,1.3,FR/SO Intervention Needed
41384,41384,Registered,FDM,29298,KC,B,C,FDM,FD,202380,FR,FDM 29298,CotA,CotA,2.0,3.0,FR/SO Intervention Needed
41406,41406,Registered,FDM,29298,KC,A,C,FDM,FM,202380,FR,FDM 29298,CotA,CotA,2.0,4.0,FR/SO Intervention Needed
41390,41390,Registered,FDM,29298,KC,C,C,FDM,FD,202380,FR,FDM 29298,CotA,CotA,2.0,2.0,FR/SO Intervention Needed
16714,16714,Registered,ARTS,28507,KC,C,C,ART,SART,202380,FR,ARTS 28507,CotA,CotA,2.0,2.0,FR/SO Intervention Needed
41374,41374,Registered,FDM,29298,KC,C-,C-,FDM,FM,202380,FR,FDM 29298,CotA,CotA,1.7,1.7,FR/SO Intervention Needed
16725,16725,Registered,ARTS,28507,KC,C-,C,ART,SART,202380,SO,ARTS 28507,CotA,CotA,2.0,1.7,FR/SO Intervention Needed
10114,10114,Registered,ART,29123,KC,C,C,ART,SART,202380,SO,ART 29123,CotA,CotA,2.0,2.0,FR/SO Intervention Needed
10123,10123,Registered,ART,29123,KC,A,C,ART,SART,202380,SO,ART 29123,CotA,CotA,2.0,4.0,FR/SO Intervention Needed
10121,10121,Stopped Attending - Failed,ART,29123,KC,SF,F,ART,SART,202380,FR,ART 29123,CotA,CotA,0.0,0.0,FR/SO Intervention Needed
10148,10148,Registered,ART,29123,KC,C,D,ART,SART,202380,FR,ART 29123,CotA,CotA,1.0,2.0,FR/SO Intervention Needed
10150,10150,Registered,ART,29123,KC,C+,F,ART,SART,202380,FR,ART 29123,CotA,CotA,0.0,2.3,FR/SO Intervention Needed
10174,10174,Registered,ART,29123,KC,C,C,ART,VCD,202380,FR,ART 29123,CCI,CotA,2.0,2.0,FR/SO Intervention Needed
69240,69240,Registered,MUS,12716,KC,C,C-,MUS,THEA,202380,SO,MUS 12716,CotA,CotA,1.7,2.0,FR/SO Intervention Needed
82354,82354,Registered,VCD,25988,KC,D,F,VCD,VCD,202380,SO,VCD 25988,CCI,CCI,0.0,1.0,FR/SO Intervention Needed
59578,59578,Registered,MDJ,15027,KC,C-,C,MDJ,DMP,202380,FR,MDJ 15027,CCI,CCI,2.0,1.7,FR/SO Intervention Needed
82362,82362,Registered,VCD,25988,KC,B,C,VCD,VCD,202380,SO,VCD 25988,CCI,CCI,2.0,3.0,FR/SO Intervention Needed
82361,82361,Std Withdrawn,VCD,25988,KC,W,F,VCD,VCD,202380,SO,VCD 25988,CCI,CCI,0.0,0.0,FR/SO Intervention Needed
82388,82388,Std Withdrawn,VCD,25988,KC,W,F,VCD,VCD,202380,SO,VCD 25988,CCI,CCI,0.0,0.0,FR/SO Intervention Needed
82377,82377,Registered,VCD,25988,KC,C+,D,VCD,VCD,202380,SO,VCD 25988,CCI,CCI,1.0,2.3,FR/SO Intervention Needed
82407,82407,Registered,VCD,25988,KC,B-,C,VCD,VCD,202380,SO,VCD 25988,CCI,CCI,2.0,2.7,FR/SO Intervention Needed
82402,82402,Registered,VCD,25988,KC,B-,F,VCD,VCD,202380,FR,VCD 25988,CCI,CCI,0.0,2.7,FR/SO Intervention Needed
59590,59590,Registered,MDJ,15027,KC,A-,F,MDJ,MUT,202380,SO,MDJ 15027,CotA,CCI,0.0,3.7,FR/SO Intervention Needed
59601,59601,Registered,MDJ,15027,KC,F,D,MDJ,DMP,202380,FR,MDJ 15027,CCI,CCI,1.0,0.0,FR/SO Intervention Needed
82822,82822,Registered,VCD,17213,KC,F,F,VCD,EMAT,202380,SO,VCD 17213,CCI,CCI,0.0,0.0,FR/SO Intervention Needed
82835,82835,Std Withdrawn,VCD,17213,KC,W,F,VCD,VCD,202380,JR,VCD 17213,CCI,CCI,0.0,0.0,JR/SR Intervention Needed
82833,82833,Registered,VCD,17213,KC,B,F,VCD,VCD,202380,JR,VCD 17213,CCI,CCI,0.0,3.0,JR/SR Intervention Needed
82848,82848,Registered,VCD,17213,KC,B,F,VCD,EMAT,202380,SO,VCD 17213,CCI,CCI,0.0,3.0,FR/SO Intervention Needed
82845,82845,Registered,VCD,17213,KC,C+,F,VCD,VCD,202380,SO,VCD 17213,CCI,CCI,0.0,2.3,FR/SO Intervention Needed
59587,59587,Registered,MDJ,15027,KC,B,C,MDJ,VCD,202380,SO,MDJ 15027,CCI,CCI,2.0,3.0,FR/SO Intervention Needed
59643,59643,Registered,MDJ,15027,KC,B+,C,MDJ,THEA,202380,FR,MDJ 15027,CotA,CCI,2.0,3.3,FR/SO Intervention Needed
82829,82829,Registered,VCD,17213,KC,B,C,VCD,VCD,202380,SO,VCD 17213,CCI,CCI,2.0,3.0,FR/SO Intervention Needed
40029,40029,Registered,FDM,24923,KC,C+,C,FDM,FM,202380,SO,FDM 24923,CotA,CotA,2.0,2.3,FR/SO Intervention Needed
40060,40060,Registered,FDM,24923,KC,A-,D,FDM,FD,202380,SO,FDM 24923,CotA,CotA,1.0,3.7,FR/SO Intervention Needed
40051,40051,Registered,FDM,24923,KC,D,D,FDM,FD,202380,FR,FDM 24923,CotA,CotA,1.0,1.0,FR/SO Intervention Needed
40041,40041,Registered,FDM,24923,KC,D+,D+,FDM,FD,202380,FR,FDM 24923,CotA,CotA,1.3,1.3,FR/SO Intervention Needed
40028,40028,Registered,FDM,24923,KC,B-,D+,FDM,FM,202380,FR,FDM 24923,CotA,CotA,1.3,2.7,FR/SO Intervention Needed
39990,39990,Registered,FDM,24923,KC,C,D,FDM,FM,202380,FR,FDM 24923,CotA,CotA,1.0,2.0,FR/SO Intervention Needed
40016,40016,Registered,FDM,24923,KC,B-,D+,FDM,FM,202380,SO,FDM 24923,CotA,CotA,1.3,2.7,FR/SO Intervention Needed
40010,40010,Registered,FDM,24923,KC,B,D,FDM,FD,202380,FR,FDM 24923,CotA,CotA,1.0,3.0,FR/SO Intervention Needed
39959,39959,Registered,FDM,24923,KC,B,C,FDM,FM,202380,SO,FDM 24923,CotA,CotA,2.0,3.0,FR/SO Intervention Needed
39988,39988,Registered,FDM,24923,KC,B+,C,FDM,FD,202380,FR,FDM 24923,CotA,CotA,2.0,3.3,FR/SO Intervention Needed
39977,39977,Registered,FDM,24923,KC,A,C,FDM,FM,202380,SO,FDM 24923,CotA,CotA,2.0,4.0,FR/SO Intervention Needed
39942,39942,Registered,FDM,24923,KC,F,D,FDM,FM,202380,SO,FDM 24923,CotA,CotA,1.0,0.0,FR/SO Intervention Needed
39941,39941,Registered,FDM,24923,KC,C+,C,FDM,FM,202380,SO,FDM 24923,CotA,CotA,2.0,2.3,FR/SO Intervention Needed
39933,39933,Registered,FDM,24923,KC,B-,C,FDM,FM,202380,SO,FDM 24923,CotA,CotA,2.0,2.7,FR/SO Intervention Needed
39954,39954,Registered,FDM,24923,KC,F,F,FDM,FM,202380,FR,FDM 24923,CotA,CotA,0.0,0.0,FR/SO Intervention Needed
39953,39953,Registered,FDM,24923,KC,C-,D,FDM,FM,202380,SO,FDM 24923,CotA,CotA,1.0,1.7,FR/SO Intervention Needed
39946,39946,Registered,FDM,24923,KC,C-,D,FDM,FM,202380,SO,FDM 24923,CotA,CotA,1.0,1.7,FR/SO Intervention Needed
39945,39945,Registered,FDM,24923,KC,C-,F,FDM,FM,202380,SO,FDM 24923,CotA,CotA,0.0,1.7,FR/SO Intervention Needed
39938,39938,Registered,FDM,24923,KC,B-,C,FDM,FM,202380,SO,FDM 24923,CotA,CotA,2.0,2.7,FR/SO Intervention Needed
39930,39930,Stopped Attending - Failed,FDM,24923,KC,SF,F,FDM,FD,202380,FR,FDM 24923,CotA,CotA,0.0,0.0,FR/SO Intervention Needed
39894,39894,Registered,FDM,24923,KC,F,C,FDM,FM,202380,SO,FDM 24923,CotA,CotA,2.0,0.0,FR/SO Intervention Needed
39877,39877,Registered,FDM,24923,KC,F,C-,FDM,FM,202380,SO,FDM 24923,CotA,CotA,1.7,0.0,FR/SO Intervention Needed
39907,39907,Registered,FDM,24923,KC,C,C,FDM,FM,202380,SO,FDM 24923,CotA,CotA,2.0,2.0,FR/SO Intervention Needed
39904,39904,Registered,FDM,24923,KC,A,C,FDM,FM,202380,SO,FDM 24923,CotA,CotA,2.0,4.0,FR/SO Intervention Needed
59618,59618,Registered,MDJ,15027,KC,B+,C-,MDJ,PR,202380,FR,MDJ 15027,CCI,CCI,1.7,3.3,FR/SO Intervention Needed
39874,39874,Stopped Attending - Failed,FDM,24923,KC,SF,C,FDM,FM,202380,SO,FDM 24923,CotA,CotA,2.0,0.0,FR/SO Intervention Needed
59681,59681,Stopped Attending - Failed,MDJ,15027,KC,SF,SF,MDJ,FM,202380,FR,MDJ 15027,CotA,CCI,0.0,0.0,FR/SO Intervention Needed
59700,59700,Registered,MDJ,15027,KC,C,F,MDJ,DMP,202380,FR,MDJ 15027,CCI,CCI,0.0,2.0,FR/SO Intervention Needed
59754,59754,Registered,MDJ,15027,KC,C+,C,MDJ,VCD,202380,FR,MDJ 15027,CCI,CCI,2.0,2.3,FR/SO Intervention Needed
59770,59770,Registered,MDJ,15027,KC,B,F,MDJ,ADV,202380,FR,MDJ 15027,CCI,CCI,0.0,3.0,FR/SO Intervention Needed
59731,59731,Registered,MDJ,15027,KC,B-,C-,MDJ,PR,202380,FR,MDJ 15027,CCI,CCI,1.7,2.7,FR/SO Intervention Needed
59747,59747,Std Withdrawn,MDJ,15027,KC,W,F,MDJ,VCD,202380,FR,MDJ 15027,CCI,CCI,0.0,0.0,FR/SO Intervention Needed
59799,59799,Registered,MDJ,15027,KC,F,F,MDJ,COMA,202380,FR,MDJ 15027,CAED,CCI,0.0,0.0,FR/SO Intervention Needed
59832,59832,Registered,MDJ,15027,KC,C+,D,MDJ,ADV,202380,FR,MDJ 15027,CCI,CCI,1.0,2.3,FR/SO Intervention Needed
59850,59850,Registered,MDJ,15027,KC,C,C,MDJ,DMP,202380,SO,MDJ 15027,CCI,CCI,2.0,2.0,FR/SO Intervention Needed
59837,59837,Registered,MDJ,15027,KC,F,D,MDJ,ID,202380,FR,MDJ 15027,CAED,CCI,1.0,0.0,FR/SO Intervention Needed
59863,59863,Std Withdrawn,MDJ,15027,KC,W,C-,MDJ,JNL,202380,FR,MDJ 15027,CCI,CCI,1.7,0.0,FR/SO Intervention Needed
59854,59854,Registered,MDJ,15027,KC,B,D+,MDJ,DMP,202380,FR,MDJ 15027,CCI,CCI,1.3,3.0,FR/SO Intervention Needed
59882,59882,Registered,MDJ,15027,KC,,D,MDJ,DMP,202380,FR,MDJ 15027,CCI,CCI,1.0,,FR/SO Intervention Needed
59869,59869,Stopped Attending - Failed,MDJ,15027,KC,SF,D,MDJ,VCD,202380,SO,MDJ 15027,CCI,CCI,1.0,0.0,FR/SO Intervention Needed
59926,59926,Registered,MDJ,15027,KC,D,C,MDJ,VCD,202380,SO,MDJ 15027,CCI,CCI,2.0,1.0,FR/SO Intervention Needed
59925,59925,Registered,MDJ,15027,KC,F,F,MDJ,FD,202380,JR,MDJ 15027,CotA,CCI,0.0,0.0,JR/SR Intervention Needed
59918,59918,Registered,MDJ,15027,KC,,F,MDJ,VCD,202380,SO,MDJ 15027,CCI,CCI,0.0,,FR/SO Intervention Needed
59945,59945,Registered,MDJ,15027,KC,D,F,MDJ,VCD,202380,FR,MDJ 15027,CCI,CCI,0.0,1.0,FR/SO Intervention Needed
59942,59942,Registered,MDJ,15027,KC,B,C,MDJ,FM,202380,SO,MDJ 15027,CotA,CCI,2.0,3.0,FR/SO Intervention Needed
83129,83129,Registered,VCD,24327,KC,C+,C,VCD,VCD,202380,FR,VCD 24327,CCI,CCI,2.0,2.3,FR/SO Intervention Needed
83146,83146,Registered,VCD,24327,KC,C-,C-,VCD,VCD,202380,FR,VCD 24327,CCI,CCI,1.7,1.7,FR/SO Intervention Needed
83135,83135,Std Withdrawn,VCD,24327,KC,W,F,VCD,VCD,202380,SO,VCD 24327,CCI,CCI,0.0,0.0,FR/SO Intervention Needed
83121,83121,Std Withdrawn,VCD,24327,KC,W,C,VCD,VCD,202380,FR,VCD 24327,CCI,CCI,2.0,0.0,FR/SO Intervention Needed
59923,59923,Registered,MDJ,15027,KC,C,C,MDJ,FD,202380,FR,MDJ 15027,CotA,CCI,2.0,2.0,FR/SO Intervention Needed
83610,83610,Registered,VCD,20802,KC,F,C,VCD,VCD,202380,SO,VCD 20802,CCI,CCI,2.0,0.0,FR/SO Intervention Needed
83626,83626,Registered,VCD,20802,KC,B-,C,VCD,VCD,202380,SO,VCD 20802,CCI,CCI,2.0,2.7,FR/SO Intervention Needed
83614,83614,Registered,VCD,20802,KC,A-,D+,VCD,VCD,202380,SO,VCD 20802,CCI,CCI,1.3,3.7,FR/SO Intervention Needed
83639,83639,Registered,VCD,20802,KC,D,F,VCD,VCD,202380,SO,VCD 20802,CCI,CCI,0.0,1.0,FR/SO Intervention Needed
83606,83606,Std Withdrawn,VCD,20802,KC,W,D,VCD,DMP,202380,SO,VCD 20802,CCI,CCI,1.0,0.0,FR/SO Intervention Needed
83630,83630,Registered,VCD,20802,KC,F,C,VCD,VCD,202380,SO,VCD 20802,CCI,CCI,2.0,0.0,FR/SO Intervention Needed
83621,83621,Registered,VCD,20802,KC,D+,C,VCD,VCD,202380,SO,VCD 20802,CCI,CCI,2.0,1.3,FR/SO Intervention Needed
83634,83634,Registered,VCD,20802,KC,C,D,VCD,VCD,202380,FR,VCD 20802,CCI,CCI,1.0,2.0,FR/SO Intervention Needed
83679,83679,Registered,VCD,20802,KC,C+,F,VCD,VCD,202380,SR,VCD 20802,CCI,CCI,0.0,2.3,JR/SR Intervention Needed
83650,83650,Registered,VCD,20802,KC,C,C,VCD,VCD,202380,SO,VCD 20802,CCI,CCI,2.0,2.0,FR/SO Intervention Needed
83669,83669,Registered,VCD,20802,KC,F,F,VCD,VCD,202380,JR,VCD 20802,CCI,CCI,0.0,0.0,JR/SR Intervention Needed
59988,59988,Registered,MDJ,15027,KC,F,F,MDJ,FM,202380,JR,MDJ 15027,CotA,CCI,0.0,0.0,JR/SR Intervention Needed
59986,59986,Std Withdrawn,MDJ,15027,KC,W,D+,MDJ,FD,202380,SO,MDJ 15027,CotA,CCI,1.3,0.0,FR/SO Intervention Needed
60043,60043,Registered,MDJ,15027,KC,F,D,MDJ,VCD,202380,FR,MDJ 15027,CCI,CCI,1.0,0.0,FR/SO Intervention Needed
60041,60041,Stopped Attending - Failed,MDJ,15027,KC,SF,F,MDJ,COMM,202380,JR,MDJ 15027,CCI,CCI,0.0,0.0,JR/SR Intervention Needed
60036,60036,Registered,MDJ,15027,KC,B,C,MDJ,DMP,202380,SO,MDJ 15027,CCI,CCI,2.0,3.0,FR/SO Intervention Needed
60061,60061,Registered,MDJ,15027,KC,B,D+,MDJ,VCD,202380,SO,MDJ 15027,CCI,CCI,1.3,3.0,FR/SO Intervention Needed
60155,60155,Registered,MDJ,15027,KC,A,C,MDJ,ARCH,202380,FR,MDJ 15027,CAED,CCI,2.0,4.0,FR/SO Intervention Needed
60177,60177,Registered,MDJ,15027,KC,B,C,MDJ,DMP,202380,FR,MDJ 15027,CCI,CCI,2.0,3.0,FR/SO Intervention Needed
60148,60148,Registered,MDJ,15027,KC,B+,C-,MDJ,FM,202380,SO,MDJ 15027,CotA,CCI,1.7,3.3,FR/SO Intervention Needed
69203,69203,Std Withdrawn,MUS,12716,KC,W,F,MUS,MUS,202380,JR,MUS 12716,CotA,CotA,0.0,0.0,JR/SR Intervention Needed
69197,69197,Registered,MUS,12716,KC,A,D,MUS,MUED,202380,FR,MUS 12716,CotA,CotA,1.0,4.0,FR/SO Intervention Needed
84045,84045,Registered,VCD,18839,KC,B-,C,VCD,VCD,202380,SO,VCD 18839,CCI,CCI,2.0,2.7,FR/SO Intervention Needed
84068,84068,Stopped Attending - Failed,VCD,18839,KC,SF,D+,VCD,VCD,202380,SO,VCD 18839,CCI,CCI,1.3,0.0,FR/SO Intervention Needed
84063,84063,Registered,VCD,18839,KC,B-,F,VCD,VCD,202380,JR,VCD 18839,CCI,CCI,0.0,2.7,JR/SR Intervention Needed
62708,62708,Registered,MDJ,11788,KC,A-,C,MDJ,ADV,202380,SO,MDJ 11788,CCI,CCI,2.0,3.7,FR/SO Intervention Needed
69190,69190,Std Withdrawn,MUS,12716,KC,W,D+,MUS,MUS,202380,FR,MUS 12716,CotA,CotA,1.3,0.0,FR/SO Intervention Needed
30354,30354,Registered,COMM,21241,KC,A,C-,COMM,DMP,202380,SO,COMM 21241,CCI,CCI,1.7,4.0,FR/SO Intervention Needed
69151,69151,Registered,MUS,12716,KC,C,F,MUS,EMAT,202380,SO,MUS 12716,CCI,CotA,0.0,2.0,FR/SO Intervention Needed
38519,38519,Registered,FDM,14111,KC,A,C,FDM,FM,202380,SO,FDM 14111,CotA,CotA,2.0,4.0,FR/SO Intervention Needed
38515,38515,Registered,FDM,14111,KC,F,D,FDM,FD,202380,FR,FDM 14111,CotA,CotA,1.0,0.0,FR/SO Intervention Needed
84082,84082,Registered,VCD,18839,KC,B-,C,VCD,VCD,202380,SO,VCD 18839,CCI,CCI,2.0,2.7,FR/SO Intervention Needed
84078,84078,Stopped Attending - Failed,VCD,18839,KC,SF,F,VCD,VCD,202380,FR,VCD 18839,CCI,CCI,0.0,0.0,FR/SO Intervention Needed
84077,84077,Registered,VCD,18839,KC,F,F,VCD,FD,202380,SR,VCD 18839,CotA,CCI,0.0,0.0,JR/SR Intervention Needed
38463,38463,Registered,FDM,14111,KC,F,F,FDM,FD,202380,FR,FDM 14111,CotA,CotA,0.0,0.0,FR/SO Intervention Needed
38462,38462,Registered,FDM,14111,KC,C-,F,FDM,FD,202380,FR,FDM 14111,CotA,CotA,0.0,1.7,FR/SO Intervention Needed
38492,38492,Registered,FDM,14111,KC,D+,F,FDM,FD,202380,FR,FDM 14111,CotA,CotA,0.0,1.3,FR/SO Intervention Needed
38447,38447,Registered,FDM,14111,KC,C-,F,FDM,FD,202380,SO,FDM 14111,CotA,CotA,0.0,1.7,FR/SO Intervention Needed
38503,38503,Registered,FDM,14111,KC,C,C,FDM,FD,202380,SO,FDM 14111,CotA,CotA,2.0,2.0,FR/SO Intervention Needed
38500,38500,Registered,FDM,14111,KC,C,F,FDM,FM,202380,JR,FDM 14111,CotA,CotA,0.0,2.0,JR/SR Intervention Needed
38499,38499,Registered,FDM,14111,KC,F,F,FDM,FM,202380,SO,FDM 14111,CotA,CotA,0.0,0.0,FR/SO Intervention Needed
38413,38413,Std Withdrawn,FDM,14111,KC,W,F,FDM,FD,202380,FR,FDM 14111,CotA,CotA,0.0,0.0,FR/SO Intervention Needed
38442,38442,Registered,FDM,14111,KC,B,D+,FDM,FM,202380,SO,FDM 14111,CotA,CotA,1.3,3.0,FR/SO Intervention Needed
38471,38471,Registered,FDM,14111,KC,B,D,FDM,FM,202380,FR,FDM 14111,CotA,CotA,1.0,3.0,FR/SO Intervention Needed
38433,38433,Registered,FDM,14111,KC,C,C,FDM,FM,202380,FR,FDM 14111,CotA,CotA,2.0,2.0,FR/SO Intervention Needed
38426,38426,Registered,FDM,14111,KC,C,C,FDM,FM,202380,SO,FDM 14111,CotA,CotA,2.0,2.0,FR/SO Intervention Needed
38408,38408,Registered,FDM,14111,KC,F,F,FDM,FM,202380,FR,FDM 14111,CotA,CotA,0.0,0.0,FR/SO Intervention Needed
38438,38438,Registered,FDM,14111,KC,,F,FDM,FD,202380,FR,FDM 14111,CotA,CotA,0.0,,FR/SO Intervention Needed
38395,38395,Registered,FDM,14111,KC,C,C,FDM,FM,202380,SO,FDM 14111,CotA,CotA,2.0,2.0,FR/SO Intervention Needed
38422,38422,Std Withdrawn,FDM,14111,KC,W,F,FDM,FM,202380,FR,FDM 14111,CotA,CotA,0.0,0.0,FR/SO Intervention Needed
38377,38377,Registered,FDM,14111,KC,C,C,FDM,FM,202380,SO,FDM 14111,CotA,CotA,2.0,2.0,FR/SO Intervention Needed
38370,38370,Registered,FDM,14111,KC,C,F,FDM,FM,202380,JR,FDM 14111,CotA,CotA,0.0,2.0,JR/SR Intervention Needed
38358,38358,Registered,FDM,14111,KC,D,C,FDM,FM,202380,FR,FDM 14111,CotA,CotA,2.0,1.0,FR/SO Intervention Needed
38357,38357,Std Withdrawn,FDM,14111,KC,W,F,FDM,FM,202380,SO,FDM 14111,CotA,CotA,0.0,0.0,FR/SO Intervention Needed
38355,38355,Registered,FDM,14111,KC,D,C-,FDM,FM,202380,SO,FDM 14111,CotA,CotA,1.7,1.0,FR/SO Intervention Needed
62913,62913,Registered,MDJ,28436,KC,D,F,MDJ,VCD,202380,SR,MDJ 28436,CCI,CCI,0.0,1.0,JR/SR Intervention Needed
38314,38314,Registered,FDM,14111,KC,C,C,FDM,FM,202380,FR,FDM 14111,CotA,CotA,2.0,2.0,FR/SO Intervention Needed
38313,38313,Registered,FDM,14111,KC,B-,C,FDM,FM,202380,SO,FDM 14111,CotA,CotA,2.0,2.7,FR/SO Intervention Needed
62941,62941,Registered,MDJ,28436,KC,C,C,MDJ,PR,202380,SO,MDJ 28436,CCI,CCI,2.0,2.0,FR/SO Intervention Needed
30683,30683,Registered,DAN,13945,KC,F,F,THDN,DNST,202380,SO,DAN 13945,CotA,CotA,0.0,0.0,FR/SO Intervention Needed
69118,69118,Registered,MUS,12716,KC,C,C,MUS,VCD,202380,FR,MUS 12716,CCI,CotA,2.0,2.0,FR/SO Intervention Needed
69120,69120,Registered,MUS,12716,KC,B-,D,MUS,THEA,202380,FR,MUS 12716,CotA,CotA,1.0,2.7,FR/SO Intervention Needed
63309,63309,Registered,MDJ,13358,KC,F,C,MDJ,DMP,202380,SO,MDJ 13358,CCI,CCI,2.0,0.0,FR/SO Intervention Needed
63327,63327,Registered,MDJ,13358,KC,C,C,MDJ,DMP,202380,FR,MDJ 13358,CCI,CCI,2.0,2.0,FR/SO Intervention Needed
63356,63356,Registered,MDJ,13358,KC,B-,D+,MDJ,VCD,202380,SO,MDJ 13358,CCI,CCI,1.3,2.7,FR/SO Intervention Needed
63318,63318,Registered,MDJ,13358,KC,B+,C,MDJ,DMP,202380,FR,MDJ 13358,CCI,CCI,2.0,3.3,FR/SO Intervention Needed
63368,63368,Registered,MDJ,13358,KC,D,C-,MDJ,JNL,202380,FR,MDJ 13358,CCI,CCI,1.7,1.0,FR/SO Intervention Needed
63333,63333,Registered,MDJ,13358,KC,C,C,MDJ,JNL,202380,FR,MDJ 13358,CCI,CCI,2.0,2.0,FR/SO Intervention Needed
63361,63361,Registered,MDJ,13358,KC,C,D+,MDJ,DMP,202380,FR,MDJ 13358,CCI,CCI,1.3,2.0,FR/SO Intervention Needed
63348,63348,Registered,MDJ,13358,KC,B+,D+,MDJ,DMP,202380,SO,MDJ 13358,CCI,CCI,1.3,3.3,FR/SO Intervention Needed
63347,63347,Registered,MDJ,13358,KC,C+,D,MDJ,DMP,202380,FR,MDJ 13358,CCI,CCI,1.0,2.3,FR/SO Intervention Needed
69099,69099,Registered,MUS,12716,KC,C-,D,MUS,FM,202380,FR,MUS 12716,CotA,CotA,1.0,1.7,FR/SO Intervention Needed
63885,63885,Registered,MDJ,17554,KC,A,F,MDJ,ADV,202380,FR,MDJ 17554,CCI,CCI,0.0,4.0,FR/SO Intervention Needed
30883,30883,Registered,EMAT,12670,KC,F,C,EMAT,COMM,202380,SO,EMAT 12670,CCI,CCI,2.0,0.0,FR/SO Intervention Needed
30904,30904,Registered,EMAT,12670,KC,D,F,EMAT,EMAT,202380,FR,EMAT 12670,CCI,CCI,0.0,1.0,FR/SO Intervention Needed
30891,30891,Registered,EMAT,12670,KC,A,C,EMAT,EMAT,202380,FR,EMAT 12670,CCI,CCI,2.0,4.0,FR/SO Intervention Needed
69080,69080,Registered,MUS,12716,KC,D,C,MUS,DMP,202380,SO,MUS 12716,CCI,CotA,2.0,1.0,FR/SO Intervention Needed
69076,69076,Registered,MUS,12716,KC,C-,C-,MUS,DMP,202380,FR,MUS 12716,CCI,CotA,1.7,1.7,FR/SO Intervention Needed
64063,64063,Registered,MDJ,12062,KC,C,C,MDJ,ADV,202380,SO,MDJ 12062,CCI,CCI,2.0,2.0,FR/SO Intervention Needed
84625,84625,Registered,VCD,13182,KC,C-,F,VCD,VCD,202380,JR,VCD 13182,CCI,CCI,0.0,1.7,JR/SR Intervention Needed
84624,84624,Registered,VCD,13182,KC,C,C,VCD,VCD,202380,FR,VCD 13182,CCI,CCI,2.0,2.0,FR/SO Intervention Needed
1814,1814,Registered,ARCH,16841,KC,D+,D,ARCH,COMA,202380,SO,ARCH 16841,CAED,CAED,1.0,1.3,FR/SO Intervention Needed
1754,1754,Std Withdrawn,ARCH,16841,KC,W,F,ARCH,DMP,202380,FR,ARCH 16841,CCI,CAED,0.0,0.0,FR/SO Intervention Needed
1728,1728,Std Withdrawn,ARCH,16841,KC,W,F,ARCH,COMA,202380,JR,ARCH 16841,CAED,CAED,0.0,0.0,JR/SR Intervention Needed
1710,1710,Registered,ARCH,16841,KC,A,C,ARCH,COMM,202380,FR,ARCH 16841,CCI,CAED,2.0,4.0,FR/SO Intervention Needed
1685,1685,Registered,ARCH,16841,KC,F,F,ARCH,COMA,202380,SR,ARCH 16841,CAED,CAED,0.0,0.0,JR/SR Intervention Needed
64278,64278,Registered,MDJ,20627,KC,B,C,MDJ,EMAT,202380,SO,MDJ 20627,CCI,CCI,2.0,3.0,FR/SO Intervention Needed
64286,64286,Registered,MDJ,20627,KC,B-,D,MDJ,DMP,202380,SO,MDJ 20627,CCI,CCI,1.0,2.7,FR/SO Intervention Needed
64318,64318,Registered,MDJ,20627,KC,B,C,MDJ,DMP,202380,SO,MDJ 20627,CCI,CCI,2.0,3.0,FR/SO Intervention Needed
68994,68994,Registered,MUS,12716,KC,C+,C-,MUS,DMP,202380,FR,MUS 12716,CCI,CotA,1.7,2.3,FR/SO Intervention Needed
64853,64853,Registered,MDJ,22796,KC,F,C-,MDJ,DMP,202380,SO,MDJ 22796,CCI,CCI,1.7,0.0,FR/SO Intervention Needed
65156,65156,Registered,MDJ,25459,KC,D,F,MDJ,DMP,202380,SR,MDJ 25459,CCI,CCI,0.0,1.0,JR/SR Intervention Needed
65143,65143,Registered,MDJ,25459,KC,B+,C-,MDJ,DMP,202380,SO,MDJ 25459,CCI,CCI,1.7,3.3,FR/SO Intervention Needed
65170,65170,Registered,MDJ,25459,KC,C,F,MDJ,DMP,202380,SR,MDJ 25459,CCI,CCI,0.0,2.0,JR/SR Intervention Needed
31441,31441,Registered,EMAT,19538,KC,F,F,EMAT,EMAT,202380,SO,EMAT 19538,CCI,CCI,0.0,0.0,FR/SO Intervention Needed
31477,31477,Registered,EMAT,19538,KC,D,C,EMAT,COMM,202380,SO,EMAT 19538,CCI,CCI,2.0,1.0,FR/SO Intervention Needed
31504,31504,Registered,EMAT,19538,KC,F,F,EMAT,COMM,202380,SR,EMAT 19538,CCI,CCI,0.0,0.0,JR/SR Intervention Needed
31541,31541,Registered,EMAT,19538,KC,C-,D,EMAT,EMAT,202380,SO,EMAT 19538,CCI,CCI,1.0,1.7,FR/SO Intervention Needed
31568,31568,Registered,EMAT,19538,KC,C,F,EMAT,COMM,202380,FR,EMAT 19538,CCI,CCI,0.0,2.0,FR/SO Intervention Needed
31534,31534,Registered,EMAT,19538,KC,B-,C,EMAT,COMM,202380,SO,EMAT 19538,CCI,CCI,2.0,2.7,FR/SO Intervention Needed
31532,31532,Registered,EMAT,19538,KC,C,F,EMAT,PR,202380,JR,EMAT 19538,CCI,CCI,0.0,2.0,JR/SR Intervention Needed
31587,31587,Registered,EMAT,19538,KC,F,F,EMAT,JNL,202380,FR,EMAT 19538,CCI,CCI,0.0,0.0,FR/SO Intervention Needed
31548,31548,Registered,EMAT,19538,KC,D+,D+,EMAT,COMM,202380,SO,EMAT 19538,CCI,CCI,1.3,1.3,FR/SO Intervention Needed
31545,31545,Registered,EMAT,19538,KC,A,C,EMAT,VCD,202380,SO,EMAT 19538,CCI,CCI,2.0,4.0,FR/SO Intervention Needed
31599,31599,Registered,EMAT,19538,KC,D,F,EMAT,FM,202380,JR,EMAT 19538,CotA,CCI,0.0,1.0,JR/SR Intervention Needed
31596,31596,Registered,EMAT,19538,KC,A,C,EMAT,JNL,202380,FR,EMAT 19538,CCI,CCI,2.0,4.0,FR/SO Intervention Needed
1596,1596,Registered,ARCH,16841,KC,C-,D,ARCH,COMA,202380,SO,ARCH 16841,CAED,CAED,1.0,1.7,FR/SO Intervention Needed
1530,1530,Registered,ARCH,16841,KC,B-,D,ARCH,JNL,202380,SO,ARCH 16841,CCI,CAED,1.0,2.7,FR/SO Intervention Needed
1486,1486,Registered,ARCH,16841,KC,B,F,ARCH,COMA,202380,FR,ARCH 16841,CAED,CAED,0.0,3.0,FR/SO Intervention Needed
1475,1475,Std Withdrawn,ARCH,16841,KC,W,F,ARCH,FM,202380,JR,ARCH 16841,CotA,CAED,0.0,0.0,JR/SR Intervention Needed
36898,36898,Registered,FDM,20725,KC,A-,C,FDM,FD,202380,FR,FDM 20725,CotA,CotA,2.0,3.7,FR/SO Intervention Needed
1484,1484,Registered,ARCH,16841,KC,B,C,ARCH,JNL,202380,FR,ARCH 16841,CCI,CAED,2.0,3.0,FR/SO Intervention Needed
1481,1481,Registered,ARCH,16841,KC,F,F,ARCH,DMP,202380,SR,ARCH 16841,CCI,CAED,0.0,0.0,JR/SR Intervention Needed
36847,36847,Registered,FDM,20725,KC,A-,D+,FDM,FD,202380,SO,FDM 20725,CotA,CotA,1.3,3.7,FR/SO Intervention Needed
36906,36906,Stopped Attending - Failed,FDM,20725,KC,SF,F,FDM,FD,202380,FR,FDM 20725,CotA,CotA,0.0,0.0,FR/SO Intervention Needed
36829,36829,Registered,FDM,20725,KC,A-,F,FDM,FM,202380,FR,FDM 20725,CotA,CotA,0.0,3.7,FR/SO Intervention Needed
36855,36855,Registered,FDM,20725,KC,C,C,FDM,FD,202380,FR,FDM 20725,CotA,CotA,2.0,2.0,FR/SO Intervention Needed
36815,36815,Std Withdrawn,FDM,20725,KC,W,F,FDM,FM,202380,SO,FDM 20725,CotA,CotA,0.0,0.0,FR/SO Intervention Needed
36803,36803,Registered,FDM,20725,KC,F,F,FDM,FD,202380,FR,FDM 20725,CotA,CotA,0.0,0.0,FR/SO Intervention Needed
36797,36797,Registered,FDM,20725,KC,B,C,FDM,FM,202380,SO,FDM 20725,CotA,CotA,2.0,3.0,FR/SO Intervention Needed
36858,36858,Registered,FDM,20725,KC,B,F,FDM,FD,202380,FR,FDM 20725,CotA,CotA,0.0,3.0,FR/SO Intervention Needed
36823,36823,Registered,FDM,20725,KC,B+,F,FDM,FD,202380,FR,FDM 20725,CotA,CotA,0.0,3.3,FR/SO Intervention Needed
36789,36789,Registered,FDM,20725,KC,D,C,FDM,FM,202380,FR,FDM 20725,CotA,CotA,2.0,1.0,FR/SO Intervention Needed
36843,36843,Registered,FDM,20725,KC,C,F,FDM,FD,202380,SO,FDM 20725,CotA,CotA,0.0,2.0,FR/SO Intervention Needed
36751,36751,Registered,FDM,20725,KC,A,C-,FDM,FD,202380,FR,FDM 20725,CotA,CotA,1.7,4.0,FR/SO Intervention Needed
36750,36750,Registered,FDM,20725,KC,D+,C,FDM,FM,202380,SO,FDM 20725,CotA,CotA,2.0,1.3,FR/SO Intervention Needed
36739,36739,Registered,FDM,20725,KC,C,D+,FDM,FD,202380,FR,FDM 20725,CotA,CotA,1.3,2.0,FR/SO Intervention Needed
36792,36792,Registered,FDM,20725,KC,B+,C,FDM,FD,202380,SO,FDM 20725,CotA,CotA,2.0,3.3,FR/SO Intervention Needed
14510,14510,Registered,ARTH,17400,KC,B-,C,ART,ID,202380,SO,ARTH 17400,CAED,CotA,2.0,2.7,FR/SO Intervention Needed
14538,14538,Registered,ARTH,17400,KC,C+,C,ART,ID,202380,SO,ARTH 17400,CAED,CotA,2.0,2.3,FR/SO Intervention Needed
14496,14496,Registered,ARTH,17400,KC,B-,C,ART,ID,202380,FR,ARTH 17400,CAED,CotA,2.0,2.7,FR/SO Intervention Needed
14498,14498,Registered,ARTH,17400,KC,A,F,ART,FD,202380,FR,ARTH 17400,CotA,CotA,0.0,4.0,FR/SO Intervention Needed
14415,14415,Registered,ARTH,17400,KC,B,C-,ART,FD,202380,FR,ARTH 17400,CotA,CotA,1.7,3.0,FR/SO Intervention Needed
14402,14402,Registered,ARTH,17400,KC,C,C,ART,FD,202380,SO,ARTH 17400,CotA,CotA,2.0,2.0,FR/SO Intervention Needed
1381,1381,Std Withdrawn,ARCH,16841,KC,W,D,ARCH,FD,202380,FR,ARCH 16841,CotA,CAED,1.0,0.0,FR/SO Intervention Needed
14371,14371,Registered,ARTH,17400,KC,F,F,ART,FD,202380,FR,ARTH 17400,CotA,CotA,0.0,0.0,FR/SO Intervention Needed
14332,14332,Registered,ARTH,17400,KC,A,D,ART,ARTE,202380,SO,ARTH 17400,CotA,CotA,1.0,4.0,FR/SO Intervention Needed
35323,35323,Registered,FDM,21467,KC,B,C-,FDM,FD,202380,FR,FDM 21467,CotA,CotA,1.7,3.0,FR/SO Intervention Needed
35285,35285,Registered,FDM,21467,KC,C,C-,FDM,FD,202380,SO,FDM 21467,CotA,CotA,1.7,2.0,FR/SO Intervention Needed
35304,35304,Registered,FDM,21467,KC,C,C,FDM,FD,202380,FR,FDM 21467,CotA,CotA,2.0,2.0,FR/SO Intervention Needed
35297,35297,Registered,FDM,21467,KC,A,C,FDM,FD,202380,FR,FDM 21467,CotA,CotA,2.0,4.0,FR/SO Intervention Needed
35296,35296,Std Withdrawn,FDM,21467,KC,W,SF,FDM,FM,202380,FR,FDM 21467,CotA,CotA,0.0,0.0,FR/SO Intervention Needed
35290,35290,Registered,FDM,21467,KC,C,C-,FDM,FD,202380,FR,FDM 21467,CotA,CotA,1.7,2.0,FR/SO Intervention Needed
35273,35273,Registered,FDM,21467,KC,A,F,FDM,FD,202380,FR,FDM 21467,CotA,CotA,0.0,4.0,FR/SO Intervention Needed
35267,35267,Registered,FDM,21467,KC,C,F,FDM,FD,202380,SO,FDM 21467,CotA,CotA,0.0,2.0,FR/SO Intervention Needed
35262,35262,Registered,FDM,21467,KC,C,C-,FDM,FD,202380,FR,FDM 21467,CotA,CotA,1.7,2.0,FR/SO Intervention Needed
35252,35252,Registered,FDM,21467,KC,B-,F,FDM,FD,202380,FR,FDM 21467,CotA,CotA,0.0,2.7,FR/SO Intervention Needed
35251,35251,Registered,FDM,21467,KC,D+,D,FDM,FM,202380,FR,FDM 21467,CotA,CotA,1.0,1.3,FR/SO Intervention Needed
35247,35247,Registered,FDM,21467,KC,C,F,FDM,VCD,202380,FR,FDM 21467,CCI,CotA,0.0,2.0,FR/SO Intervention Needed
14330,14330,Registered,ARTH,17400,KC,B+,C,ART,SART,202380,SO,ARTH 17400,CotA,CotA,2.0,3.3,FR/SO Intervention Needed
14285,14285,Registered,ARTH,17400,KC,C+,C,ART,FD,202380,SO,ARTH 17400,CotA,CotA,2.0,2.3,FR/SO Intervention Needed
14316,14316,Registered,ARTH,17400,KC,F,C-,ART,ID,202380,FR,ARTH 17400,CAED,CotA,1.7,0.0,FR/SO Intervention Needed
35243,35243,Registered,FDM,21467,KC,D+,F,FDM,FD,202380,FR,FDM 21467,CotA,CotA,0.0,1.3,FR/SO Intervention Needed
35219,35219,Registered,FDM,21467,KC,C+,C,FDM,VCD,202380,SO,FDM 21467,CCI,CotA,2.0,2.3,FR/SO Intervention Needed
14311,14311,Registered,ARTH,17400,KC,,C,ART,FD,202380,SO,ARTH 17400,CotA,CotA,2.0,,FR/SO Intervention Needed
14295,14295,Registered,ARTH,17400,KC,C,C-,ART,DMP,202380,SO,ARTH 17400,CCI,CotA,1.7,2.0,FR/SO Intervention Needed
14257,14257,Registered,ARTH,17400,KC,C,C-,ART,FM,202380,FR,ARTH 17400,CotA,CotA,1.7,2.0,FR/SO Intervention Needed
14274,14274,Registered,ARTH,17400,KC,C-,F,ART,FD,202380,JR,ARTH 17400,CotA,CotA,0.0,1.7,JR/SR Intervention Needed
10606,10606,Stopped Attending - Failed,ART,21467,KC,SF,F,ART,SART,202380,JR,ART 21467,CotA,CotA,0.0,0.0,JR/SR Intervention Needed
10604,10604,Registered,ART,21467,KC,F,F,ART,SART,202380,SO,ART 21467,CotA,CotA,0.0,0.0,FR/SO Intervention Needed
10601,10601,Registered,ART,21467,KC,C-,D,ART,SART,202380,FR,ART 21467,CotA,CotA,1.0,1.7,FR/SO Intervention Needed
10599,10599,Std Withdrawn,ART,21467,KC,W,F,ART,COMM,202380,FR,ART 21467,CCI,CotA,0.0,0.0,FR/SO Intervention Needed
10618,10618,Registered,ART,21467,KC,C,C,ART,ARTE,202380,FR,ART 21467,CotA,CotA,2.0,2.0,FR/SO Intervention Needed
10610,10610,Std Withdrawn,ART,21467,KC,W,F,ART,SART,202380,FR,ART 21467,CotA,CotA,0.0,0.0,FR/SO Intervention Needed
10608,10608,Registered,ART,21467,KC,C,C,ART,ARTE,202380,FR,ART 21467,CotA,CotA,2.0,2.0,FR/SO Intervention Needed
10636,10636,Registered,ART,21467,KC,B-,F,ART,ARTE,202380,FR,ART 21467,CotA,CotA,0.0,2.7,FR/SO Intervention Needed
10632,10632,Registered,ART,21467,KC,B,C,ART,SART,202380,FR,ART 21467,CotA,CotA,2.0,3.0,FR/SO Intervention Needed
10627,10627,Registered,ART,21467,KC,F,F,ART,ARTE,202380,FR,ART 21467,CotA,CotA,0.0,0.0,FR/SO Intervention Needed
10652,10652,Registered,ART,21467,KC,C+,C-,ART,VCD,202380,SO,ART 21467,CCI,CotA,1.7,2.3,FR/SO Intervention Needed
65386,65386,Registered,MDJ,28984,KC,C+,C,MDJ,COMM,202380,SO,MDJ 28984,CCI,CCI,2.0,2.3,FR/SO Intervention Needed
35212,35212,Stopped Attending - Failed,FDM,21467,KC,SF,F,FDM,DMP,202380,FR,FDM 21467,CCI,CotA,0.0,0.0,FR/SO Intervention Needed
35210,35210,Registered,FDM,21467,KC,F,F,FDM,FM,202380,SO,FDM 21467,CotA,CotA,0.0,0.0,FR/SO Intervention Needed
35193,35193,Registered,FDM,21467,KC,C+,C,FDM,FD,202380,SO,FDM 21467,CotA,CotA,2.0,2.3,FR/SO Intervention Needed
35192,35192,Registered,FDM,21467,KC,B-,C-,FDM,FD,202380,FR,FDM 21467,CotA,CotA,1.7,2.7,FR/SO Intervention Needed
35199,35199,Registered,FDM,21467,KC,A-,C-,FDM,FD,202380,FR,FDM 21467,CotA,CotA,1.7,3.7,FR/SO Intervention Needed
35162,35162,Registered,FDM,21467,KC,B-,C,FDM,FD,202380,FR,FDM 21467,CotA,CotA,2.0,2.7,FR/SO Intervention Needed
35157,35157,Registered,FDM,21467,KC,B+,F,FDM,FM,202380,FR,FDM 21467,CotA,CotA,0.0,3.3,FR/SO Intervention Needed
35154,35154,Registered,FDM,21467,KC,C,C,FDM,FD,202380,FR,FDM 21467,CotA,CotA,2.0,2.0,FR/SO Intervention Needed
35150,35150,Registered,FDM,21467,KC,F,D,FDM,FD,202380,FR,FDM 21467,CotA,CotA,1.0,0.0,FR/SO Intervention Needed
65383,65383,Registered,MDJ,28984,KC,B,C,MDJ,PR,202380,SO,MDJ 28984,CCI,CCI,2.0,3.0,FR/SO Intervention Needed
35171,35171,Registered,FDM,21467,KC,B,C,FDM,FM,202380,FR,FDM 21467,CotA,CotA,2.0,3.0,FR/SO Intervention Needed
35170,35170,Registered,FDM,21467,KC,C,D,FDM,FM,202380,FR,FDM 21467,CotA,CotA,1.0,2.0,FR/SO Intervention Needed
35163,35163,Registered,FDM,21467,KC,D,F,FDM,FD,202380,FR,FDM 21467,CotA,CotA,0.0,1.0,FR/SO Intervention Needed
65397,65397,Registered,MDJ,28984,KC,F,F,MDJ,FM,202380,SR,MDJ 28984,CotA,CCI,0.0,0.0,JR/SR Intervention Needed
65396,65396,Registered,MDJ,28984,KC,F,D+,MDJ,JNL,202380,FR,MDJ 28984,CCI,CCI,1.3,0.0,FR/SO Intervention Needed
65395,65395,Stopped Attending - Failed,MDJ,28984,KC,SF,F,MDJ,PR,202380,SO,MDJ 28984,CCI,CCI,0.0,0.0,FR/SO Intervention Needed
32733,32733,Registered,EMAT,26013,KC,C-,F,EMAT,THEA,202380,SR,EMAT 26013,CotA,CCI,0.0,1.7,JR/SR Intervention Needed
32744,32744,Std Withdrawn,EMAT,26013,KC,W,F,EMAT,DMP,202380,JR,EMAT 26013,CCI,CCI,0.0,0.0,JR/SR Intervention Needed
32762,32762,Registered,EMAT,26013,KC,B-,D,EMAT,EMAT,202380,SO,EMAT 26013,CCI,CCI,1.0,2.7,FR/SO Intervention Needed
32761,32761,Registered,EMAT,26013,KC,F,F,EMAT,EMAT,202380,SO,EMAT 26013,CCI,CCI,0.0,0.0,FR/SO Intervention Needed
65436,65436,Registered,MDJ,28984,KC,A,C,MDJ,FM,202380,SO,MDJ 28984,CotA,CCI,2.0,4.0,FR/SO Intervention Needed
65434,65434,Registered,MDJ,28984,KC,B,D,MDJ,JNL,202380,FR,MDJ 28984,CCI,CCI,1.0,3.0,FR/SO Intervention Needed
32783,32783,Registered,EMAT,26013,KC,F,F,EMAT,EMAT,202380,SO,EMAT 26013,CCI,CCI,0.0,0.0,FR/SO Intervention Needed
65440,65440,Registered,MDJ,28984,KC,C,D,MDJ,PR,202380,FR,MDJ 28984,CCI,CCI,1.0,2.0,FR/SO Intervention Needed
65468,65468,Registered,MDJ,28984,KC,C,C,MDJ,JNL,202380,FR,MDJ 28984,CCI,CCI,2.0,2.0,FR/SO Intervention Needed
65464,65464,Std Withdrawn,MDJ,28984,KC,W,D,MDJ,JNL,202380,FR,MDJ 28984,CCI,CCI,1.0,0.0,FR/SO Intervention Needed
65453,65453,Registered,MDJ,28984,KC,D+,F,MDJ,PR,202380,SO,MDJ 28984,CCI,CCI,0.0,1.3,FR/SO Intervention Needed
65482,65482,Registered,MDJ,28984,KC,D,D,MDJ,JNL,202380,FR,MDJ 28984,CCI,CCI,1.0,1.0,FR/SO Intervention Needed
65512,65512,Registered,MDJ,28984,KC,C,C,MDJ,JNL,202380,FR,MDJ 28984,CCI,CCI,2.0,2.0,FR/SO Intervention Needed
65510,65510,Registered,MDJ,28984,KC,F,D+,MDJ,JNL,202380,FR,MDJ 28984,CCI,CCI,1.3,0.0,FR/SO Intervention Needed
65507,65507,Registered,MDJ,28984,KC,F,C,MDJ,JNL,202380,FR,MDJ 28984,CCI,CCI,2.0,0.0,FR/SO Intervention Needed
65473,65473,Registered,MDJ,28984,KC,D,F,MDJ,JNL,202380,FR,MDJ 28984,CCI,CCI,0.0,1.0,FR/SO Intervention Needed
11024,11024,Registered,ART,20725,KC,B,C,ART,SART,202380,FR,ART 20725,CotA,CotA,2.0,3.0,FR/SO Intervention Needed
11023,11023,Registered,ART,20725,KC,F,F,ART,SART,202380,FR,ART 20725,CotA,CotA,0.0,0.0,FR/SO Intervention Needed
11021,11021,Stopped Attending - Failed,ART,20725,KC,SF,F,ART,SART,202380,FR,ART 20725,CotA,CotA,0.0,0.0,FR/SO Intervention Needed
11018,11018,Registered,ART,20725,KC,C,C,ART,SART,202380,FR,ART 20725,CotA,CotA,2.0,2.0,FR/SO Intervention Needed
11036,11036,Registered,ART,20725,KC,B,C,ART,SART,202380,FR,ART 20725,CotA,CotA,2.0,3.0,FR/SO Intervention Needed
11027,11027,Registered,ART,20725,KC,C,C,ART,SART,202380,FR,ART 20725,CotA,CotA,2.0,2.0,FR/SO Intervention Needed
66233,66233,Std Withdrawn,MDJ,25865,KC,W,F,MDJ,DMP,202380,SO,MDJ 25865,CCI,CCI,0.0,0.0,FR/SO Intervention Needed
66229,66229,Registered,MDJ,25865,KC,D,F,MDJ,COMM,202380,SO,MDJ 25865,CCI,CCI,0.0,1.0,FR/SO Intervention Needed
66222,66222,Registered,MDJ,25865,KC,D+,C-,MDJ,JNL,202380,SO,MDJ 25865,CCI,CCI,1.7,1.3,FR/SO Intervention Needed
66667,66667,Std Withdrawn,MDJ,22045,KC,W,F,MDJ,PR,202380,JR,MDJ 22045,CCI,CCI,0.0,0.0,JR/SR Intervention Needed
66677,66677,Registered,MDJ,22045,KC,B,C-,MDJ,JNL,202380,SO,MDJ 22045,CCI,CCI,1.7,3.0,FR/SO Intervention Needed
66835,66835,Registered,MDJ,12683,KC,C-,D,MDJ,COMM,202380,FR,MDJ 12683,CCI,CCI,1.0,1.7,FR/SO Intervention Needed
66858,66858,Registered,MDJ,12683,KC,B,C-,MDJ,PR,202380,FR,MDJ 12683,CCI,CCI,1.7,3.0,FR/SO Intervention Needed
66846,66846,Registered,MDJ,12683,KC,B,C,MDJ,PHOT,202380,SO,MDJ 12683,CCI,CCI,2.0,3.0,FR/SO Intervention Needed
67087,67087,Registered,MUS,28860,KC,C+,C-,MUS,MUED,202380,FR,MUS 28860,CotA,CotA,1.7,2.3,FR/SO Intervention Needed
67116,67116,Registered,MUS,28860,KC,C,D,MUS,MUED,202380,FR,MUS 28860,CotA,CotA,1.0,2.0,FR/SO Intervention Needed
67120,67120,Registered,MUS,28860,KC,B,C-,MUS,MUED,202380,FR,MUS 28860,CotA,CotA,1.7,3.0,FR/SO Intervention Needed
67118,67118,Registered,MUS,28860,KC,C,D,MUS,MUS,202380,SO,MUS 28860,CotA,CotA,1.0,2.0,FR/SO Intervention Needed
67117,67117,Registered,MUS,28860,KC,B,C,MUS,MUED,202380,FR,MUS 28860,CotA,CotA,2.0,3.0,FR/SO Intervention Needed
67495,67495,Registered,MUS,20682,KC,C-,C,MUS,MUS,202380,SO,MUS 20682,CotA,CotA,2.0,1.7,FR/SO Intervention Needed
67774,67774,Registered,MUS,25988,KC,B+,C,MUS,MUS,202380,SO,MUS 25988,CotA,CotA,2.0,3.3,FR/SO Intervention Needed
67797,67797,Registered,MUS,25988,KC,B,D,MUS,MUS,202380,SO,MUS 25988,CotA,CotA,1.0,3.0,FR/SO Intervention Needed
11888,11888,Registered,ARTH,12842,KC,B,C-,ART,ARTE,202380,FR,ARTH 12842,CotA,CotA,1.7,3.0,FR/SO Intervention Needed
11914,11914,Registered,ARTH,12842,KC,A-,D,ART,FM,202380,SO,ARTH 12842,CotA,CotA,1.0,3.7,FR/SO Intervention Needed
11908,11908,Registered,ARTH,12842,KC,B,F,ART,FD,202380,FR,ARTH 12842,CotA,CotA,0.0,3.0,FR/SO Intervention Needed
11906,11906,Registered,ARTH,12842,KC,B,C,ART,ARCS,202380,SO,ARTH 12842,CAED,CotA,2.0,3.0,FR/SO Intervention Needed
11905,11905,Registered,ARTH,12842,KC,A,C,ART,FD,202380,SO,ARTH 12842,CotA,CotA,2.0,4.0,FR/SO Intervention Needed
11932,11932,Registered,ARTH,12842,KC,B-,C,ART,SART,202380,FR,ARTH 12842,CotA,CotA,2.0,2.7,FR/SO Intervention Needed
11939,11939,Registered,ARTH,12842,KC,C-,D,ART,SART,202380,SO,ARTH 12842,CotA,CotA,1.0,1.7,FR/SO Intervention Needed
84988,84988,Registered,VCD,17656,KC,F,D,VCD,PHOT,202380,SO,VCD 17656,CCI,CCI,1.0,0.0,FR/SO Intervention Needed
84987,84987,Registered,VCD,17656,KC,F,D,VCD,PHOT,202380,SO,VCD 17656,CCI,CCI,1.0,0.0,FR/SO Intervention Needed
85004,85004,Registered,VCD,17656,KC,C+,C-,VCD,PR,202380,SO,VCD 17656,CCI,CCI,1.7,2.3,FR/SO Intervention Needed
85009,85009,Registered,VCD,17656,KC,B-,C-,VCD,PHOT,202380,SO,VCD 17656,CCI,CCI,1.7,2.7,FR/SO Intervention Needed
11950,11950,Registered,ARTH,12842,KC,C-,C-,ART,SART,202380,SO,ARTH 12842,CotA,CotA,1.7,1.7,FR/SO Intervention Needed
12026,12026,Registered,ARTH,12842,KC,C-,F,ART,ARTE,202380,FR,ARTH 12842,CotA,CotA,0.0,1.7,FR/SO Intervention Needed
12024,12024,Registered,ARTH,12842,KC,C-,F,ART,FD,202380,SO,ARTH 12842,CotA,CotA,0.0,1.7,FR/SO Intervention Needed
12021,12021,Registered,ARTH,12842,KC,C+,D+,ART,FD,202380,FR,ARTH 12842,CotA,CotA,1.3,2.3,FR/SO Intervention Needed
12017,12017,Registered,ARTH,12842,KC,C,D+,ART,FD,202380,FR,ARTH 12842,CotA,CotA,1.3,2.0,FR/SO Intervention Needed
12014,12014,Std Withdrawn,ARTH,12842,KC,W,C-,ART,FD,202380,SO,ARTH 12842,CotA,CotA,1.7,0.0,FR/SO Intervention Needed
12059,12059,Registered,ARTH,12842,KC,F,F,ART,FD,202380,SO,ARTH 12842,CotA,CotA,0.0,0.0,FR/SO Intervention Needed
12050,12050,Registered,ARTH,12842,KC,C-,D+,ART,SART,202380,FR,ARTH 12842,CotA,CotA,1.3,1.7,FR/SO Intervention Needed
12082,12082,Registered,ARTH,12842,KC,B-,C,ART,ARTE,202380,FR,ARTH 12842,CotA,CotA,2.0,2.7,FR/SO Intervention Needed
12079,12079,Registered,ARTH,12842,KC,F,F,ART,SART,202380,FR,ARTH 12842,CotA,CotA,0.0,0.0,FR/SO Intervention Needed
33512,33512,Registered,FDM,12670,KC,B-,C,FDM,FM,202380,SO,FDM 12670,CotA,CotA,2.0,2.7,FR/SO Intervention Needed
33504,33504,Registered,FDM,12670,KC,IN,D,FDM,FD,202380,FR,FDM 12670,CotA,CotA,1.0,NaN,FR/SO Intervention Needed
33528,33528,Registered,FDM,12670,KC,C,C,FDM,FD,202380,FR,FDM 12670,CotA,CotA,2.0,2.0,FR/SO Intervention Needed
33526,33526,Registered,FDM,12670,KC,D+,F,FDM,FD,202380,FR,FDM 12670,CotA,CotA,0.0,1.3,FR/SO Intervention Needed
33522,33522,Std Withdrawn,FDM,12670,KC,W,F,FDM,FD,202380,FR,FDM 12670,CotA,CotA,0.0,0.0,FR/SO Intervention Needed
33544,33544,Registered,FDM,12670,KC,D,F,FDM,FD,202380,FR,FDM 12670,CotA,CotA,0.0,1.0,FR/SO Intervention Needed
33542,33542,Stopped Attending - Failed,FDM,12670,KC,SF,U,FDM,FD,202380,FR,FDM 12670,CotA,CotA,0.0,0.0,FR/SO Intervention Needed
33541,33541,Registered,FDM,12670,KC,D+,F,FDM,FD,202380,FR,FDM 12670,CotA,CotA,0.0,1.3,FR/SO Intervention Needed
33536,33536,Registered,FDM,12670,KC,A,C,FDM,FD,202380,FR,FDM 12670,CotA,CotA,2.0,4.0,FR/SO Intervention Needed
33502,33502,Registered,FDM,12670,KC,C,C,FDM,FD,202380,FR,FDM 12670,CotA,CotA,2.0,2.0,FR/SO Intervention Needed
33556,33556,Registered,FDM,12670,KC,B,C-,FDM,FD,202380,SO,FDM 12670,CotA,CotA,1.7,3.0,FR/SO Intervention Needed
33554,33554,Registered,FDM,12670,KC,C,C,FDM,FD,202380,FR,FDM 12670,CotA,CotA,2.0,2.0,FR/SO Intervention Needed
33552,33552,Registered,FDM,12670,KC,D,C,FDM,FD,202380,FR,FDM 12670,CotA,CotA,2.0,1.0,FR/SO Intervention Needed
33518,33518,Registered,FDM,12670,KC,C-,C-,FDM,FD,202380,FR,FDM 12670,CotA,CotA,1.7,1.7,FR/SO Intervention Needed
33574,33574,Registered,FDM,12670,KC,C,D,FDM,FM,202380,FR,FDM 12670,CotA,CotA,1.0,2.0,FR/SO Intervention Needed
33534,33534,Registered,FDM,12670,KC,C,D,FDM,FM,202380,FR,FDM 12670,CotA,CotA,1.0,2.0,FR/SO Intervention Needed
33585,33585,Registered,FDM,12670,KC,C,C-,FDM,FD,202380,FR,FDM 12670,CotA,CotA,1.7,2.0,FR/SO Intervention Needed
33584,33584,Registered,FDM,12670,KC,F,F,FDM,FD,202380,FR,FDM 12670,CotA,CotA,0.0,0.0,FR/SO Intervention Needed
33551,33551,Registered,FDM,12670,KC,F,F,FDM,FD,202380,FR,FDM 12670,CotA,CotA,0.0,0.0,FR/SO Intervention Needed
33563,33563,Registered,FDM,12670,KC,F,F,FDM,FD,202380,FR,FDM 12670,CotA,CotA,0.0,0.0,FR/SO Intervention Needed
33623,33623,Registered,FDM,12670,KC,D,D,FDM,VCD,202380,SO,FDM 12670,CCI,CotA,1.0,1.0,FR/SO Intervention Needed
33582,33582,Registered,FDM,12670,KC,C-,C,FDM,FD,202380,FR,FDM 12670,CotA,CotA,2.0,1.7,FR/SO Intervention Needed
33579,33579,Registered,FDM,12670,KC,B,C,FDM,FM,202380,FR,FDM 12670,CotA,CotA,2.0,3.0,FR/SO Intervention Needed
33610,33610,Registered,FDM,12670,KC,,D,FDM,FM,202380,SO,FDM 12670,CotA,CotA,1.0,,FR/SO Intervention Needed
33634,33634,Registered,FDM,12670,KC,C,D,FDM,FM,202380,FR,FDM 12670,CotA,CotA,1.0,2.0,FR/SO Intervention Needed
33649,33649,Registered,FDM,12670,KC,D,C-,FDM,FM,202380,FR,FDM 12670,CotA,CotA,1.7,1.0,FR/SO Intervention Needed
33612,33612,Registered,FDM,12670,KC,D,F,FDM,FD,202380,FR,FDM 12670,CotA,CotA,0.0,1.0,FR/SO Intervention Needed
33681,33681,Registered,FDM,12670,KC,D+,D+,FDM,FD,202380,FR,FDM 12670,CotA,CotA,1.3,1.3,FR/SO Intervention Needed
33697,33697,Std Withdrawn,FDM,12670,KC,W,F,FDM,FD,202380,FR,FDM 12670,CotA,CotA,0.0,0.0,FR/SO Intervention Needed
33696,33696,Registered,FDM,12670,KC,C-,C-,FDM,FM,202380,FR,FDM 12670,CotA,CotA,1.7,1.7,FR/SO Intervention Needed
33712,33712,Registered,FDM,12670,KC,A,C-,FDM,FD,202380,FR,FDM 12670,CotA,CotA,1.7,4.0,FR/SO Intervention Needed
33675,33675,Registered,FDM,12670,KC,A-,C-,FDM,FD,202380,FR,FDM 12670,CotA,CotA,1.7,3.7,FR/SO Intervention Needed
33705,33705,Registered,FDM,12670,KC,D+,F,FDM,FD,202380,FR,FDM 12670,CotA,CotA,0.0,1.3,FR/SO Intervention Needed
33734,33734,Registered,FDM,12670,KC,B-,C,FDM,FD,202380,FR,FDM 12670,CotA,CotA,2.0,2.7,FR/SO Intervention Needed
33728,33728,Registered,FDM,12670,KC,C,C,FDM,FM,202380,SO,FDM 12670,CotA,CotA,2.0,2.0,FR/SO Intervention Needed
33722,33722,Registered,FDM,12670,KC,F,F,FDM,FD,202380,FR,FDM 12670,CotA,CotA,0.0,0.0,FR/SO Intervention Needed
33746,33746,Registered,FDM,12670,KC,D,C-,FDM,FD,202380,FR,FDM 12670,CotA,CotA,1.7,1.0,FR/SO Intervention Needed
33711,33711,Registered,FDM,12670,KC,C,C,FDM,FD,202380,FR,FDM 12670,CotA,CotA,2.0,2.0,FR/SO Intervention Needed
33737,33737,Registered,FDM,12670,KC,C,C,FDM,FD,202380,FR,FDM 12670,CotA,CotA,2.0,2.0,FR/SO Intervention Needed
33764,33764,Registered,FDM,12670,KC,B,C-,FDM,FM,202380,FR,FDM 12670,CotA,CotA,1.7,3.0,FR/SO Intervention Needed
85190,85190,Registered,VCD,19343,KC,C,F,VCD,PHOT,202380,FR,VCD 19343,CCI,CCI,0.0,2.0,FR/SO Intervention Needed
12143,12143,Registered,ARTH,12842,KC,F,D+,ART,EMAT,202380,SO,ARTH 12842,CCI,CotA,1.3,0.0,FR/SO Intervention Needed
33774,33774,Stopped Attending - Failed,FDM,12670,KC,SF,F,FDM,FM,202380,FR,FDM 12670,CotA,CotA,0.0,0.0,FR/SO Intervention Needed
193,193,Registered,AED,22860,KC,A-,C-,ARCH,ID,202380,FR,AED 22860,CAED,CAED,1.7,3.7,FR/SO Intervention Needed
178,178,Registered,AED,22860,KC,F,F,ARCH,ID,202380,FR,AED 22860,CAED,CAED,0.0,0.0,FR/SO Intervention Needed
166,166,Registered,AED,22860,KC,C+,C,ARCH,ID,202380,FR,AED 22860,CAED,CAED,2.0,2.3,FR/SO Intervention Needed
163,163,Registered,AED,22860,KC,C+,C-,ARCH,ID,202380,FR,AED 22860,CAED,CAED,1.7,2.3,FR/SO Intervention Needed
161,161,Std Withdrawn,AED,22860,KC,W,F,ARCH,ID,202380,FR,AED 22860,CAED,CAED,0.0,0.0,FR/SO Intervention Needed
152,152,Registered,AED,22860,KC,D+,F,ARCH,ID,202380,FR,AED 22860,CAED,CAED,0.0,1.3,FR/SO Intervention Needed
150,150,Registered,AED,22860,KC,A,F,ARCH,ID,202380,FR,AED 22860,CAED,CAED,0.0,4.0,FR/SO Intervention Needed
146,146,Registered,AED,22860,KC,F,F,ARCH,ID,202380,FR,AED 22860,CAED,CAED,0.0,0.0,FR/SO Intervention Needed
128,128,Registered,AED,22860,KC,B-,D+,ARCH,ID,202380,FR,AED 22860,CAED,CAED,1.3,2.7,FR/SO Intervention Needed
153,153,Registered,AED,22860,KC,A,F,ARCH,ID,202380,FR,AED 22860,CAED,CAED,0.0,4.0,FR/SO Intervention Needed
142,142,Registered,AED,22860,KC,C,F,ARCH,ID,202380,FR,AED 22860,CAED,CAED,0.0,2.0,FR/SO Intervention Needed
12109,12109,Registered,ARTH,12842,KC,F,C,ART,ARTE,202380,SO,ARTH 12842,CotA,CotA,2.0,0.0,FR/SO Intervention Needed
12101,12101,Registered,ARTH,12842,KC,B,C,ART,ARTE,202380,SO,ARTH 12842,CotA,CotA,2.0,3.0,FR/SO Intervention Needed
33919,33919,Registered,FDM,12670,KC,A,C,FDM,FM,202410,SO,FDM 12670,CotA,CotA,2.0,4.0,FR/SO Intervention Needed
55604,55604,Stopped Attending - Failed,ID,15409,KC,SF,F,ARCH,ID,202410,JR,ID 15409,CAED,CAED,0.0,0.0,JR/SR Intervention Needed
55607,55607,Registered,ID,15409,KC,C,C,ARCH,ID,202410,SO,ID 15409,CAED,CAED,2.0,2.0,FR/SO Intervention Needed
33918,33918,Registered,FDM,12670,KC,D,C-,FDM,FM,202410,FR,FDM 12670,CotA,CotA,1.7,1.0,FR/SO Intervention Needed
55653,55653,Registered,ID,15409,KC,B,F,ARCH,ID,202410,SO,ID 15409,CAED,CAED,0.0,3.0,FR/SO Intervention Needed
55655,55655,Registered,ID,15409,KC,F,F,ARCH,ID,202410,JR,ID 15409,CAED,CAED,0.0,0.0,JR/SR Intervention Needed
55632,55632,Registered,ID,15409,KC,C+,F,ARCH,ID,202410,SR,ID 15409,CAED,CAED,0.0,2.3,JR/SR Intervention Needed
55640,55640,Registered,ID,15409,KC,B-,C-,ARCH,ID,202410,SO,ID 15409,CAED,CAED,1.7,2.7,FR/SO Intervention Needed
55614,55614,Registered,ID,15409,KC,C,C-,ARCH,ID,202410,SO,ID 15409,CAED,CAED,1.7,2.0,FR/SO Intervention Needed
19830,19830,Registered,CMGT,16841,KC,B+,F,ARCH,COMA,202410,SO,CMGT 16841,CAED,CAED,0.0,3.3,FR/SO Intervention Needed
19820,19820,Registered,CMGT,16841,KC,D+,C-,ARCH,ARCH,202410,FR,CMGT 16841,CAED,CAED,1.7,1.3,FR/SO Intervention Needed
19810,19810,Registered,CMGT,16841,KC,A,C,ARCH,COMA,202410,SO,CMGT 16841,CAED,CAED,2.0,4.0,FR/SO Intervention Needed
19819,19819,Registered,CMGT,16841,KC,A,F,ARCH,ARCH,202410,FR,CMGT 16841,CAED,CAED,0.0,4.0,FR/SO Intervention Needed
19799,19799,Stopped Attending - Failed,CMGT,16841,KC,SF,F,ARCH,ARCH,202410,SO,CMGT 16841,CAED,CAED,0.0,0.0,FR/SO Intervention Needed
20277,20277,Registered,CMGT,11015,KC,B,C,ARCH,COMA,202410,SO,CMGT 11015,CAED,CAED,2.0,3.0,FR/SO Intervention Needed
20278,20278,Stopped Attending - Failed,CMGT,11015,KC,SF,F,ARCH,COMA,202410,JR,CMGT 11015,CAED,CAED,0.0,0.0,JR/SR Intervention Needed
20279,20279,Registered,CMGT,11015,KC,C+,C,ARCH,COMA,202410,SO,CMGT 11015,CAED,CAED,2.0,2.3,FR/SO Intervention Needed
20295,20295,Std Withdrawn,CMGT,11015,KC,W,F,ARCH,COMA,202410,FR,CMGT 11015,CAED,CAED,0.0,0.0,FR/SO Intervention Needed
20299,20299,Registered,CMGT,11015,KC,F,F,ARCH,COMA,202410,SO,CMGT 11015,CAED,CAED,0.0,0.0,FR/SO Intervention Needed
20303,20303,Registered,CMGT,11015,KC,C-,C-,ARCH,COMA,202410,FR,CMGT 11015,CAED,CAED,1.7,1.7,FR/SO Intervention Needed
56120,56120,Registered,ID,13889,KC,F,D,ARCH,ID,202410,SO,ID 13889,CAED,CAED,1.0,0.0,FR/SO Intervention Needed
56121,56121,Registered,ID,13889,KC,B,F,ARCH,ID,202410,JR,ID 13889,CAED,CAED,0.0,3.0,JR/SR Intervention Needed
56107,56107,Stopped Attending - Failed,ID,13889,KC,SF,F,ARCH,ID,202410,JR,ID 13889,CAED,CAED,0.0,0.0,JR/SR Intervention Needed
56134,56134,Registered,ID,13889,KC,C-,C-,ARCH,ID,202410,SO,ID 13889,CAED,CAED,1.7,1.7,FR/SO Intervention Needed
56135,56135,Registered,ID,13889,KC,B,F,ARCH,ID,202410,SO,ID 13889,CAED,CAED,0.0,3.0,FR/SO Intervention Needed
56112,56112,Std Withdrawn,ID,13889,KC,W,F,ARCH,ID,202410,SO,ID 13889,CAED,CAED,0.0,0.0,FR/SO Intervention Needed
56151,56151,Registered,ID,13889,KC,B,C,ARCH,ID,202410,SO,ID 13889,CAED,CAED,2.0,3.0,FR/SO Intervention Needed
56166,56166,Registered,ID,13889,KC,C,D,ARCH,ID,202410,SO,ID 13889,CAED,CAED,1.0,2.0,FR/SO Intervention Needed
56174,56174,Registered,ID,13889,KC,B,C,ARCH,ID,202410,SO,ID 13889,CAED,CAED,2.0,3.0,FR/SO Intervention Needed
56175,56175,Std Withdrawn,ID,13889,KC,W,F,ARCH,ID,202410,SR,ID 13889,CAED,CAED,0.0,0.0,JR/SR Intervention Needed
56143,56143,Registered,ID,13889,KC,C-,D,ARCH,ID,202410,SO,ID 13889,CAED,CAED,1.0,1.7,FR/SO Intervention Needed
56682,56682,Registered,ID,19670,KC,C,F,ARCH,ID,202410,JR,ID 19670,CAED,CAED,0.0,2.0,JR/SR Intervention Needed
54905,54905,Registered,ID,29543,KC,C+,D,ARCH,ID,202410,SO,ID 29543,CAED,CAED,1.0,2.3,FR/SO Intervention Needed
54877,54877,Registered,ID,29543,KC,F,F,ARCH,ID,202410,FR,ID 29543,CAED,CAED,0.0,0.0,FR/SO Intervention Needed
54881,54881,Registered,ID,29543,KC,F,D,ARCH,ID,202410,FR,ID 29543,CAED,CAED,1.0,0.0,FR/SO Intervention Needed
54884,54884,Registered,ID,29543,KC,C-,D+,ARCH,ID,202410,SO,ID 29543,CAED,CAED,1.3,1.7,FR/SO Intervention Needed
54862,54862,Registered,ID,29543,KC,C+,C-,ARCH,ID,202410,SO,ID 29543,CAED,CAED,1.7,2.3,FR/SO Intervention Needed
54865,54865,Registered,ID,29543,KC,B+,C,ARCH,ID,202410,SO,ID 29543,CAED,CAED,2.0,3.3,FR/SO Intervention Needed
54866,54866,Registered,ID,29543,KC,B,C-,ARCH,ID,202410,SO,ID 29543,CAED,CAED,1.7,3.0,FR/SO Intervention Needed
54869,54869,Registered,ID,29543,KC,C,F,ARCH,ID,202410,FR,ID 29543,CAED,CAED,0.0,2.0,FR/SO Intervention Needed
54872,54872,Std Withdrawn,ID,29543,KC,W,F,ARCH,ID,202410,FR,ID 29543,CAED,CAED,0.0,0.0,FR/SO Intervention Needed
56685,56685,Registered,ID,19670,KC,C,F,ARCH,ID,202410,SO,ID 19670,CAED,CAED,0.0,2.0,FR/SO Intervention Needed
20567,20567,Registered,CMGT,17964,KC,F,C,ARCH,COMA,202410,FR,CMGT 17964,CAED,CAED,2.0,0.0,FR/SO Intervention Needed
20569,20569,Registered,CMGT,17964,KC,C,C,ARCH,COMA,202410,FR,CMGT 17964,CAED,CAED,2.0,2.0,FR/SO Intervention Needed
56691,56691,Stopped Attending - Failed,ID,19670,KC,SF,C,ARCH,ID,202410,SO,ID 19670,CAED,CAED,2.0,0.0,FR/SO Intervention Needed
19204,19204,Registered,CCI,11716,KC,,C,CCI,VCD,202410,SO,CCI 11716,CCI,CCI,2.0,,FR/SO Intervention Needed
85017,85017,Registered,VCD,17656,KC,C,C,VCD,PHOT,202410,SO,VCD 17656,CCI,CCI,2.0,2.0,FR/SO Intervention Needed
85036,85036,Registered,VCD,17656,KC,B,C,VCD,VCD,202410,SO,VCD 17656,CCI,CCI,2.0,3.0,FR/SO Intervention Needed
1844,1844,Registered,ARCH,16841,KC,D+,C,ARCH,COMM,202410,SO,ARCH 16841,CCI,CAED,2.0,1.3,FR/SO Intervention Needed
1846,1846,Registered,ARCH,16841,KC,F,F,ARCH,SART,202410,FR,ARCH 16841,CotA,CAED,0.0,0.0,FR/SO Intervention Needed
1879,1879,Registered,ARCH,16841,KC,C,D+,ARCH,ADV,202410,FR,ARCH 16841,CCI,CAED,1.3,2.0,FR/SO Intervention Needed
19163,19163,Registered,CCI,11716,KC,B,C-,CCI,VCD,202410,SO,CCI 11716,CCI,CCI,1.7,3.0,FR/SO Intervention Needed
84718,84718,Registered,VCD,13182,KC,B,C,VCD,DMP,202410,FR,VCD 13182,CCI,CCI,2.0,3.0,FR/SO Intervention Needed
19174,19174,Std Withdrawn,CCI,11716,KC,W,F,CCI,COMM,202410,FR,CCI 11716,CCI,CCI,0.0,0.0,FR/SO Intervention Needed
54592,54592,Registered,ID,19883,KC,B+,D+,ARCH,ID,202410,FR,ID 19883,CAED,CAED,1.3,3.3,FR/SO Intervention Needed
84690,84690,Registered,VCD,13182,KC,F,C,VCD,VCD,202410,FR,VCD 13182,CCI,CCI,2.0,0.0,FR/SO Intervention Needed
84699,84699,Registered,VCD,13182,KC,B,F,VCD,VCD,202410,SO,VCD 13182,CCI,CCI,0.0,3.0,FR/SO Intervention Needed
84657,84657,Registered,VCD,13182,KC,C-,F,VCD,VCD,202410,SO,VCD 13182,CCI,CCI,0.0,1.7,FR/SO Intervention Needed
84660,84660,Registered,VCD,13182,KC,C-,D,VCD,VCD,202410,FR,VCD 13182,CCI,CCI,1.0,1.7,FR/SO Intervention Needed
84665,84665,Registered,VCD,13182,KC,B,C,VCD,VCD,202410,SO,VCD 13182,CCI,CCI,2.0,3.0,FR/SO Intervention Needed
84641,84641,Std Withdrawn,VCD,13182,KC,W,F,VCD,VCD,202410,JR,VCD 13182,CCI,CCI,0.0,0.0,JR/SR Intervention Needed
84644,84644,Std Withdrawn,VCD,13182,KC,W,F,VCD,VCD,202410,FR,VCD 13182,CCI,CCI,0.0,0.0,FR/SO Intervention Needed
84645,84645,Registered,VCD,13182,KC,A,D,VCD,VCD,202410,SO,VCD 13182,CCI,CCI,1.0,4.0,FR/SO Intervention Needed
84648,84648,Registered,VCD,13182,KC,C,C,VCD,VCD,202410,FR,VCD 13182,CCI,CCI,2.0,2.0,FR/SO Intervention Needed
1905,1905,Registered,ARCH,16841,KC,B,F,ARCH,COMA,202410,FR,ARCH 16841,CAED,CAED,0.0,3.0,FR/SO Intervention Needed
1909,1909,Registered,ARCH,16841,KC,A,F,ARCH,VCD,202410,JR,ARCH 16841,CCI,CAED,0.0,4.0,JR/SR Intervention Needed
1939,1939,Registered,ARCH,16841,KC,C+,C,ARCH,ID,202410,FR,ARCH 16841,CAED,CAED,2.0,2.3,FR/SO Intervention Needed
54582,54582,Registered,ID,19883,KC,D,D+,ARCH,ID,202410,FR,ID 19883,CAED,CAED,1.3,1.0,FR/SO Intervention Needed
54585,54585,Registered,ID,19883,KC,B-,D+,ARCH,ID,202410,SO,ID 19883,CAED,CAED,1.3,2.7,FR/SO Intervention Needed
33900,33900,Registered,FDM,12670,KC,A-,C-,FDM,FM,202410,FR,FDM 12670,CotA,CotA,1.7,3.7,FR/SO Intervention Needed
33908,33908,Registered,FDM,12670,KC,A,C,FDM,FM,202410,SO,FDM 12670,CotA,CotA,2.0,4.0,FR/SO Intervention Needed
33890,33890,Registered,FDM,12670,KC,B,D,FDM,FD,202410,FR,FDM 12670,CotA,CotA,1.0,3.0,FR/SO Intervention Needed
33867,33867,Std Withdrawn,FDM,12670,KC,W,F,FDM,FM,202410,FR,FDM 12670,CotA,CotA,0.0,0.0,FR/SO Intervention Needed
33880,33880,Registered,FDM,12670,KC,B-,F,FDM,FD,202410,SO,FDM 12670,CotA,CotA,0.0,2.7,FR/SO Intervention Needed
33843,33843,Registered,FDM,12670,KC,C-,C-,FDM,FM,202410,SO,FDM 12670,CotA,CotA,1.7,1.7,FR/SO Intervention Needed
33849,33849,Registered,FDM,12670,KC,F,F,FDM,FD,202410,FR,FDM 12670,CotA,CotA,0.0,0.0,FR/SO Intervention Needed
33824,33824,Registered,FDM,12670,KC,C+,D+,FDM,JNL,202410,SO,FDM 12670,CCI,CotA,1.3,2.3,FR/SO Intervention Needed
33829,33829,Registered,FDM,12670,KC,C,C,FDM,FM,202410,FR,FDM 12670,CotA,CotA,2.0,2.0,FR/SO Intervention Needed
33831,33831,Registered,FDM,12670,KC,D,F,FDM,FD,202410,FR,FDM 12670,CotA,CotA,0.0,1.0,FR/SO Intervention Needed
33803,33803,Registered,FDM,12670,KC,B,C,FDM,FM,202410,FR,FDM 12670,CotA,CotA,2.0,3.0,FR/SO Intervention Needed
33812,33812,Registered,FDM,12670,KC,B-,C,FDM,FM,202410,FR,FDM 12670,CotA,CotA,2.0,2.7,FR/SO Intervention Needed
33813,33813,Registered,FDM,12670,KC,B+,F,FDM,FM,202410,SO,FDM 12670,CotA,CotA,0.0,3.3,FR/SO Intervention Needed
33787,33787,Registered,FDM,12670,KC,B,D+,FDM,FD,202410,FR,FDM 12670,CotA,CotA,1.3,3.0,FR/SO Intervention Needed
33798,33798,Registered,FDM,12670,KC,B+,C-,FDM,FM,202410,FR,FDM 12670,CotA,CotA,1.7,3.3,FR/SO Intervention Needed
33800,33800,Registered,FDM,12670,KC,B,C,FDM,FM,202410,FR,FDM 12670,CotA,CotA,2.0,3.0,FR/SO Intervention Needed
33802,33802,Registered,FDM,12670,KC,F,D,FDM,FM,202410,SO,FDM 12670,CotA,CotA,1.0,0.0,FR/SO Intervention Needed
33778,33778,Registered,FDM,12670,KC,D+,F,FDM,FM,202410,FR,FDM 12670,CotA,CotA,0.0,1.3,FR/SO Intervention Needed
33779,33779,Registered,FDM,12670,KC,B,D,FDM,FD,202410,FR,FDM 12670,CotA,CotA,1.0,3.0,FR/SO Intervention Needed
33786,33786,Std Withdrawn,FDM,12670,KC,W,SF,FDM,FD,202410,FR,FDM 12670,CotA,CotA,0.0,0.0,FR/SO Intervention Needed
84224,84224,Registered,VCD,18839,KC,B+,D,VCD,VCD,202410,SO,VCD 18839,CCI,CCI,1.0,3.3,FR/SO Intervention Needed
20578,20578,Registered,CMGT,17964,KC,F,F,ARCH,COMA,202410,SO,CMGT 17964,CAED,CAED,0.0,0.0,FR/SO Intervention Needed
20585,20585,Registered,CMGT,17964,KC,C-,D,ARCH,COMA,202410,FR,CMGT 17964,CAED,CAED,1.0,1.7,FR/SO Intervention Needed
84222,84222,Registered,VCD,18839,KC,F,F,VCD,VCD,202410,SO,VCD 18839,CCI,CCI,0.0,0.0,FR/SO Intervention Needed
84181,84181,Registered,VCD,18839,KC,C-,F,VCD,VCD,202410,FR,VCD 18839,CCI,CCI,0.0,1.7,FR/SO Intervention Needed
84151,84151,Registered,VCD,18839,KC,C-,D,VCD,VCD,202410,FR,VCD 18839,CCI,CCI,1.0,1.7,FR/SO Intervention Needed
84185,84185,Registered,VCD,18839,KC,C+,F,VCD,VCD,202410,SR,VCD 18839,CCI,CCI,0.0,2.3,JR/SR Intervention Needed
84157,84157,Registered,VCD,18839,KC,A,C-,VCD,VCD,202410,FR,VCD 18839,CCI,CCI,1.7,4.0,FR/SO Intervention Needed
84133,84133,Registered,VCD,18839,KC,F,D,VCD,VCD,202410,FR,VCD 18839,CCI,CCI,1.0,0.0,FR/SO Intervention Needed
84134,84134,Registered,VCD,18839,KC,C,C,VCD,VCD,202410,FR,VCD 18839,CCI,CCI,2.0,2.0,FR/SO Intervention Needed
84154,84154,Registered,VCD,18839,KC,F,F,VCD,VCD,202410,FR,VCD 18839,CCI,CCI,0.0,0.0,FR/SO Intervention Needed
84102,84102,Registered,VCD,18839,KC,C-,C-,VCD,VCD,202410,FR,VCD 18839,CCI,CCI,1.7,1.7,FR/SO Intervention Needed
84115,84115,Stopped Attending - Failed,VCD,18839,KC,SF,F,VCD,VCD,202410,SO,VCD 18839,CCI,CCI,0.0,0.0,FR/SO Intervention Needed
84097,84097,Registered,VCD,18839,KC,D,F,VCD,VCD,202410,JR,VCD 18839,CCI,CCI,0.0,1.0,JR/SR Intervention Needed
20641,20641,Registered,CMGT,17964,KC,B-,F,ARCH,COMA,202410,FR,CMGT 17964,CAED,CAED,0.0,2.7,FR/SO Intervention Needed
20610,20610,Registered,CMGT,17964,KC,B,F,ARCH,COMA,202410,JR,CMGT 17964,CAED,CAED,0.0,3.0,JR/SR Intervention Needed
20622,20622,Std Withdrawn,CMGT,17964,KC,W,C-,ARCH,COMA,202410,FR,CMGT 17964,CAED,CAED,1.7,0.0,FR/SO Intervention Needed
20646,20646,Registered,CMGT,17964,KC,A,C,ARCH,COMA,202410,FR,CMGT 17964,CAED,CAED,2.0,4.0,FR/SO Intervention Needed
19144,19144,Std Withdrawn,CCI,11716,KC,W,F,CCI,VCD,202410,SO,CCI 11716,CCI,CCI,0.0,0.0,FR/SO Intervention Needed
19146,19146,Registered,CCI,11716,KC,C,D+,CCI,COMM,202410,FR,CCI 11716,CCI,CCI,1.3,2.0,FR/SO Intervention Needed
32832,32832,Std Withdrawn,EMAT,26013,KC,W,F,EMAT,DMP,202410,JR,EMAT 26013,CCI,CCI,0.0,0.0,JR/SR Intervention Needed
32819,32819,Registered,EMAT,26013,KC,D,F,EMAT,EMAT,202410,JR,EMAT 26013,CCI,CCI,0.0,1.0,JR/SR Intervention Needed
32820,32820,Registered,EMAT,26013,KC,F,F,EMAT,EMAT,202410,FR,EMAT 26013,CCI,CCI,0.0,0.0,FR/SO Intervention Needed
2001,2001,Registered,ARCH,16841,KC,D+,F,ARCH,EMAT,202410,FR,ARCH 16841,CCI,CAED,0.0,1.3,FR/SO Intervention Needed
32786,32786,Registered,EMAT,26013,KC,B,C,EMAT,EMAT,202410,FR,EMAT 26013,CCI,CCI,2.0,3.0,FR/SO Intervention Needed
2076,2076,Registered,ARCH,16841,KC,D,F,ARCH,ARCH,202410,FR,ARCH 16841,CAED,CAED,0.0,1.0,FR/SO Intervention Needed
2117,2117,Registered,ARCH,16841,KC,C-,C-,ARCH,ARTE,202410,SO,ARCH 16841,CotA,CAED,1.7,1.7,FR/SO Intervention Needed
35337,35337,Registered,FDM,21467,KC,D,C,FDM,FM,202410,FR,FDM 21467,CotA,CotA,2.0,1.0,FR/SO Intervention Needed
35339,35339,Registered,FDM,21467,KC,A,C,FDM,FD,202410,SO,FDM 21467,CotA,CotA,2.0,4.0,FR/SO Intervention Needed
35347,35347,Registered,FDM,21467,KC,A,C,FDM,FM,202410,FR,FDM 21467,CotA,CotA,2.0,4.0,FR/SO Intervention Needed
35353,35353,Registered,FDM,21467,KC,F,F,FDM,FD,202410,FR,FDM 21467,CotA,CotA,0.0,0.0,FR/SO Intervention Needed
35333,35333,Registered,FDM,21467,KC,D,F,FDM,FD,202410,FR,FDM 21467,CotA,CotA,0.0,1.0,FR/SO Intervention Needed
35365,35365,Registered,FDM,21467,KC,B,D+,FDM,FM,202410,FR,FDM 21467,CotA,CotA,1.3,3.0,FR/SO Intervention Needed
35384,35384,Registered,FDM,21467,KC,C,C-,FDM,FM,202410,SO,FDM 21467,CotA,CotA,1.7,2.0,FR/SO Intervention Needed
35387,35387,Registered,FDM,21467,KC,F,D,FDM,FM,202410,SO,FDM 21467,CotA,CotA,1.0,0.0,FR/SO Intervention Needed
35401,35401,Registered,FDM,21467,KC,B,D,FDM,FM,202410,FR,FDM 21467,CotA,CotA,1.0,3.0,FR/SO Intervention Needed
35404,35404,Registered,FDM,21467,KC,A,F,FDM,FD,202410,SR,FDM 21467,CotA,CotA,0.0,4.0,JR/SR Intervention Needed
35419,35419,Registered,FDM,21467,KC,B+,D,FDM,FD,202410,SO,FDM 21467,CotA,CotA,1.0,3.3,FR/SO Intervention Needed
35392,35392,Registered,FDM,21467,KC,D,C,FDM,FD,202410,FR,FDM 21467,CotA,CotA,2.0,1.0,FR/SO Intervention Needed
35393,35393,Registered,FDM,21467,KC,A,F,FDM,FM,202410,FR,FDM 21467,CotA,CotA,0.0,4.0,FR/SO Intervention Needed
35428,35428,Registered,FDM,21467,KC,B-,C,FDM,FD,202410,SO,FDM 21467,CotA,CotA,2.0,2.7,FR/SO Intervention Needed
35431,35431,Registered,FDM,21467,KC,B,C,FDM,FM,202410,FR,FDM 21467,CotA,CotA,2.0,3.0,FR/SO Intervention Needed
35406,35406,Registered,FDM,21467,KC,D,F,FDM,FM,202410,FR,FDM 21467,CotA,CotA,0.0,1.0,FR/SO Intervention Needed
35408,35408,Registered,FDM,21467,KC,C,C,FDM,FD,202410,FR,FDM 21467,CotA,CotA,2.0,2.0,FR/SO Intervention Needed
35448,35448,Registered,FDM,21467,KC,C,D,FDM,FD,202410,FR,FDM 21467,CotA,CotA,1.0,2.0,FR/SO Intervention Needed
35481,35481,Registered,FDM,21467,KC,C,D,FDM,FD,202410,FR,FDM 21467,CotA,CotA,1.0,2.0,FR/SO Intervention Needed
35483,35483,Registered,FDM,21467,KC,C,D,FDM,FM,202410,FR,FDM 21467,CotA,CotA,1.0,2.0,FR/SO Intervention Needed
35484,35484,Registered,FDM,21467,KC,C-,D+,FDM,FM,202410,FR,FDM 21467,CotA,CotA,1.3,1.7,FR/SO Intervention Needed
35496,35496,Registered,FDM,21467,KC,F,F,FDM,FM,202410,FR,FDM 21467,CotA,CotA,0.0,0.0,FR/SO Intervention Needed
35516,35516,Registered,FDM,21467,KC,A-,C-,FDM,FD,202410,FR,FDM 21467,CotA,CotA,1.7,3.7,FR/SO Intervention Needed
35502,35502,Registered,FDM,21467,KC,D+,F,FDM,FM,202410,FR,FDM 21467,CotA,CotA,0.0,1.3,FR/SO Intervention Needed
35538,35538,Registered,FDM,21467,KC,B+,C,FDM,FD,202410,SO,FDM 21467,CotA,CotA,2.0,3.3,FR/SO Intervention Needed
19126,19126,Stopped Attending - Failed,CCI,11716,KC,SF,SF,CCI,JNL,202410,SO,CCI 11716,CCI,CCI,0.0,0.0,FR/SO Intervention Needed
18580,18580,Registered,ARTS,28482,KC,D,SF,ART,DMP,202410,SR,ARTS 28482,CCI,CotA,0.0,1.0,JR/SR Intervention Needed
18585,18585,Registered,ARTS,28482,KC,B,F,ART,ARCH,202410,SO,ARTS 28482,CAED,CotA,0.0,3.0,FR/SO Intervention Needed
18590,18590,Std Withdrawn,ARTS,28482,KC,W,F,ART,DMP,202410,SO,ARTS 28482,CCI,CotA,0.0,0.0,FR/SO Intervention Needed
18564,18564,Registered,ARTS,28482,KC,F,F,ART,ARTE,202410,JR,ARTS 28482,CotA,CotA,0.0,0.0,JR/SR Intervention Needed
18548,18548,Registered,ARTS,28482,KC,A-,F,ART,SART,202410,SO,ARTS 28482,CotA,CotA,0.0,3.7,FR/SO Intervention Needed
57456,57456,Registered,MDJ,25946,KC,A,C,MDJ,DMP,202410,SO,MDJ 25946,CCI,CCI,2.0,4.0,FR/SO Intervention Needed
57470,57470,Registered,MDJ,25946,KC,B,C-,MDJ,DMP,202410,FR,MDJ 25946,CCI,CCI,1.7,3.0,FR/SO Intervention Needed
57468,57468,Registered,MDJ,25946,KC,B-,C,MDJ,DMP,202410,FR,MDJ 25946,CCI,CCI,2.0,2.7,FR/SO Intervention Needed
54121,54121,Registered,FDM,18819,KC,B,C,FDM,FD,202410,SO,FDM 18819,CotA,CotA,2.0,3.0,FR/SO Intervention Needed
54110,54110,Registered,FDM,18819,KC,,D,FDM,FM,202410,SO,FDM 18819,CotA,CotA,1.0,,FR/SO Intervention Needed
54117,54117,Registered,FDM,18819,KC,F,F,FDM,FM,202410,SO,FDM 18819,CotA,CotA,0.0,0.0,FR/SO Intervention Needed
54096,54096,Registered,FDM,18819,KC,B,C,FDM,FM,202410,SO,FDM 18819,CotA,CotA,2.0,3.0,FR/SO Intervention Needed
54098,54098,Registered,FDM,18819,KC,B-,D,FDM,FM,202410,SO,FDM 18819,CotA,CotA,1.0,2.7,FR/SO Intervention Needed
54071,54071,Registered,FDM,18819,KC,F,C,FDM,FM,202410,SO,FDM 18819,CotA,CotA,2.0,0.0,FR/SO Intervention Needed
54076,54076,Registered,FDM,18819,KC,B,C,FDM,FM,202410,SO,FDM 18819,CotA,CotA,2.0,3.0,FR/SO Intervention Needed
54047,54047,Registered,FDM,18819,KC,B,C,FDM,FM,202410,SO,FDM 18819,CotA,CotA,2.0,3.0,FR/SO Intervention Needed
54053,54053,Std Withdrawn,FDM,18819,KC,W,D,FDM,FM,202410,SO,FDM 18819,CotA,CotA,1.0,0.0,FR/SO Intervention Needed
54054,54054,Registered,FDM,18819,KC,C+,C,FDM,FM,202410,SO,FDM 18819,CotA,CotA,2.0,2.3,FR/SO Intervention Needed
54057,54057,Registered,FDM,18819,KC,F,F,FDM,FM,202410,SO,FDM 18819,CotA,CotA,0.0,0.0,FR/SO Intervention Needed
54033,54033,Registered,FDM,18819,KC,B+,F,FDM,FM,202410,JR,FDM 18819,CotA,CotA,0.0,3.3,JR/SR Intervention Needed
54040,54040,Std Withdrawn,FDM,18819,KC,W,SF,FDM,FM,202410,SO,FDM 18819,CotA,CotA,0.0,0.0,FR/SO Intervention Needed
54021,54021,Registered,FDM,18819,KC,B,D,FDM,FM,202410,SO,FDM 18819,CotA,CotA,1.0,3.0,FR/SO Intervention Needed
54014,54014,Registered,FDM,18819,KC,B,C,FDM,FM,202410,SO,FDM 18819,CotA,CotA,2.0,3.0,FR/SO Intervention Needed
54017,54017,Registered,FDM,18819,KC,C-,C,FDM,FM,202410,SO,FDM 18819,CotA,CotA,2.0,1.7,FR/SO Intervention Needed
54019,54019,Registered,FDM,18819,KC,,F,FDM,FM,202410,SO,FDM 18819,CotA,CotA,0.0,,FR/SO Intervention Needed
58119,58119,Registered,MDJ,28950,KC,D,D,MDJ,DMP,202410,SO,MDJ 28950,CCI,CCI,1.0,1.0,FR/SO Intervention Needed
83717,83717,Registered,VCD,20802,KC,C,F,VCD,VCD,202410,JR,VCD 20802,CCI,CCI,0.0,2.0,JR/SR Intervention Needed
20925,20925,Registered,CMGT,19400,KC,C+,C-,ARCH,ARCH,202410,SO,CMGT 19400,CAED,CAED,1.7,2.3,FR/SO Intervention Needed
83697,83697,Registered,VCD,20802,KC,B,C,VCD,VCD,202410,SO,VCD 20802,CCI,CCI,2.0,3.0,FR/SO Intervention Needed
2270,2270,Std Withdrawn,ARCH,16841,KC,W,F,ARCH,PR,202410,SR,ARCH 16841,CCI,CAED,0.0,0.0,JR/SR Intervention Needed
2285,2285,Std Withdrawn,ARCH,16841,KC,W,F,ARCH,PR,202410,JR,ARCH 16841,CCI,CAED,0.0,0.0,JR/SR Intervention Needed
20940,20940,Registered,CMGT,19400,KC,D+,F,ARCH,COMA,202410,SR,CMGT 19400,CAED,CAED,0.0,1.3,JR/SR Intervention Needed
83277,83277,Registered,VCD,24327,KC,C-,C,VCD,VCD,202410,FR,VCD 24327,CCI,CCI,2.0,1.7,FR/SO Intervention Needed
83266,83266,Registered,VCD,24327,KC,D,F,VCD,VCD,202410,JR,VCD 24327,CCI,CCI,0.0,1.0,JR/SR Intervention Needed
20972,20972,Registered,CMGT,19400,KC,F,F,ARCH,COMA,202410,SO,CMGT 19400,CAED,CAED,0.0,0.0,FR/SO Intervention Needed
20973,20973,Registered,CMGT,19400,KC,C,C,ARCH,COMA,202410,SO,CMGT 19400,CAED,CAED,2.0,2.0,FR/SO Intervention Needed
83249,83249,Registered,VCD,24327,KC,F,F,VCD,VCD,202410,FR,VCD 24327,CCI,CCI,0.0,0.0,FR/SO Intervention Needed
83257,83257,Registered,VCD,24327,KC,,F,VCD,VCD,202410,SO,VCD 24327,CCI,CCI,0.0,,FR/SO Intervention Needed
83233,83233,Registered,VCD,24327,KC,,F,VCD,VCD,202410,FR,VCD 24327,CCI,CCI,0.0,,FR/SO Intervention Needed
83206,83206,Registered,VCD,24327,KC,D,D,VCD,VCD,202410,SO,VCD 24327,CCI,CCI,1.0,1.0,FR/SO Intervention Needed
83207,83207,Std Withdrawn,VCD,24327,KC,W,F,VCD,VCD,202410,FR,VCD 24327,CCI,CCI,0.0,0.0,FR/SO Intervention Needed
83219,83219,Registered,VCD,24327,KC,C-,C,VCD,VCD,202410,FR,VCD 24327,CCI,CCI,2.0,1.7,FR/SO Intervention Needed
83189,83189,Registered,VCD,24327,KC,C-,C,VCD,VCD,202410,SO,VCD 24327,CCI,CCI,2.0,1.7,FR/SO Intervention Needed
83191,83191,Registered,VCD,24327,KC,C+,C,VCD,VCD,202410,SO,VCD 24327,CCI,CCI,2.0,2.3,FR/SO Intervention Needed
83196,83196,Registered,VCD,24327,KC,A,C,VCD,VCD,202410,SO,VCD 24327,CCI,CCI,2.0,4.0,FR/SO Intervention Needed
21000,21000,Registered,CMGT,19400,KC,C+,C,ARCH,COMA,202410,SO,CMGT 19400,CAED,CAED,2.0,2.3,FR/SO Intervention Needed
21004,21004,Std Withdrawn,CMGT,19400,KC,W,F,ARCH,COMA,202410,SO,CMGT 19400,CAED,CAED,0.0,0.0,FR/SO Intervention Needed
21007,21007,Stopped Attending - Failed,CMGT,19400,KC,SF,F,ARCH,COMA,202410,JR,CMGT 19400,CAED,CAED,0.0,0.0,JR/SR Intervention Needed
17579,17579,Registered,ARTS,19694,KC,A,C,ART,ARTE,202410,FR,ARTS 19694,CotA,CotA,2.0,4.0,FR/SO Intervention Needed
17582,17582,Registered,ARTS,19694,KC,C,C,ART,SART,202410,FR,ARTS 19694,CotA,CotA,2.0,2.0,FR/SO Intervention Needed
17584,17584,Registered,ARTS,19694,KC,B,C-,ART,SART,202410,FR,ARTS 19694,CotA,CotA,1.7,3.0,FR/SO Intervention Needed
17563,17563,Registered,ARTS,19694,KC,F,F,ART,SART,202410,SO,ARTS 19694,CotA,CotA,0.0,0.0,FR/SO Intervention Needed
17566,17566,Registered,ARTS,19694,KC,D+,D,ART,SART,202410,SO,ARTS 19694,CotA,CotA,1.0,1.3,FR/SO Intervention Needed
17567,17567,Registered,ARTS,19694,KC,C-,F,ART,ARTE,202410,JR,ARTS 19694,CotA,CotA,0.0,1.7,JR/SR Intervention Needed
17548,17548,Registered,ARTS,19694,KC,B,C-,ART,SART,202410,FR,ARTS 19694,CotA,CotA,1.7,3.0,FR/SO Intervention Needed
17553,17553,Registered,ARTS,19694,KC,D+,F,ART,ARTE,202410,JR,ARTS 19694,CotA,CotA,0.0,1.3,JR/SR Intervention Needed
17531,17531,Registered,ARTS,19694,KC,D,C,ART,SART,202410,SO,ARTS 19694,CotA,CotA,2.0,1.0,FR/SO Intervention Needed
17536,17536,Registered,ARTS,19694,KC,F,F,ART,SART,202410,SR,ARTS 19694,CotA,CotA,0.0,0.0,JR/SR Intervention Needed
17538,17538,Registered,ARTS,19694,KC,D,D,ART,ARTE,202410,FR,ARTS 19694,CotA,CotA,1.0,1.0,FR/SO Intervention Needed
17518,17518,Registered,ARTS,19694,KC,B,F,ART,ARTE,202410,FR,ARTS 19694,CotA,CotA,0.0,3.0,FR/SO Intervention Needed
53355,53355,Registered,FDM,23628,KC,,C,FDM,FM,202410,SO,FDM 23628,CotA,CotA,2.0,,FR/SO Intervention Needed
53326,53326,Registered,FDM,23628,KC,C,C-,FDM,FM,202410,SO,FDM 23628,CotA,CotA,1.7,2.0,FR/SO Intervention Needed
53339,53339,Registered,FDM,23628,KC,F,C-,FDM,FM,202410,SO,FDM 23628,CotA,CotA,1.7,0.0,FR/SO Intervention Needed
53351,53351,Registered,FDM,23628,KC,C-,F,FDM,FM,202410,JR,FDM 23628,CotA,CotA,0.0,1.7,JR/SR Intervention Needed
53297,53297,Registered,FDM,23628,KC,C+,C,FDM,FM,202410,SO,FDM 23628,CotA,CotA,2.0,2.3,FR/SO Intervention Needed
53300,53300,Std Withdrawn,FDM,23628,KC,W,F,FDM,FM,202410,SO,FDM 23628,CotA,CotA,0.0,0.0,FR/SO Intervention Needed
53336,53336,Registered,FDM,23628,KC,C-,C-,FDM,FM,202410,SO,FDM 23628,CotA,CotA,1.7,1.7,FR/SO Intervention Needed
53290,53290,Registered,FDM,23628,KC,C+,C,FDM,FM,202410,SO,FDM 23628,CotA,CotA,2.0,2.3,FR/SO Intervention Needed
82877,82877,Registered,VCD,17213,KC,F,F,VCD,VCD,202410,JR,VCD 17213,CCI,CCI,0.0,0.0,JR/SR Intervention Needed
16894,16894,Registered,ARTS,28507,KC,B-,C-,ART,ARTE,202410,FR,ARTS 28507,CotA,CotA,1.7,2.7,FR/SO Intervention Needed
82869,82869,Registered,VCD,17213,KC,C,F,VCD,VCD,202410,JR,VCD 17213,CCI,CCI,0.0,2.0,JR/SR Intervention Needed
21330,21330,Registered,CMGT,21745,KC,A,C-,ARCH,COMA,202410,FR,CMGT 21745,CAED,CAED,1.7,4.0,FR/SO Intervention Needed
21340,21340,Registered,CMGT,21745,KC,C,C,ARCH,ARCH,202410,FR,CMGT 21745,CAED,CAED,2.0,2.0,FR/SO Intervention Needed
21361,21361,Std Withdrawn,CMGT,21745,KC,W,F,ARCH,ARCH,202410,SO,CMGT 21745,CAED,CAED,0.0,0.0,FR/SO Intervention Needed
21365,21365,Stopped Attending - Failed,CMGT,21745,KC,SF,F,ARCH,COMA,202410,JR,CMGT 21745,CAED,CAED,0.0,0.0,JR/SR Intervention Needed
21371,21371,Registered,CMGT,21745,KC,B,F,ARCH,ARCH,202410,JR,CMGT 21745,CAED,CAED,0.0,3.0,JR/SR Intervention Needed
21379,21379,Registered,CMGT,21745,KC,C+,D+,ARCH,COMA,202410,SO,CMGT 21745,CAED,CAED,1.3,2.3,FR/SO Intervention Needed
21389,21389,Registered,CMGT,21745,KC,D,F,ARCH,COMA,202410,JR,CMGT 21745,CAED,CAED,0.0,1.0,JR/SR Intervention Needed
21391,21391,Registered,CMGT,21745,KC,B-,C,ARCH,COMA,202410,SO,CMGT 21745,CAED,CAED,2.0,2.7,FR/SO Intervention Needed
21367,21367,Registered,CMGT,21745,KC,B-,C,ARCH,COMA,202410,SO,CMGT 21745,CAED,CAED,2.0,2.7,FR/SO Intervention Needed
21369,21369,Stopped Attending - Failed,CMGT,21745,KC,SF,SF,ARCH,COMA,202410,SO,CMGT 21745,CAED,CAED,0.0,0.0,FR/SO Intervention Needed
21406,21406,Registered,CMGT,21745,KC,B-,D,ARCH,COMA,202410,SO,CMGT 21745,CAED,CAED,1.0,2.7,FR/SO Intervention Needed
21411,21411,Registered,CMGT,21745,KC,C,D+,ARCH,COMA,202410,SO,CMGT 21745,CAED,CAED,1.3,2.0,FR/SO Intervention Needed
21414,21414,Registered,CMGT,21745,KC,B,C,ARCH,COMA,202410,SO,CMGT 21745,CAED,CAED,2.0,3.0,FR/SO Intervention Needed
21385,21385,Registered,CMGT,21745,KC,A,F,ARCH,ARCH,202410,SR,CMGT 21745,CAED,CAED,0.0,4.0,JR/SR Intervention Needed
21419,21419,Registered,CMGT,21745,KC,B+,C,ARCH,COMA,202410,FR,CMGT 21745,CAED,CAED,2.0,3.3,FR/SO Intervention Needed
21426,21426,Registered,CMGT,21745,KC,A-,F,ARCH,COMA,202410,SO,CMGT 21745,CAED,CAED,0.0,3.7,FR/SO Intervention Needed
21445,21445,Registered,CMGT,21745,KC,C-,F,ARCH,COMA,202410,JR,CMGT 21745,CAED,CAED,0.0,1.7,JR/SR Intervention Needed
21415,21415,Registered,CMGT,21745,KC,C,D,ARCH,ARCH,202410,SO,CMGT 21745,CAED,CAED,1.0,2.0,FR/SO Intervention Needed
16438,16438,Registered,ARTH,14683,KC,C+,C,ART,ARTH,202410,SO,ARTH 14683,CotA,CotA,2.0,2.3,FR/SO Intervention Needed
21433,21433,Registered,CMGT,21745,KC,B,C,ARCH,COMA,202410,SO,CMGT 21745,CAED,CAED,2.0,3.0,FR/SO Intervention Needed
16425,16425,Std Withdrawn,ARTH,14683,KC,W,F,ART,ARTH,202410,SO,ARTH 14683,CotA,CotA,0.0,0.0,FR/SO Intervention Needed
16427,16427,Registered,ARTH,14683,KC,B,C,ART,ARTH,202410,FR,ARTH 14683,CotA,CotA,2.0,3.0,FR/SO Intervention Needed
16267,16267,Stopped Attending - Failed,ARTH,23813,KC,SF,F,ART,ARTH,202410,JR,ARTH 23813,CotA,CotA,0.0,0.0,JR/SR Intervention Needed
16398,16398,Registered,ARTH,14683,KC,B-,D,ART,FM,202410,SO,ARTH 14683,CotA,CotA,1.0,2.7,FR/SO Intervention Needed
60224,60224,Registered,MDJ,15027,KC,F,F,MDJ,FM,202410,SO,MDJ 15027,CotA,CCI,0.0,0.0,FR/SO Intervention Needed
36923,36923,Registered,FDM,20725,KC,C-,C,FDM,FM,202410,FR,FDM 20725,CotA,CotA,2.0,1.7,FR/SO Intervention Needed
60273,60273,Registered,MDJ,15027,KC,D,C-,MDJ,DMP,202410,SO,MDJ 15027,CCI,CCI,1.7,1.0,FR/SO Intervention Needed
60279,60279,Registered,MDJ,15027,KC,F,C-,MDJ,ADV,202410,SO,MDJ 15027,CCI,CCI,1.7,0.0,FR/SO Intervention Needed
36951,36951,Registered,FDM,20725,KC,C-,F,FDM,FD,202410,FR,FDM 20725,CotA,CotA,0.0,1.7,FR/SO Intervention Needed
36955,36955,Registered,FDM,20725,KC,C,C,FDM,FD,202410,FR,FDM 20725,CotA,CotA,2.0,2.0,FR/SO Intervention Needed
36970,36970,Registered,FDM,20725,KC,C-,C,FDM,FM,202410,FR,FDM 20725,CotA,CotA,2.0,1.7,FR/SO Intervention Needed
36942,36942,Registered,FDM,20725,KC,A-,F,FDM,FD,202410,FR,FDM 20725,CotA,CotA,0.0,3.7,FR/SO Intervention Needed
36979,36979,Registered,FDM,20725,KC,F,D,FDM,FM,202410,FR,FDM 20725,CotA,CotA,1.0,0.0,FR/SO Intervention Needed
36986,36986,Std Withdrawn,FDM,20725,KC,W,F,FDM,FM,202410,FR,FDM 20725,CotA,CotA,0.0,0.0,FR/SO Intervention Needed
36958,36958,Registered,FDM,20725,KC,F,F,FDM,FM,202410,SO,FDM 20725,CotA,CotA,0.0,0.0,FR/SO Intervention Needed
36961,36961,Std Withdrawn,FDM,20725,KC,W,D,FDM,FM,202410,SO,FDM 20725,CotA,CotA,1.0,0.0,FR/SO Intervention Needed
37016,37016,Std Withdrawn,FDM,20725,KC,W,C,FDM,FM,202410,FR,FDM 20725,CotA,CotA,2.0,0.0,FR/SO Intervention Needed
37032,37032,Registered,FDM,20725,KC,B-,C,FDM,FM,202410,FR,FDM 20725,CotA,CotA,2.0,2.7,FR/SO Intervention Needed
37036,37036,Registered,FDM,20725,KC,B-,C-,FDM,FD,202410,SO,FDM 20725,CotA,CotA,1.7,2.7,FR/SO Intervention Needed
37007,37007,Registered,FDM,20725,KC,C+,C,FDM,FM,202410,FR,FDM 20725,CotA,CotA,2.0,2.3,FR/SO Intervention Needed
37058,37058,Registered,FDM,20725,KC,B,C,FDM,FD,202410,FR,FDM 20725,CotA,CotA,2.0,3.0,FR/SO Intervention Needed
37038,37038,Registered,FDM,20725,KC,B-,D,FDM,FM,202410,FR,FDM 20725,CotA,CotA,1.0,2.7,FR/SO Intervention Needed
37095,37095,Registered,FDM,20725,KC,F,F,FDM,FM,202410,SO,FDM 20725,CotA,CotA,0.0,0.0,FR/SO Intervention Needed
37096,37096,Std Withdrawn,FDM,20725,KC,W,C,FDM,FM,202410,FR,FDM 20725,CotA,CotA,2.0,0.0,FR/SO Intervention Needed
37100,37100,Registered,FDM,20725,KC,C,F,FDM,FM,202410,SO,FDM 20725,CotA,CotA,0.0,2.0,FR/SO Intervention Needed
37118,37118,Registered,FDM,20725,KC,C-,F,FDM,FD,202410,SR,FDM 20725,CotA,CotA,0.0,1.7,JR/SR Intervention Needed
37105,37105,Registered,FDM,20725,KC,,C,FDM,FD,202410,FR,FDM 20725,CotA,CotA,2.0,,FR/SO Intervention Needed
60253,60253,Registered,MDJ,15027,KC,C-,C,MDJ,FD,202410,FR,MDJ 15027,CotA,CCI,2.0,1.7,FR/SO Intervention Needed
60344,60344,Registered,MDJ,15027,KC,C,F,MDJ,FM,202410,FR,MDJ 15027,CotA,CCI,0.0,2.0,FR/SO Intervention Needed
60345,60345,Registered,MDJ,15027,KC,B-,C,MDJ,DMP,202410,SO,MDJ 15027,CCI,CCI,2.0,2.7,FR/SO Intervention Needed
52680,52680,Registered,FDM,19829,KC,D,D,FDM,FD,202410,SO,FDM 19829,CotA,CotA,1.0,1.0,FR/SO Intervention Needed
52672,52672,Registered,FDM,19829,KC,F,F,FDM,FD,202410,SO,FDM 19829,CotA,CotA,0.0,0.0,FR/SO Intervention Needed
52633,52633,Std Withdrawn,FDM,19829,KC,W,F,FDM,FD,202410,SO,FDM 19829,CotA,CotA,0.0,0.0,FR/SO Intervention Needed
52635,52635,Registered,FDM,19829,KC,F,F,FDM,FD,202410,SO,FDM 19829,CotA,CotA,0.0,0.0,FR/SO Intervention Needed
52636,52636,Registered,FDM,19829,KC,A-,C,FDM,FD,202410,SO,FDM 19829,CotA,CotA,2.0,3.7,FR/SO Intervention Needed
52640,52640,Registered,FDM,19829,KC,C+,C,FDM,FD,202410,SO,FDM 19829,CotA,CotA,2.0,2.3,FR/SO Intervention Needed
52621,52621,Registered,FDM,19829,KC,F,F,FDM,FD,202410,SR,FDM 19829,CotA,CotA,0.0,0.0,JR/SR Intervention Needed
52604,52604,Registered,FDM,19829,KC,F,F,FDM,FD,202410,SO,FDM 19829,CotA,CotA,0.0,0.0,FR/SO Intervention Needed
52608,52608,Registered,FDM,19829,KC,B,C,FDM,FD,202410,SO,FDM 19829,CotA,CotA,2.0,3.0,FR/SO Intervention Needed
52587,52587,Registered,FDM,19829,KC,B-,F,FDM,FD,202410,SO,FDM 19829,CotA,CotA,0.0,2.7,FR/SO Intervention Needed
52591,52591,Registered,FDM,19829,KC,C+,D,FDM,FD,202410,SO,FDM 19829,CotA,CotA,1.0,2.3,FR/SO Intervention Needed
52566,52566,Registered,FDM,19829,KC,C,F,FDM,FD,202410,JR,FDM 19829,CotA,CotA,0.0,2.0,JR/SR Intervention Needed
52571,52571,Registered,FDM,19829,KC,C-,F,FDM,FD,202410,SO,FDM 19829,CotA,CotA,0.0,1.7,FR/SO Intervention Needed
52558,52558,Stopped Attending - Failed,FDM,19829,KC,SF,F,FDM,FD,202410,JR,FDM 19829,CotA,CotA,0.0,0.0,JR/SR Intervention Needed
82434,82434,Registered,VCD,25988,KC,F,F,VCD,VCD,202410,SO,VCD 25988,CCI,CCI,0.0,0.0,FR/SO Intervention Needed
82449,82449,Std Withdrawn,VCD,25988,KC,W,C-,VCD,VCD,202410,SO,VCD 25988,CCI,CCI,1.7,0.0,FR/SO Intervention Needed
82458,82458,Registered,VCD,25988,KC,B+,C,VCD,VCD,202410,SO,VCD 25988,CCI,CCI,2.0,3.3,FR/SO Intervention Needed
82460,82460,Std Withdrawn,VCD,25988,KC,W,F,VCD,VCD,202410,SO,VCD 25988,CCI,CCI,0.0,0.0,FR/SO Intervention Needed
82442,82442,Registered,VCD,25988,KC,C,C-,VCD,VCD,202410,SO,VCD 25988,CCI,CCI,1.7,2.0,FR/SO Intervention Needed
60350,60350,Registered,MDJ,15027,KC,C+,C,MDJ,PHOT,202410,FR,MDJ 15027,CCI,CCI,2.0,2.3,FR/SO Intervention Needed
60406,60406,Registered,MDJ,15027,KC,C+,D+,MDJ,DMP,202410,SO,MDJ 15027,CCI,CCI,1.3,2.3,FR/SO Intervention Needed
60421,60421,Registered,MDJ,15027,KC,A-,C,MDJ,FM,202410,SO,MDJ 15027,CotA,CCI,2.0,3.7,FR/SO Intervention Needed
60397,60397,Registered,MDJ,15027,KC,B-,C-,MDJ,EMAT,202410,FR,MDJ 15027,CCI,CCI,1.7,2.7,FR/SO Intervention Needed
60430,60430,Registered,MDJ,15027,KC,B+,F,MDJ,COMM,202410,JR,MDJ 15027,CCI,CCI,0.0,3.3,JR/SR Intervention Needed
60471,60471,Registered,MDJ,15027,KC,F,F,MDJ,EMAT,202410,JR,MDJ 15027,CCI,CCI,0.0,0.0,JR/SR Intervention Needed
60487,60487,Registered,MDJ,15027,KC,F,F,MDJ,MUS,202410,JR,MDJ 15027,CotA,CCI,0.0,0.0,JR/SR Intervention Needed
60501,60501,Registered,MDJ,15027,KC,D,F,MDJ,PR,202410,SO,MDJ 15027,CCI,CCI,0.0,1.0,FR/SO Intervention Needed
60504,60504,Registered,MDJ,15027,KC,F,F,MDJ,COMM,202410,FR,MDJ 15027,CCI,CCI,0.0,0.0,FR/SO Intervention Needed
60508,60508,Registered,MDJ,15027,KC,C+,C-,MDJ,COMA,202410,FR,MDJ 15027,CAED,CCI,1.7,2.3,FR/SO Intervention Needed
60537,60537,Registered,MDJ,15027,KC,C+,D+,MDJ,EMAT,202410,FR,MDJ 15027,CCI,CCI,1.3,2.3,FR/SO Intervention Needed
82098,82098,Registered,VCD,18414,KC,B+,C-,VCD,PHOT,202410,FR,VCD 18414,CCI,CCI,1.7,3.3,FR/SO Intervention Needed
82060,82060,Registered,VCD,18414,KC,B+,C-,VCD,PHOT,202410,SO,VCD 18414,CCI,CCI,1.7,3.3,FR/SO Intervention Needed
52006,52006,Registered,FDM,25693,KC,C,F,FDM,FM,202410,JR,FDM 25693,CotA,CotA,0.0,2.0,JR/SR Intervention Needed
52007,52007,Std Withdrawn,FDM,25693,KC,W,D,FDM,FD,202410,SO,FDM 25693,CotA,CotA,1.0,0.0,FR/SO Intervention Needed
82057,82057,Registered,VCD,18414,KC,B-,C,VCD,FM,202410,SO,VCD 18414,CotA,CCI,2.0,2.7,FR/SO Intervention Needed
25214,25214,Registered,COMM,17591,KC,C-,F,COMM,JNL,202410,SO,COMM 17591,CCI,CCI,0.0,1.7,FR/SO Intervention Needed
52010,52010,Registered,FDM,25693,KC,,D+,FDM,FD,202410,SO,FDM 25693,CotA,CotA,1.3,,FR/SO Intervention Needed
52026,52026,Registered,FDM,25693,KC,C,C-,FDM,FD,202410,SO,FDM 25693,CotA,CotA,1.7,2.0,FR/SO Intervention Needed
25231,25231,Registered,COMM,17591,KC,B+,C-,COMM,MUS,202410,SO,COMM 17591,CotA,CCI,1.7,3.3,FR/SO Intervention Needed
51343,51343,Registered,FDM,12721,KC,B,C,FDM,FD,202410,SO,FDM 12721,CotA,CotA,2.0,3.0,FR/SO Intervention Needed
51380,51380,Registered,FDM,12721,KC,C+,C,FDM,FD,202410,SO,FDM 12721,CotA,CotA,2.0,2.3,FR/SO Intervention Needed
51381,51381,Std Withdrawn,FDM,12721,KC,W,F,FDM,FD,202410,SO,FDM 12721,CotA,CotA,0.0,0.0,FR/SO Intervention Needed
51370,51370,Registered,FDM,12721,KC,C+,F,FDM,FD,202410,SO,FDM 12721,CotA,CotA,0.0,2.3,FR/SO Intervention Needed
51372,51372,Registered,FDM,12721,KC,F,F,FDM,FD,202410,SO,FDM 12721,CotA,CotA,0.0,0.0,FR/SO Intervention Needed
51313,51313,Registered,FDM,12721,KC,B,C,FDM,FD,202410,SO,FDM 12721,CotA,CotA,2.0,3.0,FR/SO Intervention Needed
51318,51318,Registered,FDM,12721,KC,C,D,FDM,FD,202410,SO,FDM 12721,CotA,CotA,1.0,2.0,FR/SO Intervention Needed
51303,51303,Registered,FDM,12721,KC,C+,F,FDM,FD,202410,SO,FDM 12721,CotA,CotA,0.0,2.3,FR/SO Intervention Needed
51282,51282,Registered,FDM,12721,KC,F,C,FDM,FD,202410,SO,FDM 12721,CotA,CotA,2.0,0.0,FR/SO Intervention Needed
51316,51316,Std Withdrawn,FDM,12721,KC,W,F,FDM,FD,202410,JR,FDM 12721,CotA,CotA,0.0,0.0,JR/SR Intervention Needed
31774,31774,Registered,EMAT,19538,KC,B-,C-,EMAT,COMM,202410,SO,EMAT 19538,CCI,CCI,1.7,2.7,FR/SO Intervention Needed
31748,31748,Registered,EMAT,19538,KC,D+,C,EMAT,COMM,202410,FR,EMAT 19538,CCI,CCI,2.0,1.3,FR/SO Intervention Needed
31756,31756,Registered,EMAT,19538,KC,C+,C,EMAT,ADV,202410,SO,EMAT 19538,CCI,CCI,2.0,2.3,FR/SO Intervention Needed
31731,31731,Registered,EMAT,19538,KC,C-,C,EMAT,JNL,202410,FR,EMAT 19538,CCI,CCI,2.0,1.7,FR/SO Intervention Needed
31738,31738,Registered,EMAT,19538,KC,C-,F,EMAT,EMAT,202410,SO,EMAT 19538,CCI,CCI,0.0,1.7,FR/SO Intervention Needed
31720,31720,Registered,EMAT,19538,KC,D,C-,EMAT,COMM,202410,SO,EMAT 19538,CCI,CCI,1.7,1.0,FR/SO Intervention Needed
31662,31662,Registered,EMAT,19538,KC,D+,D,EMAT,COMM,202410,SO,EMAT 19538,CCI,CCI,1.0,1.3,FR/SO Intervention Needed
31672,31672,Registered,EMAT,19538,KC,B,C,EMAT,JNL,202410,FR,EMAT 19538,CCI,CCI,2.0,3.0,FR/SO Intervention Needed
31649,31649,Registered,EMAT,19538,KC,B,F,EMAT,ADV,202410,SO,EMAT 19538,CCI,CCI,0.0,3.0,FR/SO Intervention Needed
31644,31644,Registered,EMAT,19538,KC,C+,F,EMAT,JNL,202410,JR,EMAT 19538,CCI,CCI,0.0,2.3,JR/SR Intervention Needed
31618,31618,Registered,EMAT,19538,KC,F,F,EMAT,FM,202410,SR,EMAT 19538,CotA,CCI,0.0,0.0,JR/SR Intervention Needed
81540,81540,Registered,VCD,28950,KC,C-,F,VCD,ARCS,202410,SR,VCD 28950,CAED,CCI,0.0,1.7,JR/SR Intervention Needed
81578,81578,Std Withdrawn,VCD,28950,KC,W,F,VCD,VCD,202410,FR,VCD 28950,CCI,CCI,0.0,0.0,FR/SO Intervention Needed
51252,51252,Registered,FDM,12721,KC,D,D,FDM,FD,202410,SO,FDM 12721,CotA,CotA,1.0,1.0,FR/SO Intervention Needed
51234,51234,Registered,FDM,12721,KC,F,F,FDM,FD,202410,JR,FDM 12721,CotA,CotA,0.0,0.0,JR/SR Intervention Needed
30919,30919,Registered,EMAT,12670,KC,A-,F,EMAT,EMAT,202410,SO,EMAT 12670,CCI,CCI,0.0,3.7,FR/SO Intervention Needed
25279,25279,Registered,COMM,17591,KC,B,C,COMM,ID,202410,SO,COMM 17591,CAED,CCI,2.0,3.0,FR/SO Intervention Needed
30804,30804,Registered,DAN,27345,KC,D,F,THDN,MUT,202410,SR,DAN 27345,CotA,CotA,0.0,1.0,JR/SR Intervention Needed
25375,25375,Registered,COMM,17591,KC,D,C,COMM,JNL,202410,FR,COMM 17591,CCI,CCI,2.0,1.0,FR/SO Intervention Needed
62948,62948,Registered,MDJ,28436,KC,F,F,MDJ,PR,202410,FR,MDJ 28436,CCI,CCI,0.0,0.0,FR/SO Intervention Needed
80513,80513,Std Withdrawn,VCD,19588,KC,W,SF,VCD,DMP,202410,JR,VCD 19588,CCI,CCI,0.0,0.0,JR/SR Intervention Needed
62954,62954,Registered,MDJ,28436,KC,C-,F,MDJ,DMP,202410,JR,MDJ 28436,CCI,CCI,0.0,1.7,JR/SR Intervention Needed
62985,62985,Registered,MDJ,28436,KC,C,F,MDJ,ADV,202410,SR,MDJ 28436,CCI,CCI,0.0,2.0,JR/SR Intervention Needed
62958,62958,Registered,MDJ,28436,KC,C+,F,MDJ,ADV,202410,SO,MDJ 28436,CCI,CCI,0.0,2.3,FR/SO Intervention Needed
62959,62959,Registered,MDJ,28436,KC,F,F,MDJ,ADV,202410,SO,MDJ 28436,CCI,CCI,0.0,0.0,FR/SO Intervention Needed
80512,80512,Registered,VCD,19588,KC,B,C-,VCD,VCD,202410,FR,VCD 19588,CCI,CCI,1.7,3.0,FR/SO Intervention Needed
80519,80519,Registered,VCD,19588,KC,C,D,VCD,FD,202410,SO,VCD 19588,CotA,CCI,1.0,2.0,FR/SO Intervention Needed
80498,80498,Registered,VCD,19588,KC,B+,C,VCD,VCD,202410,FR,VCD 19588,CCI,CCI,2.0,3.3,FR/SO Intervention Needed
80499,80499,Registered,VCD,19588,KC,D,C-,VCD,ADV,202410,SO,VCD 19588,CCI,CCI,1.7,1.0,FR/SO Intervention Needed
50726,50726,Registered,FDM,17764,KC,D,F,FDM,FD,202410,JR,FDM 17764,CotA,CotA,0.0,1.0,JR/SR Intervention Needed
50719,50719,Registered,FDM,17764,KC,D,F,FDM,FM,202410,JR,FDM 17764,CotA,CotA,0.0,1.0,JR/SR Intervention Needed
50720,50720,Registered,FDM,17764,KC,C+,C-,FDM,FD,202410,SO,FDM 17764,CotA,CotA,1.7,2.3,FR/SO Intervention Needed
25411,25411,Registered,COMM,17591,KC,C,C,COMM,FM,202410,FR,COMM 17591,CotA,CCI,2.0,2.0,FR/SO Intervention Needed
38549,38549,Registered,FDM,14111,KC,C-,F,FDM,FM,202410,SO,FDM 14111,CotA,CotA,0.0,1.7,FR/SO Intervention Needed
38556,38556,Registered,FDM,14111,KC,C-,D+,FDM,FD,202410,SO,FDM 14111,CotA,CotA,1.3,1.7,FR/SO Intervention Needed
38567,38567,Registered,FDM,14111,KC,F,F,FDM,FD,202410,FR,FDM 14111,CotA,CotA,0.0,0.0,FR/SO Intervention Needed
38541,38541,Stopped Attending - Failed,FDM,14111,KC,SF,D+,FDM,FM,202410,FR,FDM 14111,CotA,CotA,1.3,0.0,FR/SO Intervention Needed
38580,38580,Stopped Attending - Failed,FDM,14111,KC,SF,C-,FDM,FD,202410,FR,FDM 14111,CotA,CotA,1.7,0.0,FR/SO Intervention Needed
38559,38559,Registered,FDM,14111,KC,D,F,FDM,FD,202410,JR,FDM 14111,CotA,CotA,0.0,1.0,JR/SR Intervention Needed
38563,38563,Registered,FDM,14111,KC,A,F,FDM,FD,202410,FR,FDM 14111,CotA,CotA,0.0,4.0,FR/SO Intervention Needed
38600,38600,Registered,FDM,14111,KC,F,F,FDM,FD,202410,SO,FDM 14111,CotA,CotA,0.0,0.0,FR/SO Intervention Needed
38604,38604,Registered,FDM,14111,KC,D+,C,FDM,FM,202410,SO,FDM 14111,CotA,CotA,2.0,1.3,FR/SO Intervention Needed
38576,38576,Registered,FDM,14111,KC,C,D,FDM,FD,202410,FR,FDM 14111,CotA,CotA,1.0,2.0,FR/SO Intervention Needed
38579,38579,Registered,FDM,14111,KC,F,D+,FDM,FD,202410,FR,FDM 14111,CotA,CotA,1.3,0.0,FR/SO Intervention Needed
38605,38605,Registered,FDM,14111,KC,B,C,FDM,FD,202410,FR,FDM 14111,CotA,CotA,2.0,3.0,FR/SO Intervention Needed
38648,38648,Registered,FDM,14111,KC,C,C,FDM,FM,202410,FR,FDM 14111,CotA,CotA,2.0,2.0,FR/SO Intervention Needed
38650,38650,Registered,FDM,14111,KC,C,C-,FDM,FD,202410,FR,FDM 14111,CotA,CotA,1.7,2.0,FR/SO Intervention Needed
38651,38651,Registered,FDM,14111,KC,C,D,FDM,FD,202410,SO,FDM 14111,CotA,CotA,1.0,2.0,FR/SO Intervention Needed
38652,38652,Registered,FDM,14111,KC,C+,C,FDM,FD,202410,FR,FDM 14111,CotA,CotA,2.0,2.3,FR/SO Intervention Needed
38622,38622,Std Withdrawn,FDM,14111,KC,W,F,FDM,FM,202410,FR,FDM 14111,CotA,CotA,0.0,0.0,FR/SO Intervention Needed
38624,38624,Registered,FDM,14111,KC,B,D,FDM,FM,202410,SO,FDM 14111,CotA,CotA,1.0,3.0,FR/SO Intervention Needed
38660,38660,Registered,FDM,14111,KC,F,C-,FDM,FM,202410,SO,FDM 14111,CotA,CotA,1.7,0.0,FR/SO Intervention Needed
38637,38637,Registered,FDM,14111,KC,C-,F,FDM,FM,202410,SO,FDM 14111,CotA,CotA,0.0,1.7,FR/SO Intervention Needed
38639,38639,Registered,FDM,14111,KC,C,D,FDM,FD,202410,FR,FDM 14111,CotA,CotA,1.0,2.0,FR/SO Intervention Needed
38643,38643,Stopped Attending - Failed,FDM,14111,KC,SF,SF,FDM,DMP,202410,SO,FDM 14111,CCI,CotA,0.0,0.0,FR/SO Intervention Needed
38681,38681,Registered,FDM,14111,KC,B,C,FDM,FD,202410,FR,FDM 14111,CotA,CotA,2.0,3.0,FR/SO Intervention Needed
38671,38671,Registered,FDM,14111,KC,D,D,FDM,FD,202410,SO,FDM 14111,CotA,CotA,1.0,1.0,FR/SO Intervention Needed
38690,38690,Registered,FDM,14111,KC,A-,D,FDM,FM,202410,FR,FDM 14111,CotA,CotA,1.0,3.7,FR/SO Intervention Needed
25428,25428,Registered,COMM,17591,KC,F,C-,COMM,ID,202410,FR,COMM 17591,CAED,CCI,1.7,0.0,FR/SO Intervention Needed
25482,25482,Registered,COMM,17591,KC,F,F,COMM,VCD,202410,SO,COMM 17591,CCI,CCI,0.0,0.0,FR/SO Intervention Needed
25519,25519,Registered,COMM,17591,KC,B+,D,COMM,COMM,202410,FR,COMM 17591,CCI,CCI,1.0,3.3,FR/SO Intervention Needed
25494,25494,Registered,COMM,17591,KC,C+,D,COMM,JNL,202410,FR,COMM 17591,CCI,CCI,1.0,2.3,FR/SO Intervention Needed
25583,25583,Registered,COMM,17591,KC,A,C,COMM,ID,202410,SO,COMM 17591,CAED,CCI,2.0,4.0,FR/SO Intervention Needed
25584,25584,Registered,COMM,17591,KC,D+,D,COMM,VCD,202410,SO,COMM 17591,CCI,CCI,1.0,1.3,FR/SO Intervention Needed
25573,25573,Registered,COMM,17591,KC,C+,C,COMM,VCD,202410,FR,COMM 17591,CCI,CCI,2.0,2.3,FR/SO Intervention Needed
80489,80489,Registered,VCD,19588,KC,B-,C,VCD,VCD,202410,FR,VCD 19588,CCI,CCI,2.0,2.7,FR/SO Intervention Needed
80461,80461,Registered,VCD,19588,KC,A-,F,VCD,VCD,202410,SO,VCD 19588,CCI,CCI,0.0,3.7,FR/SO Intervention Needed
25588,25588,Registered,COMM,17591,KC,D+,F,COMM,COMM,202410,FR,COMM 17591,CCI,CCI,0.0,1.3,FR/SO Intervention Needed
25591,25591,Registered,COMM,17591,KC,C-,C,COMM,ID,202410,FR,COMM 17591,CAED,CCI,2.0,1.7,FR/SO Intervention Needed
25592,25592,Registered,COMM,17591,KC,C+,D+,COMM,ID,202410,SO,COMM 17591,CAED,CCI,1.3,2.3,FR/SO Intervention Needed
80487,80487,Registered,VCD,19588,KC,D,F,VCD,DMP,202410,FR,VCD 19588,CCI,CCI,0.0,1.0,FR/SO Intervention Needed
79791,79791,Registered,THEA,25866,KC,C+,D,THDN,TDTP,202410,SO,THEA 25866,CotA,CotA,1.0,2.3,FR/SO Intervention Needed
79796,79796,Registered,THEA,25866,KC,F,F,THDN,TDTP,202410,SR,THEA 25866,CotA,CotA,0.0,0.0,JR/SR Intervention Needed
80438,80438,Std Withdrawn,VCD,19588,KC,W,F,VCD,VCD,202410,FR,VCD 19588,CCI,CCI,0.0,0.0,FR/SO Intervention Needed
79777,79777,Std Withdrawn,THEA,25866,KC,W,D+,THDN,TDTP,202410,SO,THEA 25866,CotA,CotA,1.3,0.0,FR/SO Intervention Needed
79784,79784,Registered,THEA,25866,KC,C-,D,THDN,TDTP,202410,SO,THEA 25866,CotA,CotA,1.0,1.7,FR/SO Intervention Needed
79789,79789,Stopped Attending - Failed,THEA,25866,KC,SF,SF,THDN,TDTP,202410,SO,THEA 25866,CotA,CotA,0.0,0.0,FR/SO Intervention Needed
79786,79786,Stopped Attending - Failed,THEA,25866,KC,SF,SF,THDN,TDTP,202410,SR,THEA 25866,CotA,CotA,0.0,0.0,JR/SR Intervention Needed
25648,25648,Registered,COMM,17591,KC,B+,D,COMM,DMP,202410,FR,COMM 17591,CCI,CCI,1.0,3.3,FR/SO Intervention Needed
79643,79643,Registered,THEA,13155,KC,C-,F,THDN,MUT,202410,JR,THEA 13155,CotA,CotA,0.0,1.7,JR/SR Intervention Needed
79644,79644,Registered,THEA,13155,KC,B,F,THDN,MUT,202410,SO,THEA 13155,CotA,CotA,0.0,3.0,FR/SO Intervention Needed
79376,79376,Registered,THEA,20443,KC,B-,D+,THDN,TDTP,202410,SO,THEA 20443,CotA,CotA,1.3,2.7,FR/SO Intervention Needed
79419,79419,Registered,THEA,14029,KC,F,F,THDN,TDTP,202410,JR,THEA 14029,CotA,CotA,0.0,0.0,JR/SR Intervention Needed
79414,79414,Registered,THEA,14029,KC,C,D,THDN,TDTP,202410,FR,THEA 14029,CotA,CotA,1.0,2.0,FR/SO Intervention Needed
79415,79415,Registered,THEA,14029,KC,C-,F,THDN,TDTP,202410,FR,THEA 14029,CotA,CotA,0.0,1.7,FR/SO Intervention Needed
79372,79372,Registered,THEA,20443,KC,C,D+,THDN,TDTP,202410,SO,THEA 20443,CotA,CotA,1.3,2.0,FR/SO Intervention Needed
25668,25668,Registered,COMM,17591,KC,A,D,COMM,ADV,202410,SO,COMM 17591,CCI,CCI,1.0,4.0,FR/SO Intervention Needed
25671,25671,Registered,COMM,17591,KC,C-,D,COMM,COMM,202410,FR,COMM 17591,CCI,CCI,1.0,1.7,FR/SO Intervention Needed
25677,25677,Registered,COMM,17591,KC,B,C,COMM,ID,202410,SO,COMM 17591,CAED,CCI,2.0,3.0,FR/SO Intervention Needed
79094,79094,Registered,THEA,22478,KC,D,D+,THDN,THEA,202410,FR,THEA 22478,CotA,CotA,1.3,1.0,FR/SO Intervention Needed
79090,79090,Registered,THEA,22478,KC,A-,C,THDN,THEA,202410,FR,THEA 22478,CotA,CotA,2.0,3.7,FR/SO Intervention Needed
79059,79059,Registered,THEA,22478,KC,F,F,THDN,THEA,202410,FR,THEA 22478,CotA,CotA,0.0,0.0,FR/SO Intervention Needed
79098,79098,Std Withdrawn,THEA,22478,KC,W,F,THDN,THEA,202410,SO,THEA 22478,CotA,CotA,0.0,0.0,FR/SO Intervention Needed
79070,79070,Registered,THEA,22478,KC,F,F,THDN,MUT,202410,FR,THEA 22478,CotA,CotA,0.0,0.0,FR/SO Intervention Needed
25721,25721,Registered,COMM,17591,KC,F,F,COMM,COMM,202410,SO,COMM 17591,CCI,CCI,0.0,0.0,FR/SO Intervention Needed
78905,78905,Registered,THEA,25988,KC,A,C,THDN,THEA,202410,FR,THEA 25988,CotA,CotA,2.0,4.0,FR/SO Intervention Needed
63397,63397,Registered,MDJ,13358,KC,B+,C-,MDJ,THEA,202410,FR,MDJ 13358,CotA,CCI,1.7,3.3,FR/SO Intervention Needed
63401,63401,Registered,MDJ,13358,KC,F,D,MDJ,DMP,202410,SO,MDJ 13358,CCI,CCI,1.0,0.0,FR/SO Intervention Needed
63435,63435,Registered,MDJ,13358,KC,B,C-,MDJ,DMP,202410,FR,MDJ 13358,CCI,CCI,1.7,3.0,FR/SO Intervention Needed
78627,78627,Registered,THEA,21764,KC,F,F,THDN,MUT,202410,FR,THEA 21764,CotA,CotA,0.0,0.0,FR/SO Intervention Needed
63433,63433,Registered,MDJ,13358,KC,C,F,MDJ,DMP,202410,FR,MDJ 13358,CCI,CCI,0.0,2.0,FR/SO Intervention Needed
63448,63448,Registered,MDJ,13358,KC,C,D,MDJ,DMP,202410,FR,MDJ 13358,CCI,CCI,1.0,2.0,FR/SO Intervention Needed
63453,63453,Registered,MDJ,13358,KC,C+,C,MDJ,VCD,202410,SO,MDJ 13358,CCI,CCI,2.0,2.3,FR/SO Intervention Needed
63454,63454,Registered,MDJ,13358,KC,C+,C,MDJ,JNL,202410,FR,MDJ 13358,CCI,CCI,2.0,2.3,FR/SO Intervention Needed
63456,63456,Registered,MDJ,13358,KC,D+,C,MDJ,DMP,202410,FR,MDJ 13358,CCI,CCI,2.0,1.3,FR/SO Intervention Needed
63441,63441,Registered,MDJ,13358,KC,C+,F,MDJ,DMP,202410,SO,MDJ 13358,CCI,CCI,0.0,2.3,FR/SO Intervention Needed
63444,63444,Registered,MDJ,13358,KC,C,C,MDJ,DMP,202410,FR,MDJ 13358,CCI,CCI,2.0,2.0,FR/SO Intervention Needed
63445,63445,Registered,MDJ,13358,KC,D,F,MDJ,DMP,202410,FR,MDJ 13358,CCI,CCI,0.0,1.0,FR/SO Intervention Needed
78463,78463,Registered,THEA,15947,KC,C-,D,THDN,TDTP,202410,FR,THEA 15947,CotA,CotA,1.0,1.7,FR/SO Intervention Needed
78472,78472,Registered,THEA,15947,KC,C,F,THDN,TDTP,202410,SO,THEA 15947,CotA,CotA,0.0,2.0,FR/SO Intervention Needed
63473,63473,Registered,MDJ,13358,KC,A,D+,MDJ,DMP,202410,SO,MDJ 13358,CCI,CCI,1.3,4.0,FR/SO Intervention Needed
49998,49998,Std Withdrawn,FDM,27868,KC,W,F,FDM,FD,202410,SO,FDM 27868,CotA,CotA,0.0,0.0,FR/SO Intervention Needed
49999,49999,Registered,FDM,27868,KC,F,C,FDM,FD,202410,SO,FDM 27868,CotA,CotA,2.0,0.0,FR/SO Intervention Needed
30407,30407,Registered,COMM,21241,KC,B,C,COMM,COMM,202410,FR,COMM 21241,CCI,CCI,2.0,3.0,FR/SO Intervention Needed
49952,49952,Std Withdrawn,FDM,27868,KC,W,F,FDM,FD,202410,SO,FDM 27868,CotA,CotA,0.0,0.0,FR/SO Intervention Needed
49953,49953,Registered,FDM,27868,KC,B,C,FDM,FD,202410,SO,FDM 27868,CotA,CotA,2.0,3.0,FR/SO Intervention Needed
49927,49927,Registered,FDM,27868,KC,C,C,FDM,FD,202410,SO,FDM 27868,CotA,CotA,2.0,2.0,FR/SO Intervention Needed
49928,49928,Registered,FDM,27868,KC,F,F,FDM,FD,202410,SR,FDM 27868,CotA,CotA,0.0,0.0,JR/SR Intervention Needed
78312,78312,Std Withdrawn,THEA,22915,KC,W,F,THDN,MUT,202410,FR,THEA 22915,CotA,CotA,0.0,0.0,FR/SO Intervention Needed
78325,78325,Registered,THEA,22915,KC,D,F,THDN,THEA,202410,SO,THEA 22915,CotA,CotA,0.0,1.0,FR/SO Intervention Needed
78326,78326,Registered,THEA,22915,KC,B-,C-,THDN,MUT,202410,FR,THEA 22915,CotA,CotA,1.7,2.7,FR/SO Intervention Needed
49931,49931,Registered,FDM,27868,KC,C-,C-,FDM,FD,202410,SO,FDM 27868,CotA,CotA,1.7,1.7,FR/SO Intervention Needed
25819,25819,Registered,COMM,17591,KC,C+,D,COMM,DMP,202410,SO,COMM 17591,CCI,CCI,1.0,2.3,FR/SO Intervention Needed
25824,25824,Stopped Attending - Failed,COMM,17591,KC,SF,F,COMM,PR,202410,SO,COMM 17591,CCI,CCI,0.0,0.0,FR/SO Intervention Needed
63929,63929,Registered,MDJ,17554,KC,B,C,MDJ,ADV,202410,SO,MDJ 17554,CCI,CCI,2.0,3.0,FR/SO Intervention Needed
63930,63930,Registered,MDJ,17554,KC,B,F,MDJ,ADV,202410,FR,MDJ 17554,CCI,CCI,0.0,3.0,FR/SO Intervention Needed
63934,63934,Registered,MDJ,17554,KC,F,D,MDJ,COMM,202410,SO,MDJ 17554,CCI,CCI,1.0,0.0,FR/SO Intervention Needed
63935,63935,Stopped Attending - Failed,MDJ,17554,KC,SF,F,MDJ,DMP,202410,SO,MDJ 17554,CCI,CCI,0.0,0.0,FR/SO Intervention Needed
63918,63918,Registered,MDJ,17554,KC,B+,C,MDJ,ADV,202410,SO,MDJ 17554,CCI,CCI,2.0,3.3,FR/SO Intervention Needed
64080,64080,Registered,MDJ,12062,KC,F,F,MDJ,ADV,202410,JR,MDJ 12062,CCI,CCI,0.0,0.0,JR/SR Intervention Needed
64069,64069,Registered,MDJ,12062,KC,B-,D,MDJ,ADV,202410,SO,MDJ 12062,CCI,CCI,1.0,2.7,FR/SO Intervention Needed
49301,49301,Registered,FDM,20907,KC,C,C,FDM,FM,202410,SO,FDM 20907,CotA,CotA,2.0,2.0,FR/SO Intervention Needed
49311,49311,Registered,FDM,20907,KC,C+,F,FDM,FM,202410,SO,FDM 20907,CotA,CotA,0.0,2.3,FR/SO Intervention Needed
49315,49315,Registered,FDM,20907,KC,D,C,FDM,FM,202410,SO,FDM 20907,CotA,CotA,2.0,1.0,FR/SO Intervention Needed
49282,49282,Registered,FDM,20907,KC,F,F,FDM,FM,202410,SO,FDM 20907,CotA,CotA,0.0,0.0,FR/SO Intervention Needed
49271,49271,Registered,FDM,20907,KC,C,C,FDM,FM,202410,SO,FDM 20907,CotA,CotA,2.0,2.0,FR/SO Intervention Needed
78087,78087,Std Withdrawn,THEA,17060,KC,W,F,THDN,TDTP,202410,SO,THEA 17060,CotA,CotA,0.0,0.0,FR/SO Intervention Needed
78096,78096,Registered,THEA,17060,KC,C,C,THDN,MUT,202410,SO,THEA 17060,CotA,CotA,2.0,2.0,FR/SO Intervention Needed
78099,78099,Registered,THEA,17060,KC,F,F,THDN,MUT,202410,SO,THEA 17060,CotA,CotA,0.0,0.0,FR/SO Intervention Needed
78083,78083,Registered,THEA,17060,KC,B-,C,THDN,THEA,202410,FR,THEA 17060,CotA,CotA,2.0,2.7,FR/SO Intervention Needed
78084,78084,Registered,THEA,17060,KC,C+,F,THDN,MUT,202410,FR,THEA 17060,CotA,CotA,0.0,2.3,FR/SO Intervention Needed
78085,78085,Registered,THEA,17060,KC,D,C,THDN,THEA,202410,FR,THEA 17060,CotA,CotA,2.0,1.0,FR/SO Intervention Needed
49235,49235,Registered,FDM,20907,KC,B-,F,FDM,FM,202410,SO,FDM 20907,CotA,CotA,0.0,2.7,FR/SO Intervention Needed
49275,49275,Registered,FDM,20907,KC,C+,F,FDM,FM,202410,SO,FDM 20907,CotA,CotA,0.0,2.3,FR/SO Intervention Needed
49247,49247,Registered,FDM,20907,KC,C+,C,FDM,FM,202410,SO,FDM 20907,CotA,CotA,2.0,2.3,FR/SO Intervention Needed
49257,49257,Registered,FDM,20907,KC,B-,C,FDM,FM,202410,SO,FDM 20907,CotA,CotA,2.0,2.7,FR/SO Intervention Needed
49260,49260,Registered,FDM,20907,KC,B,C,FDM,FM,202410,SO,FDM 20907,CotA,CotA,2.0,3.0,FR/SO Intervention Needed
49242,49242,Registered,FDM,20907,KC,D,D,FDM,FM,202410,SO,FDM 20907,CotA,CotA,1.0,1.0,FR/SO Intervention Needed
49216,49216,Registered,FDM,20907,KC,C,D,FDM,FM,202410,SO,FDM 20907,CotA,CotA,1.0,2.0,FR/SO Intervention Needed
49186,49186,Registered,FDM,20907,KC,F,F,FDM,FM,202410,SO,FDM 20907,CotA,CotA,0.0,0.0,FR/SO Intervention Needed
49189,49189,Registered,FDM,20907,KC,F,C-,FDM,FM,202410,SO,FDM 20907,CotA,CotA,1.7,0.0,FR/SO Intervention Needed
49225,49225,Registered,FDM,20907,KC,C-,C-,FDM,FM,202410,SO,FDM 20907,CotA,CotA,1.7,1.7,FR/SO Intervention Needed
49199,49199,Registered,FDM,20907,KC,C,F,FDM,FM,202410,SO,FDM 20907,CotA,CotA,0.0,2.0,FR/SO Intervention Needed
49195,49195,Registered,FDM,20907,KC,B-,C,FDM,FM,202410,SO,FDM 20907,CotA,CotA,2.0,2.7,FR/SO Intervention Needed
77821,77821,Registered,THEA,22559,KC,B-,C,THDN,MUT,202410,SO,THEA 22559,CotA,CotA,2.0,2.7,FR/SO Intervention Needed
77805,77805,Registered,THEA,22559,KC,C,C,THDN,MUT,202410,FR,THEA 22559,CotA,CotA,2.0,2.0,FR/SO Intervention Needed
77818,77818,Std Withdrawn,THEA,22559,KC,W,D,THDN,MUT,202410,FR,THEA 22559,CotA,CotA,1.0,0.0,FR/SO Intervention Needed
77820,77820,Registered,THEA,22559,KC,F,D+,THDN,FM,202410,FR,THEA 22559,CotA,CotA,1.3,0.0,FR/SO Intervention Needed
77826,77826,Registered,THEA,22559,KC,B,C,THDN,TDTP,202410,SO,THEA 22559,CotA,CotA,2.0,3.0,FR/SO Intervention Needed
77788,77788,Registered,THEA,22559,KC,B,C,THDN,MUT,202410,FR,THEA 22559,CotA,CotA,2.0,3.0,FR/SO Intervention Needed
77795,77795,Std Withdrawn,THEA,22559,KC,W,F,THDN,TDTP,202410,SO,THEA 22559,CotA,CotA,0.0,0.0,FR/SO Intervention Needed
77796,77796,Registered,THEA,22559,KC,C,F,THDN,MUT,202410,SO,THEA 22559,CotA,CotA,0.0,2.0,FR/SO Intervention Needed
64338,64338,Registered,MDJ,20627,KC,B-,F,MDJ,DMP,202410,SO,MDJ 20627,CCI,CCI,0.0,2.7,FR/SO Intervention Needed
64378,64378,Std Withdrawn,MDJ,20627,KC,W,D+,MDJ,DMP,202410,SO,MDJ 20627,CCI,CCI,1.3,0.0,FR/SO Intervention Needed
64358,64358,Registered,MDJ,20627,KC,F,C,MDJ,DMP,202410,FR,MDJ 20627,CCI,CCI,2.0,0.0,FR/SO Intervention Needed
64360,64360,Std Withdrawn,MDJ,20627,KC,W,F,MDJ,DMP,202410,SO,MDJ 20627,CCI,CCI,0.0,0.0,FR/SO Intervention Needed
77349,77349,Registered,THEA,26012,KC,A,C-,THDN,THEA,202410,FR,THEA 26012,CotA,CotA,1.7,4.0,FR/SO Intervention Needed
64373,64373,Stopped Attending - Failed,MDJ,20627,KC,SF,F,MDJ,VCD,202410,JR,MDJ 20627,CCI,CCI,0.0,0.0,JR/SR Intervention Needed
64374,64374,Registered,MDJ,20627,KC,F,F,MDJ,DMP,202410,SR,MDJ 20627,CCI,CCI,0.0,0.0,JR/SR Intervention Needed
64387,64387,Registered,MDJ,20627,KC,D,C,MDJ,DMP,202410,SO,MDJ 20627,CCI,CCI,2.0,1.0,FR/SO Intervention Needed
64397,64397,Registered,MDJ,20627,KC,A,D,MDJ,DMP,202410,SO,MDJ 20627,CCI,CCI,1.0,4.0,FR/SO Intervention Needed
77337,77337,Registered,THEA,26012,KC,C,F,THDN,COMM,202410,SO,THEA 26012,CCI,CotA,0.0,2.0,FR/SO Intervention Needed
6021,6021,Registered,ARCH,15217,KC,F,C-,ARCH,ARCH,202410,FR,ARCH 15217,CAED,CAED,1.7,0.0,FR/SO Intervention Needed
40073,40073,Registered,FDM,24923,KC,D,F,FDM,FD,202410,SO,FDM 24923,CotA,CotA,0.0,1.0,FR/SO Intervention Needed
40068,40068,Registered,FDM,24923,KC,C,C,FDM,FD,202410,SO,FDM 24923,CotA,CotA,2.0,2.0,FR/SO Intervention Needed
40089,40089,Std Withdrawn,FDM,24923,KC,W,SF,FDM,FD,202410,FR,FDM 24923,CotA,CotA,0.0,0.0,FR/SO Intervention Needed
40090,40090,Registered,FDM,24923,KC,C+,D,FDM,FD,202410,FR,FDM 24923,CotA,CotA,1.0,2.3,FR/SO Intervention Needed
40092,40092,Registered,FDM,24923,KC,C,F,FDM,FM,202410,FR,FDM 24923,CotA,CotA,0.0,2.0,FR/SO Intervention Needed
40105,40105,Std Withdrawn,FDM,24923,KC,W,F,FDM,FD,202410,FR,FDM 24923,CotA,CotA,0.0,0.0,FR/SO Intervention Needed
40117,40117,Std Withdrawn,FDM,24923,KC,W,C,FDM,FD,202410,SO,FDM 24923,CotA,CotA,2.0,0.0,FR/SO Intervention Needed
40109,40109,Registered,FDM,24923,KC,C-,F,FDM,FD,202410,FR,FDM 24923,CotA,CotA,0.0,1.7,FR/SO Intervention Needed
40144,40144,Registered,FDM,24923,KC,B,C-,FDM,FD,202410,SO,FDM 24923,CotA,CotA,1.7,3.0,FR/SO Intervention Needed
40145,40145,Registered,FDM,24923,KC,B+,C-,FDM,FD,202410,FR,FDM 24923,CotA,CotA,1.7,3.3,FR/SO Intervention Needed
40149,40149,Registered,FDM,24923,KC,D,F,FDM,FD,202410,SO,FDM 24923,CotA,CotA,0.0,1.0,FR/SO Intervention Needed
40151,40151,Registered,FDM,24923,KC,B-,C,FDM,FD,202410,FR,FDM 24923,CotA,CotA,2.0,2.7,FR/SO Intervention Needed
40153,40153,Registered,FDM,24923,KC,B+,C-,FDM,FD,202410,FR,FDM 24923,CotA,CotA,1.7,3.3,FR/SO Intervention Needed
40154,40154,Registered,FDM,24923,KC,B,C,FDM,FD,202410,FR,FDM 24923,CotA,CotA,2.0,3.0,FR/SO Intervention Needed
40161,40161,Registered,FDM,24923,KC,C,C-,FDM,FD,202410,FR,FDM 24923,CotA,CotA,1.7,2.0,FR/SO Intervention Needed
40170,40170,Registered,FDM,24923,KC,C+,C,FDM,FD,202410,FR,FDM 24923,CotA,CotA,2.0,2.3,FR/SO Intervention Needed
40177,40177,Registered,FDM,24923,KC,C,D,FDM,FD,202410,FR,FDM 24923,CotA,CotA,1.0,2.0,FR/SO Intervention Needed
40183,40183,Stopped Attending - Failed,FDM,24923,KC,SF,F,FDM,FD,202410,FR,FDM 24923,CotA,CotA,0.0,0.0,FR/SO Intervention Needed
40188,40188,Stopped Attending - Failed,FDM,24923,KC,SF,F,FDM,FM,202410,SO,FDM 24923,CotA,CotA,0.0,0.0,FR/SO Intervention Needed
40197,40197,Std Withdrawn,FDM,24923,KC,W,F,FDM,FD,202410,FR,FDM 24923,CotA,CotA,0.0,0.0,FR/SO Intervention Needed
40199,40199,Registered,FDM,24923,KC,C-,C,FDM,FD,202410,SO,FDM 24923,CotA,CotA,2.0,1.7,FR/SO Intervention Needed
40208,40208,Registered,FDM,24923,KC,C,C,FDM,FD,202410,FR,FDM 24923,CotA,CotA,2.0,2.0,FR/SO Intervention Needed
40219,40219,Registered,FDM,24923,KC,D,D+,FDM,FD,202410,FR,FDM 24923,CotA,CotA,1.3,1.0,FR/SO Intervention Needed
40244,40244,Registered,FDM,24923,KC,B-,F,FDM,FD,202410,FR,FDM 24923,CotA,CotA,0.0,2.7,FR/SO Intervention Needed
48536,48536,Registered,FDM,29003,KC,C+,D+,FDM,FD,202410,SO,FDM 29003,CotA,CotA,1.3,2.3,FR/SO Intervention Needed
48493,48493,Registered,FDM,29003,KC,F,F,FDM,FD,202410,SO,FDM 29003,CotA,CotA,0.0,0.0,FR/SO Intervention Needed
48467,48467,Std Withdrawn,FDM,29003,KC,W,SF,FDM,FM,202410,JR,FDM 29003,CotA,CotA,0.0,0.0,JR/SR Intervention Needed
48477,48477,Registered,FDM,29003,KC,C+,F,FDM,FM,202410,JR,FDM 29003,CotA,CotA,0.0,2.3,JR/SR Intervention Needed
48450,48450,Registered,FDM,29003,KC,B,C-,FDM,FD,202410,SO,FDM 29003,CotA,CotA,1.7,3.0,FR/SO Intervention Needed
48453,48453,Registered,FDM,29003,KC,C,F,FDM,FD,202410,SO,FDM 29003,CotA,CotA,0.0,2.0,FR/SO Intervention Needed
48463,48463,Registered,FDM,29003,KC,D+,F,FDM,FD,202410,SO,FDM 29003,CotA,CotA,0.0,1.3,FR/SO Intervention Needed
48446,48446,Registered,FDM,29003,KC,C-,C,FDM,FD,202410,SO,FDM 29003,CotA,CotA,2.0,1.7,FR/SO Intervention Needed
48419,48419,Registered,FDM,29003,KC,D,F,FDM,FD,202410,JR,FDM 29003,CotA,CotA,0.0,1.0,JR/SR Intervention Needed
48403,48403,Registered,FDM,29003,KC,C,F,FDM,FD,202410,SO,FDM 29003,CotA,CotA,0.0,2.0,FR/SO Intervention Needed
48391,48391,Registered,FDM,29003,KC,A-,C-,FDM,FD,202410,SO,FDM 29003,CotA,CotA,1.7,3.7,FR/SO Intervention Needed
6031,6031,Std Withdrawn,ARCH,15217,KC,W,SF,ARCH,ARCH,202410,SO,ARCH 15217,CAED,CAED,0.0,0.0,FR/SO Intervention Needed
48393,48393,Registered,FDM,29003,KC,F,C,FDM,FD,202410,SO,FDM 29003,CotA,CotA,2.0,0.0,FR/SO Intervention Needed
6041,6041,Stopped Attending - Failed,ARCH,15217,KC,SF,SF,ARCH,ARCH,202410,FR,ARCH 15217,CAED,CAED,0.0,0.0,FR/SO Intervention Needed
6088,6088,Registered,ARCH,15217,KC,A,C,ARCH,ARCH,202410,SO,ARCH 15217,CAED,CAED,2.0,4.0,FR/SO Intervention Needed
6091,6091,Registered,ARCH,15217,KC,C,C,ARCH,ARCS,202410,SO,ARCH 15217,CAED,CAED,2.0,2.0,FR/SO Intervention Needed
6096,6096,Registered,ARCH,15217,KC,C+,D,ARCH,ARCH,202410,SO,ARCH 15217,CAED,CAED,1.0,2.3,FR/SO Intervention Needed
6134,6134,Std Withdrawn,ARCH,15217,KC,W,F,ARCH,ARCH,202410,FR,ARCH 15217,CAED,CAED,0.0,0.0,FR/SO Intervention Needed
6156,6156,Registered,ARCH,15217,KC,B-,F,ARCH,ARCH,202410,FR,ARCH 15217,CAED,CAED,0.0,2.7,FR/SO Intervention Needed
6143,6143,Std Withdrawn,ARCH,15217,KC,W,C,ARCH,ARCH,202410,FR,ARCH 15217,CAED,CAED,2.0,0.0,FR/SO Intervention Needed
6145,6145,Registered,ARCH,15217,KC,C-,C-,ARCH,COMA,202410,SO,ARCH 15217,CAED,CAED,1.7,1.7,FR/SO Intervention Needed
14818,14818,Registered,ARTH,17400,KC,C,C,ART,FD,202410,SO,ARTH 17400,CotA,CotA,2.0,2.0,FR/SO Intervention Needed
14821,14821,Registered,ARTH,17400,KC,C+,F,ART,PHOT,202410,SO,ARTH 17400,CCI,CotA,0.0,2.3,FR/SO Intervention Needed
14770,14770,Registered,ARTH,17400,KC,F,D,ART,FD,202410,FR,ARTH 17400,CotA,CotA,1.0,0.0,FR/SO Intervention Needed
14779,14779,Registered,ARTH,17400,KC,B,C,ART,ID,202410,FR,ARTH 17400,CAED,CotA,2.0,3.0,FR/SO Intervention Needed
14763,14763,Registered,ARTH,17400,KC,D,C-,ART,ID,202410,SO,ARTH 17400,CAED,CotA,1.7,1.0,FR/SO Intervention Needed
14775,14775,Stopped Attending - Failed,ARTH,17400,KC,SF,SF,ART,FD,202410,SO,ARTH 17400,CotA,CotA,0.0,0.0,FR/SO Intervention Needed
14747,14747,Registered,ARTH,17400,KC,C+,C-,ART,FD,202410,FR,ARTH 17400,CotA,CotA,1.7,2.3,FR/SO Intervention Needed
64880,64880,Std Withdrawn,MDJ,22796,KC,W,D,MDJ,DMP,202410,SO,MDJ 22796,CCI,CCI,1.0,0.0,FR/SO Intervention Needed
14743,14743,Registered,ARTH,17400,KC,B,C-,ART,FD,202410,SO,ARTH 17400,CotA,CotA,1.7,3.0,FR/SO Intervention Needed
64890,64890,Registered,MDJ,22796,KC,B-,F,MDJ,DMP,202410,SR,MDJ 22796,CCI,CCI,0.0,2.7,JR/SR Intervention Needed
64877,64877,Stopped Attending - Failed,MDJ,22796,KC,SF,F,MDJ,DMP,202410,JR,MDJ 22796,CCI,CCI,0.0,0.0,JR/SR Intervention Needed
14715,14715,Registered,ARTH,17400,KC,F,F,ART,SART,202410,SR,ARTH 17400,CotA,CotA,0.0,0.0,JR/SR Intervention Needed
7192,7192,Registered,ARCH,14841,KC,C,F,ARCH,ARCH,202410,FR,ARCH 14841,CAED,CAED,0.0,2.0,FR/SO Intervention Needed
14714,14714,Registered,ARTH,17400,KC,B,C-,ART,FM,202410,FR,ARTH 17400,CotA,CotA,1.7,3.0,FR/SO Intervention Needed
76125,76125,Registered,MUS,22669,KC,B-,D,MUS,MUED,202410,FR,MUS 22669,CotA,CotA,1.0,2.7,FR/SO Intervention Needed
76141,76141,Registered,MUS,22669,KC,F,D,MUS,MUED,202410,FR,MUS 22669,CotA,CotA,1.0,0.0,FR/SO Intervention Needed
76136,76136,Registered,MUS,22669,KC,B,C,MUS,MUED,202410,FR,MUS 22669,CotA,CotA,2.0,3.0,FR/SO Intervention Needed
76140,76140,Registered,MUS,22669,KC,C,D,MUS,MUED,202410,FR,MUS 22669,CotA,CotA,1.0,2.0,FR/SO Intervention Needed
76109,76109,Registered,MUS,22669,KC,C+,C-,MUS,MUED,202410,SO,MUS 22669,CotA,CotA,1.7,2.3,FR/SO Intervention Needed
76112,76112,Registered,MUS,22669,KC,D+,F,MUS,MUED,202410,FR,MUS 22669,CotA,CotA,0.0,1.3,FR/SO Intervention Needed
14672,14672,Registered,ARTH,17400,KC,C,C,ART,FD,202410,SO,ARTH 17400,CotA,CotA,2.0,2.0,FR/SO Intervention Needed
7226,7226,Registered,ARCH,14841,KC,C,C,ARCH,ARCH,202410,FR,ARCH 14841,CAED,CAED,2.0,2.0,FR/SO Intervention Needed
14648,14648,Registered,ARTH,17400,KC,B,F,ART,FD,202410,FR,ARTH 17400,CotA,CotA,0.0,3.0,FR/SO Intervention Needed
65191,65191,Registered,MDJ,25459,KC,A,F,MDJ,DMP,202410,JR,MDJ 25459,CCI,CCI,0.0,4.0,JR/SR Intervention Needed
14647,14647,Registered,ARTH,17400,KC,A,F,ART,ARTE,202410,FR,ARTH 17400,CotA,CotA,0.0,4.0,FR/SO Intervention Needed
65203,65203,Registered,MDJ,25459,KC,B,C,MDJ,DMP,202410,SO,MDJ 25459,CCI,CCI,2.0,3.0,FR/SO Intervention Needed
47773,47773,Stopped Attending - Failed,FDM,12681,KC,SF,F,FDM,FD,202410,FR,FDM 12681,CotA,CotA,0.0,0.0,FR/SO Intervention Needed
47745,47745,Registered,FDM,12681,KC,F,D+,FDM,FD,202410,FR,FDM 12681,CotA,CotA,1.3,0.0,FR/SO Intervention Needed
47748,47748,Registered,FDM,12681,KC,C,C-,FDM,FD,202410,FR,FDM 12681,CotA,CotA,1.7,2.0,FR/SO Intervention Needed
47762,47762,Registered,FDM,12681,KC,C,C,FDM,FD,202410,FR,FDM 12681,CotA,CotA,2.0,2.0,FR/SO Intervention Needed
47729,47729,Registered,FDM,12681,KC,B+,C,FDM,FD,202410,FR,FDM 12681,CotA,CotA,2.0,3.3,FR/SO Intervention Needed
47772,47772,Registered,FDM,12681,KC,C,F,FDM,FD,202410,SO,FDM 12681,CotA,CotA,0.0,2.0,FR/SO Intervention Needed
47717,47717,Registered,FDM,12681,KC,C+,C,FDM,FD,202410,FR,FDM 12681,CotA,CotA,2.0,2.3,FR/SO Intervention Needed
47750,47750,Registered,FDM,12681,KC,A-,C-,FDM,FD,202410,FR,FDM 12681,CotA,CotA,1.7,3.7,FR/SO Intervention Needed
47756,47756,Registered,FDM,12681,KC,D,F,FDM,FD,202410,JR,FDM 12681,CotA,CotA,0.0,1.0,JR/SR Intervention Needed
47701,47701,Registered,FDM,12681,KC,C,D+,FDM,FD,202410,FR,FDM 12681,CotA,CotA,1.3,2.0,FR/SO Intervention Needed
47684,47684,Registered,FDM,12681,KC,B+,C,FDM,FD,202410,SO,FDM 12681,CotA,CotA,2.0,3.3,FR/SO Intervention Needed
47685,47685,Registered,FDM,12681,KC,C+,D,FDM,FD,202410,FR,FDM 12681,CotA,CotA,1.0,2.3,FR/SO Intervention Needed
47718,47718,Registered,FDM,12681,KC,B,C,FDM,FD,202410,FR,FDM 12681,CotA,CotA,2.0,3.0,FR/SO Intervention Needed
47663,47663,Registered,FDM,12681,KC,A-,C,FDM,FD,202410,FR,FDM 12681,CotA,CotA,2.0,3.7,FR/SO Intervention Needed
47664,47664,Registered,FDM,12681,KC,F,F,FDM,FD,202410,FR,FDM 12681,CotA,CotA,0.0,0.0,FR/SO Intervention Needed
47671,47671,Admin Dropped,FDM,12681,KC,DR,F,FDM,FD,202410,FR,FDM 12681,CotA,CotA,0.0,NaN,FR/SO Intervention Needed
47687,47687,Stopped Attending - Failed,FDM,12681,KC,SF,F,FDM,FD,202410,FR,FDM 12681,CotA,CotA,0.0,0.0,FR/SO Intervention Needed
47691,47691,Registered,FDM,12681,KC,C+,C-,FDM,FD,202410,FR,FDM 12681,CotA,CotA,1.7,2.3,FR/SO Intervention Needed
14591,14591,Registered,ARTH,17400,KC,F,F,ART,SART,202410,JR,ARTH 17400,CotA,CotA,0.0,0.0,JR/SR Intervention Needed
14600,14600,Registered,ARTH,17400,KC,C,C-,ART,ARTE,202410,FR,ARTH 17400,CotA,CotA,1.7,2.0,FR/SO Intervention Needed
14609,14609,Registered,ARTH,17400,KC,C+,D,ART,ARTE,202410,FR,ARTH 17400,CotA,CotA,1.0,2.3,FR/SO Intervention Needed
65545,65545,Std Withdrawn,MDJ,28984,KC,W,F,MDJ,FM,202410,JR,MDJ 28984,CotA,CCI,0.0,0.0,JR/SR Intervention Needed
14566,14566,Registered,ARTH,17400,KC,F,D,ART,ARTE,202410,SO,ARTH 17400,CotA,CotA,1.0,0.0,FR/SO Intervention Needed
65527,65527,Registered,MDJ,28984,KC,B,C,MDJ,FM,202410,SO,MDJ 28984,CotA,CCI,2.0,3.0,FR/SO Intervention Needed
65576,65576,Registered,MDJ,28984,KC,B-,F,MDJ,COMM,202410,SO,MDJ 28984,CCI,CCI,0.0,2.7,FR/SO Intervention Needed
65522,65522,Registered,MDJ,28984,KC,A,C,MDJ,PR,202410,FR,MDJ 28984,CCI,CCI,2.0,4.0,FR/SO Intervention Needed
65549,65549,Registered,MDJ,28984,KC,F,F,MDJ,FM,202410,SO,MDJ 28984,CotA,CCI,0.0,0.0,FR/SO Intervention Needed
65597,65597,Std Withdrawn,MDJ,28984,KC,W,F,MDJ,FM,202410,SO,MDJ 28984,CotA,CCI,0.0,0.0,FR/SO Intervention Needed
65604,65604,Registered,MDJ,28984,KC,C-,C,MDJ,JNL,202410,SO,MDJ 28984,CCI,CCI,2.0,1.7,FR/SO Intervention Needed
66248,66248,Registered,MDJ,25865,KC,C+,F,MDJ,COMM,202410,JR,MDJ 25865,CCI,CCI,0.0,2.3,JR/SR Intervention Needed
66242,66242,Registered,MDJ,25865,KC,A,C,MDJ,JNL,202410,FR,MDJ 25865,CCI,CCI,2.0,4.0,FR/SO Intervention Needed
66243,66243,Registered,MDJ,25865,KC,B,D+,MDJ,JNL,202410,SO,MDJ 25865,CCI,CCI,1.3,3.0,FR/SO Intervention Needed
66253,66253,Registered,MDJ,25865,KC,F,F,MDJ,PR,202410,SR,MDJ 25865,CCI,CCI,0.0,0.0,JR/SR Intervention Needed
66256,66256,Registered,MDJ,25865,KC,C-,D+,MDJ,JNL,202410,SO,MDJ 25865,CCI,CCI,1.3,1.7,FR/SO Intervention Needed
66508,66508,Std Withdrawn,MDJ,21449,KC,W,F,MDJ,PR,202410,SO,MDJ 21449,CCI,CCI,0.0,0.0,FR/SO Intervention Needed
66254,66254,Std Withdrawn,MDJ,25865,KC,W,F,MDJ,PR,202410,SO,MDJ 25865,CCI,CCI,0.0,0.0,FR/SO Intervention Needed
66493,66493,Registered,MDJ,21449,KC,,C-,MDJ,JNL,202410,SO,MDJ 21449,CCI,CCI,1.7,,FR/SO Intervention Needed
66529,66529,Registered,MDJ,21449,KC,C+,F,MDJ,PR,202410,JR,MDJ 21449,CCI,CCI,0.0,2.3,JR/SR Intervention Needed
66882,66882,Registered,MDJ,12683,KC,A-,F,MDJ,FM,202410,SO,MDJ 12683,CotA,CCI,0.0,3.7,FR/SO Intervention Needed
66886,66886,Registered,MDJ,12683,KC,B,D+,MDJ,DMP,202410,SO,MDJ 12683,CCI,CCI,1.3,3.0,FR/SO Intervention Needed
66889,66889,Registered,MDJ,12683,KC,B-,D+,MDJ,COMM,202410,FR,MDJ 12683,CCI,CCI,1.3,2.7,FR/SO Intervention Needed
46524,46524,Registered,FDM,11617,KC,A,C,FDM,FM,202410,FR,FDM 11617,CotA,CotA,2.0,4.0,FR/SO Intervention Needed
46527,46527,Registered,FDM,11617,KC,B+,C-,FDM,FD,202410,SO,FDM 11617,CotA,CotA,1.7,3.3,FR/SO Intervention Needed
46503,46503,Registered,FDM,11617,KC,C+,C,FDM,FM,202410,SO,FDM 11617,CotA,CotA,2.0,2.3,FR/SO Intervention Needed
46492,46492,Registered,FDM,11617,KC,C,C,FDM,FD,202410,SO,FDM 11617,CotA,CotA,2.0,2.0,FR/SO Intervention Needed
46483,46483,Registered,FDM,11617,KC,B,C,FDM,FM,202410,SO,FDM 11617,CotA,CotA,2.0,3.0,FR/SO Intervention Needed
46461,46461,Stopped Attending - Failed,FDM,11617,KC,SF,F,FDM,FD,202410,SO,FDM 11617,CotA,CotA,0.0,0.0,FR/SO Intervention Needed
46468,46468,Registered,FDM,11617,KC,F,F,FDM,FD,202410,SO,FDM 11617,CotA,CotA,0.0,0.0,FR/SO Intervention Needed
73751,73751,Registered,MUS,23241,KC,A,F,MUS,MUT,202410,FR,MUS 23241,CotA,CotA,0.0,4.0,FR/SO Intervention Needed
41591,41591,Std Withdrawn,FDM,29298,KC,W,F,FDM,FD,202410,FR,FDM 29298,CotA,CotA,0.0,0.0,FR/SO Intervention Needed
73740,73740,Registered,MUS,23241,KC,B-,F,MUS,FM,202410,FR,MUS 23241,CotA,CotA,0.0,2.7,FR/SO Intervention Needed
41610,41610,Registered,FDM,29298,KC,B,C,FDM,FD,202410,FR,FDM 29298,CotA,CotA,2.0,3.0,FR/SO Intervention Needed
41612,41612,Registered,FDM,29298,KC,C-,D,FDM,FD,202410,FR,FDM 29298,CotA,CotA,1.0,1.7,FR/SO Intervention Needed
41585,41585,Registered,FDM,29298,KC,C,C,FDM,FD,202410,FR,FDM 29298,CotA,CotA,2.0,2.0,FR/SO Intervention Needed
41622,41622,Registered,FDM,29298,KC,B+,F,FDM,FD,202410,FR,FDM 29298,CotA,CotA,0.0,3.3,FR/SO Intervention Needed
41599,41599,Registered,FDM,29298,KC,B-,C-,FDM,FD,202410,SO,FDM 29298,CotA,CotA,1.7,2.7,FR/SO Intervention Needed
41617,41617,Registered,FDM,29298,KC,F,F,FDM,FD,202410,SO,FDM 29298,CotA,CotA,0.0,0.0,FR/SO Intervention Needed
41631,41631,Registered,FDM,29298,KC,B-,C-,FDM,FD,202410,FR,FDM 29298,CotA,CotA,1.7,2.7,FR/SO Intervention Needed
41647,41647,Registered,FDM,29298,KC,B,D+,FDM,FD,202410,SO,FDM 29298,CotA,CotA,1.3,3.0,FR/SO Intervention Needed
41649,41649,Registered,FDM,29298,KC,C,C,FDM,FD,202410,FR,FDM 29298,CotA,CotA,2.0,2.0,FR/SO Intervention Needed
41685,41685,Registered,FDM,29298,KC,F,C,FDM,FD,202410,FR,FDM 29298,CotA,CotA,2.0,0.0,FR/SO Intervention Needed
41705,41705,Registered,FDM,29298,KC,C,C-,FDM,FD,202410,FR,FDM 29298,CotA,CotA,1.7,2.0,FR/SO Intervention Needed
41681,41681,Registered,FDM,29298,KC,B-,C-,FDM,FM,202410,FR,FDM 29298,CotA,CotA,1.7,2.7,FR/SO Intervention Needed
41738,41738,Registered,FDM,29298,KC,C,C,FDM,FD,202410,SO,FDM 29298,CotA,CotA,2.0,2.0,FR/SO Intervention Needed
41769,41769,Std Withdrawn,FDM,29298,KC,W,F,FDM,FD,202410,SO,FDM 29298,CotA,CotA,0.0,0.0,FR/SO Intervention Needed
41743,41743,Registered,FDM,29298,KC,F,F,FDM,FD,202410,FR,FDM 29298,CotA,CotA,0.0,0.0,FR/SO Intervention Needed
41759,41759,Stopped Attending - Failed,FDM,29298,KC,SF,F,FDM,FD,202410,JR,FDM 29298,CotA,CotA,0.0,0.0,JR/SR Intervention Needed
46436,46436,Registered,FDM,11617,KC,,F,FDM,FD,202410,SO,FDM 11617,CotA,CotA,0.0,,FR/SO Intervention Needed
46429,46429,Registered,FDM,11617,KC,B-,C,FDM,FD,202410,FR,FDM 11617,CotA,CotA,2.0,2.7,FR/SO Intervention Needed
46434,46434,Std Withdrawn,FDM,11617,KC,W,F,FDM,FM,202410,FR,FDM 11617,CotA,CotA,0.0,0.0,FR/SO Intervention Needed
46412,46412,Registered,FDM,11617,KC,A-,D+,FDM,FD,202410,SO,FDM 11617,CotA,CotA,1.3,3.7,FR/SO Intervention Needed
46417,46417,Registered,FDM,11617,KC,B,C,FDM,FD,202410,FR,FDM 11617,CotA,CotA,2.0,3.0,FR/SO Intervention Needed
46389,46389,Registered,FDM,11617,KC,F,F,FDM,FM,202410,FR,FDM 11617,CotA,CotA,0.0,0.0,FR/SO Intervention Needed
46400,46400,Registered,FDM,11617,KC,B-,D,FDM,FM,202410,FR,FDM 11617,CotA,CotA,1.0,2.7,FR/SO Intervention Needed
46379,46379,Registered,FDM,11617,KC,F,F,FDM,FD,202410,FR,FDM 11617,CotA,CotA,0.0,0.0,FR/SO Intervention Needed
46380,46380,Registered,FDM,11617,KC,F,F,FDM,FD,202410,FR,FDM 11617,CotA,CotA,0.0,0.0,FR/SO Intervention Needed
46361,46361,Registered,FDM,11617,KC,D,D,FDM,FD,202410,SO,FDM 11617,CotA,CotA,1.0,1.0,FR/SO Intervention Needed
67306,67306,Std Withdrawn,MUS,10469,KC,W,D,MUS,MUS,202410,FR,MUS 10469,CotA,CotA,1.0,0.0,FR/SO Intervention Needed
67288,67288,Registered,MUS,10469,KC,C-,C,MUS,MUED,202410,SO,MUS 10469,CotA,CotA,2.0,1.7,FR/SO Intervention Needed
46355,46355,Registered,FDM,11617,KC,D+,C,FDM,FD,202410,FR,FDM 11617,CotA,CotA,2.0,1.3,FR/SO Intervention Needed
67295,67295,Registered,MUS,10469,KC,F,F,MUS,MUED,202410,FR,MUS 10469,CotA,CotA,0.0,0.0,FR/SO Intervention Needed
67300,67300,Registered,MUS,10469,KC,B,C,MUS,MUED,202410,SO,MUS 10469,CotA,CotA,2.0,3.0,FR/SO Intervention Needed
67302,67302,Registered,MUS,10469,KC,F,F,MUS,MUS,202410,SO,MUS 10469,CotA,CotA,0.0,0.0,FR/SO Intervention Needed
67313,67313,Registered,MUS,10469,KC,B-,C,MUS,MUED,202410,FR,MUS 10469,CotA,CotA,2.0,2.7,FR/SO Intervention Needed
67317,67317,Std Withdrawn,MUS,10469,KC,W,F,MUS,MUED,202410,FR,MUS 10469,CotA,CotA,0.0,0.0,FR/SO Intervention Needed
67500,67500,Registered,MUS,20682,KC,D+,D+,MUS,THEA,202410,SO,MUS 20682,CotA,CotA,1.3,1.3,FR/SO Intervention Needed
67498,67498,Registered,MUS,20682,KC,F,C-,MUS,MUST,202410,FR,MUS 20682,CotA,CotA,1.7,0.0,FR/SO Intervention Needed
67930,67930,Registered,MUS,28740,KC,C,C-,MUS,MUS,202410,SO,MUS 28740,CotA,CotA,1.7,2.0,FR/SO Intervention Needed
67934,67934,Registered,MUS,28740,KC,A,F,MUS,MUED,202410,SO,MUS 28740,CotA,CotA,0.0,4.0,FR/SO Intervention Needed
67935,67935,Registered,MUS,28740,KC,B-,C,MUS,MUED,202410,SO,MUS 28740,CotA,CotA,2.0,2.7,FR/SO Intervention Needed
73701,73701,Std Withdrawn,MUS,23241,KC,W,F,MUS,FM,202410,FR,MUS 23241,CotA,CotA,0.0,0.0,FR/SO Intervention Needed
67922,67922,Registered,MUS,28740,KC,A-,C-,MUS,MUS,202410,SO,MUS 28740,CotA,CotA,1.7,3.7,FR/SO Intervention Needed
67923,67923,Registered,MUS,28740,KC,F,F,MUS,MUED,202410,JR,MUS 28740,CotA,CotA,0.0,0.0,JR/SR Intervention Needed
73605,73605,Registered,MUS,23241,KC,C,C,MUS,COMA,202410,FR,MUS 23241,CAED,CotA,2.0,2.0,FR/SO Intervention Needed
73495,73495,Registered,MUS,23241,KC,F,C-,MUS,MUED,202410,FR,MUS 23241,CotA,CotA,1.7,0.0,FR/SO Intervention Needed
73478,73478,Registered,MUS,23241,KC,A,C,MUS,MUED,202410,FR,MUS 23241,CotA,CotA,2.0,4.0,FR/SO Intervention Needed
73479,73479,Registered,MUS,23241,KC,B-,C,MUS,MUED,202410,SO,MUS 23241,CotA,CotA,2.0,2.7,FR/SO Intervention Needed
73488,73488,Registered,MUS,23241,KC,D,D+,MUS,MUED,202410,SO,MUS 23241,CotA,CotA,1.3,1.0,FR/SO Intervention Needed
73472,73472,Registered,MUS,23241,KC,C+,F,MUS,MUED,202410,SO,MUS 23241,CotA,CotA,0.0,2.3,FR/SO Intervention Needed
73483,73483,Registered,MUS,23241,KC,F,C-,MUS,MUED,202410,SO,MUS 23241,CotA,CotA,1.7,0.0,FR/SO Intervention Needed
73453,73453,Registered,MUS,23241,KC,B,F,MUS,MUED,202410,FR,MUS 23241,CotA,CotA,0.0,3.0,FR/SO Intervention Needed
73431,73431,Registered,MUS,23241,KC,C-,C,MUS,FM,202410,FR,MUS 23241,CotA,CotA,2.0,1.7,FR/SO Intervention Needed
73468,73468,Registered,MUS,23241,KC,C+,C,MUS,MUED,202410,FR,MUS 23241,CotA,CotA,2.0,2.3,FR/SO Intervention Needed
73287,73287,Registered,MUS,23241,KC,C-,D,MUS,MUED,202410,FR,MUS 23241,CotA,CotA,1.0,1.7,FR/SO Intervention Needed
73298,73298,Registered,MUS,23241,KC,F,D,MUS,DMP,202410,SO,MUS 23241,CCI,CotA,1.0,0.0,FR/SO Intervention Needed
73284,73284,Registered,MUS,23241,KC,C-,C-,MUS,COMM,202410,SO,MUS 23241,CCI,CotA,1.7,1.7,FR/SO Intervention Needed
7272,7272,Registered,ARCH,14841,KC,C,C,ARCH,ARCH,202410,FR,ARCH 14841,CAED,CAED,2.0,2.0,FR/SO Intervention Needed
7248,7248,Registered,ARCH,14841,KC,B-,D,ARCH,ARCH,202410,FR,ARCH 14841,CAED,CAED,1.0,2.7,FR/SO Intervention Needed
7281,7281,Registered,ARCH,14841,KC,D,F,ARCH,ARCH,202410,FR,ARCH 14841,CAED,CAED,0.0,1.0,FR/SO Intervention Needed
7282,7282,Registered,ARCH,14841,KC,F,D,ARCH,ARCH,202410,FR,ARCH 14841,CAED,CAED,1.0,0.0,FR/SO Intervention Needed
7257,7257,Registered,ARCH,14841,KC,D,F,ARCH,ARCH,202410,FR,ARCH 14841,CAED,CAED,0.0,1.0,FR/SO Intervention Needed
7261,7261,Registered,ARCH,14841,KC,C-,C,ARCH,ARCH,202410,FR,ARCH 14841,CAED,CAED,2.0,1.7,FR/SO Intervention Needed
12434,12434,Std Withdrawn,ARTH,12842,KC,W,F,ART,FD,202410,SO,ARTH 12842,CotA,CotA,0.0,0.0,FR/SO Intervention Needed
12418,12418,Registered,ARTH,12842,KC,F,F,ART,ARTE,202410,SR,ARTH 12842,CotA,CotA,0.0,0.0,JR/SR Intervention Needed
12400,12400,Registered,ARTH,12842,KC,A-,C,ART,FM,202410,FR,ARTH 12842,CotA,CotA,2.0,3.7,FR/SO Intervention Needed
12402,12402,Registered,ARTH,12842,KC,D,F,ART,FD,202410,FR,ARTH 12842,CotA,CotA,0.0,1.0,FR/SO Intervention Needed
12382,12382,Registered,ARTH,12842,KC,F,F,ART,ARTE,202410,FR,ARTH 12842,CotA,CotA,0.0,0.0,FR/SO Intervention Needed
12363,12363,Registered,ARTH,12842,KC,B,C,ART,SART,202410,FR,ARTH 12842,CotA,CotA,2.0,3.0,FR/SO Intervention Needed
12345,12345,Registered,ARTH,12842,KC,B-,F,ART,FD,202410,SR,ARTH 12842,CotA,CotA,0.0,2.7,JR/SR Intervention Needed
12348,12348,Registered,ARTH,12842,KC,D+,D,ART,PHOT,202410,FR,ARTH 12842,CCI,CotA,1.0,1.3,FR/SO Intervention Needed
8040,8040,Registered,ARCH,29604,KC,D,F,ARCH,ARCH,202410,JR,ARCH 29604,CAED,CAED,0.0,1.0,JR/SR Intervention Needed
8059,8059,Registered,ARCH,29604,KC,C+,F,ARCH,ARCH,202410,JR,ARCH 29604,CAED,CAED,0.0,2.3,JR/SR Intervention Needed
8092,8092,Registered,ARCH,29604,KC,B,D,ARCH,ARCH,202410,SO,ARCH 29604,CAED,CAED,1.0,3.0,FR/SO Intervention Needed
8108,8108,Registered,ARCH,29604,KC,C,C,ARCH,ARCH,202410,SO,ARCH 29604,CAED,CAED,2.0,2.0,FR/SO Intervention Needed
8084,8084,Registered,ARCH,29604,KC,B,C,ARCH,ARCH,202410,SO,ARCH 29604,CAED,CAED,2.0,3.0,FR/SO Intervention Needed
8085,8085,Registered,ARCH,29604,KC,C,C,ARCH,ARCH,202410,SO,ARCH 29604,CAED,CAED,2.0,2.0,FR/SO Intervention Needed
8095,8095,Registered,ARCH,29604,KC,B,C,ARCH,ARCH,202410,SO,ARCH 29604,CAED,CAED,2.0,3.0,FR/SO Intervention Needed
8100,8100,Registered,ARCH,29604,KC,F,F,ARCH,ARCH,202410,SO,ARCH 29604,CAED,CAED,0.0,0.0,FR/SO Intervention Needed
8104,8104,Stopped Attending - Failed,ARCH,29604,KC,SF,SF,ARCH,ARCH,202410,JR,ARCH 29604,CAED,CAED,0.0,0.0,JR/SR Intervention Needed
8107,8107,Registered,ARCH,29604,KC,D,F,ARCH,ARCH,202410,JR,ARCH 29604,CAED,CAED,0.0,1.0,JR/SR Intervention Needed
8398,8398,Stopped Attending - Failed,ARCH,14775,KC,SF,D,ARCH,ARCH,202410,SO,ARCH 14775,CAED,CAED,1.0,0.0,FR/SO Intervention Needed
8386,8386,Registered,ARCH,14775,KC,A,F,ARCH,ARCH,202410,JR,ARCH 14775,CAED,CAED,0.0,4.0,JR/SR Intervention Needed
8428,8428,Registered,ARCH,14775,KC,B-,C-,ARCH,ARCH,202410,SO,ARCH 14775,CAED,CAED,1.7,2.7,FR/SO Intervention Needed
8464,8464,Registered,ARCH,14775,KC,C,D,ARCH,ARCH,202410,SO,ARCH 14775,CAED,CAED,1.0,2.0,FR/SO Intervention Needed
8439,8439,Std Withdrawn,ARCH,14775,KC,W,F,ARCH,ARCH,202410,SR,ARCH 14775,CAED,CAED,0.0,0.0,JR/SR Intervention Needed
8474,8474,Registered,ARCH,14775,KC,F,D,ARCH,ARCH,202410,SO,ARCH 14775,CAED,CAED,1.0,0.0,FR/SO Intervention Needed
8482,8482,Registered,ARCH,14775,KC,C-,F,ARCH,ARCH,202410,JR,ARCH 14775,CAED,CAED,0.0,1.7,JR/SR Intervention Needed
12321,12321,Registered,ARTH,12842,KC,C+,C,ART,SART,202410,FR,ARTH 12842,CotA,CotA,2.0,2.3,FR/SO Intervention Needed
12329,12329,Registered,ARTH,12842,KC,F,D,ART,FD,202410,FR,ARTH 12842,CotA,CotA,1.0,0.0,FR/SO Intervention Needed
12254,12254,Registered,ARTH,12842,KC,B-,C,ART,ARTH,202410,FR,ARTH 12842,CotA,CotA,2.0,2.7,FR/SO Intervention Needed
44893,44893,Registered,FDM,13023,KC,A-,F,FDM,FM,202410,SO,FDM 13023,CotA,CotA,0.0,3.7,FR/SO Intervention Needed
44901,44901,Registered,FDM,13023,KC,C+,C-,FDM,FD,202410,SO,FDM 13023,CotA,CotA,1.7,2.3,FR/SO Intervention Needed
44905,44905,Registered,FDM,13023,KC,B-,C,FDM,FD,202410,SO,FDM 13023,CotA,CotA,2.0,2.7,FR/SO Intervention Needed
44880,44880,Registered,FDM,13023,KC,C-,D+,FDM,FM,202410,FR,FDM 13023,CotA,CotA,1.3,1.7,FR/SO Intervention Needed
44881,44881,Registered,FDM,13023,KC,C-,F,FDM,FD,202410,FR,FDM 13023,CotA,CotA,0.0,1.7,FR/SO Intervention Needed
9389,9389,Registered,ARCH,13310,KC,B,C,ARCH,ARCH,202410,SO,ARCH 13310,CAED,CAED,2.0,3.0,FR/SO Intervention Needed
9395,9395,Registered,ARCH,13310,KC,A-,F,ARCH,ARCH,202410,FR,ARCH 13310,CAED,CAED,0.0,3.7,FR/SO Intervention Needed
9398,9398,Registered,ARCH,13310,KC,C,D,ARCH,ARCH,202410,SO,ARCH 13310,CAED,CAED,1.0,2.0,FR/SO Intervention Needed
9429,9429,Registered,ARCH,13310,KC,C,D,ARCH,ARCH,202410,FR,ARCH 13310,CAED,CAED,1.0,2.0,FR/SO Intervention Needed
9416,9416,Registered,ARCH,13310,KC,B+,C,ARCH,ARCH,202410,FR,ARCH 13310,CAED,CAED,2.0,3.3,FR/SO Intervention Needed
9442,9442,Registered,ARCH,13310,KC,F,F,ARCH,ARCH,202410,FR,ARCH 13310,CAED,CAED,0.0,0.0,FR/SO Intervention Needed
9477,9477,Registered,ARCH,13310,KC,B-,C,ARCH,ARCH,202410,FR,ARCH 13310,CAED,CAED,2.0,2.7,FR/SO Intervention Needed
9451,9451,Registered,ARCH,13310,KC,C,C,ARCH,ARCH,202410,SO,ARCH 13310,CAED,CAED,2.0,2.0,FR/SO Intervention Needed
9459,9459,Registered,ARCH,13310,KC,D+,D,ARCH,ARCH,202410,SO,ARCH 13310,CAED,CAED,1.0,1.3,FR/SO Intervention Needed
9469,9469,Registered,ARCH,13310,KC,C,C,ARCH,ARCH,202410,SO,ARCH 13310,CAED,CAED,2.0,2.0,FR/SO Intervention Needed
44859,44859,Registered,FDM,13023,KC,D,F,FDM,FD,202410,FR,FDM 13023,CotA,CotA,0.0,1.0,FR/SO Intervention Needed
44860,44860,Registered,FDM,13023,KC,C-,D,FDM,FM,202410,FR,FDM 13023,CotA,CotA,1.0,1.7,FR/SO Intervention Needed
43131,43131,Registered,FDM,25884,KC,C,D,FDM,FD,202410,SO,FDM 25884,CotA,CotA,1.0,2.0,FR/SO Intervention Needed
44844,44844,Registered,FDM,13023,KC,F,D,FDM,FD,202410,FR,FDM 13023,CotA,CotA,1.0,0.0,FR/SO Intervention Needed
44813,44813,Std Withdrawn,FDM,13023,KC,W,SF,FDM,FD,202410,FR,FDM 13023,CotA,CotA,0.0,0.0,FR/SO Intervention Needed
44799,44799,Registered,FDM,13023,KC,B,D,FDM,FD,202410,FR,FDM 13023,CotA,CotA,1.0,3.0,FR/SO Intervention Needed
43137,43137,Registered,FDM,25884,KC,B-,C,FDM,FD,202410,SO,FDM 25884,CotA,CotA,2.0,2.7,FR/SO Intervention Needed
43162,43162,Registered,FDM,25884,KC,D+,D,FDM,FD,202410,FR,FDM 25884,CotA,CotA,1.0,1.3,FR/SO Intervention Needed
43180,43180,Registered,FDM,25884,KC,B+,D,FDM,FD,202410,FR,FDM 25884,CotA,CotA,1.0,3.3,FR/SO Intervention Needed
43150,43150,Registered,FDM,25884,KC,F,F,FDM,FM,202410,FR,FDM 25884,CotA,CotA,0.0,0.0,FR/SO Intervention Needed
43184,43184,Registered,FDM,25884,KC,B+,D+,FDM,FD,202410,FR,FDM 25884,CotA,CotA,1.3,3.3,FR/SO Intervention Needed
43215,43215,Registered,FDM,25884,KC,F,C-,FDM,FD,202410,FR,FDM 25884,CotA,CotA,1.7,0.0,FR/SO Intervention Needed
43258,43258,Registered,FDM,25884,KC,C-,C-,FDM,FM,202410,SO,FDM 25884,CotA,CotA,1.7,1.7,FR/SO Intervention Needed
43229,43229,Registered,FDM,25884,KC,F,F,FDM,FM,202410,FR,FDM 25884,CotA,CotA,0.0,0.0,FR/SO Intervention Needed
43272,43272,Registered,FDM,25884,KC,B-,C,FDM,FD,202410,SO,FDM 25884,CotA,CotA,2.0,2.7,FR/SO Intervention Needed
43288,43288,Registered,FDM,25884,KC,B,D,FDM,FD,202410,FR,FDM 25884,CotA,CotA,1.0,3.0,FR/SO Intervention Needed
43292,43292,Registered,FDM,25884,KC,B-,D+,FDM,FD,202410,FR,FDM 25884,CotA,CotA,1.3,2.7,FR/SO Intervention Needed
43308,43308,Registered,FDM,25884,KC,D,C,FDM,FD,202410,FR,FDM 25884,CotA,CotA,2.0,1.0,FR/SO Intervention Needed
44784,44784,Registered,FDM,13023,KC,F,D,FDM,FD,202410,FR,FDM 13023,CotA,CotA,1.0,0.0,FR/SO Intervention Needed
43313,43313,Registered,FDM,25884,KC,D+,D+,FDM,FM,202410,FR,FDM 25884,CotA,CotA,1.3,1.3,FR/SO Intervention Needed
44805,44805,Registered,FDM,13023,KC,F,F,FDM,FM,202410,FR,FDM 13023,CotA,CotA,0.0,0.0,FR/SO Intervention Needed
44806,44806,Registered,FDM,13023,KC,F,F,FDM,FD,202410,FR,FDM 13023,CotA,CotA,0.0,0.0,FR/SO Intervention Needed
44807,44807,Registered,FDM,13023,KC,F,F,FDM,FM,202410,SO,FDM 13023,CotA,CotA,0.0,0.0,FR/SO Intervention Needed
44791,44791,Registered,FDM,13023,KC,D,F,FDM,FM,202410,SO,FDM 13023,CotA,CotA,0.0,1.0,FR/SO Intervention Needed
44792,44792,Registered,FDM,13023,KC,A,F,FDM,FD,202410,FR,FDM 13023,CotA,CotA,0.0,4.0,FR/SO Intervention Needed
44766,44766,Registered,FDM,13023,KC,B,D,FDM,FD,202410,FR,FDM 13023,CotA,CotA,1.0,3.0,FR/SO Intervention Needed
44753,44753,Registered,FDM,13023,KC,C-,C,FDM,FD,202410,FR,FDM 13023,CotA,CotA,2.0,1.7,FR/SO Intervention Needed
44743,44743,Registered,FDM,13023,KC,F,F,FDM,FD,202410,SO,FDM 13023,CotA,CotA,0.0,0.0,FR/SO Intervention Needed
12208,12208,Registered,ARTH,12842,KC,F,F,ART,SART,202410,FR,ARTH 12842,CotA,CotA,0.0,0.0,FR/SO Intervention Needed
11081,11081,Stopped Attending - Failed,ART,20725,KC,SF,C-,ART,ARTE,202410,FR,ART 20725,CotA,CotA,1.7,0.0,FR/SO Intervention Needed
11064,11064,Registered,ART,20725,KC,B,F,ART,SART,202410,SO,ART 20725,CotA,CotA,0.0,3.0,FR/SO Intervention Needed
10716,10716,Registered,ART,21467,KC,B+,C,ART,SART,202410,SO,ART 21467,CotA,CotA,2.0,3.3,FR/SO Intervention Needed
10706,10706,Registered,ART,21467,KC,F,D,ART,SART,202410,FR,ART 21467,CotA,CotA,1.0,0.0,FR/SO Intervention Needed
10707,10707,Registered,ART,21467,KC,C-,C-,ART,SART,202410,SO,ART 21467,CotA,CotA,1.7,1.7,FR/SO Intervention Needed
10666,10666,Registered,ART,21467,KC,B+,C,ART,SART,202410,SO,ART 21467,CotA,CotA,2.0,3.3,FR/SO Intervention Needed
10669,10669,Registered,ART,21467,KC,B,D+,ART,SART,202410,SO,ART 21467,CotA,CotA,1.3,3.0,FR/SO Intervention Needed
10674,10674,Registered,ART,21467,KC,D+,C,ART,SART,202410,SO,ART 21467,CotA,CotA,2.0,1.3,FR/SO Intervention Needed
10204,10204,Registered,ART,29123,KC,A,C,ART,SART,202410,SO,ART 29123,CotA,CotA,2.0,4.0,FR/SO Intervention Needed
10211,10211,Registered,ART,29123,KC,B,F,ART,ARCH,202410,SR,ART 29123,CAED,CotA,0.0,3.0,JR/SR Intervention Needed
9944,9944,Registered,ARCS,29348,KC,C+,F,ARCH,ARCS,202410,JR,ARCS 29348,CAED,CAED,0.0,2.3,JR/SR Intervention Needed
69421,69421,Registered,MUS,12716,KC,C-,F,MUS,MUT,202410,JR,MUS 12716,CotA,CotA,0.0,1.7,JR/SR Intervention Needed
69497,69497,Registered,MUS,12716,KC,B-,C,MUS,FD,202410,SO,MUS 12716,CotA,CotA,2.0,2.7,FR/SO Intervention Needed
69503,69503,Registered,MUS,12716,KC,B,F,MUS,JNL,202410,SO,MUS 12716,CCI,CotA,0.0,3.0,FR/SO Intervention Needed
69571,69571,Std Withdrawn,MUS,12716,KC,W,F,MUS,VCD,202410,SO,MUS 12716,CCI,CotA,0.0,0.0,FR/SO Intervention Needed
55583,55583,Registered,ID,15409,KC,D,F,ARCH,ID,202410,JR,ID 15409,CAED,CAED,0.0,1.0,JR/SR Intervention Needed
55619,55619,Registered,ID,15409,KC,F,F,ARCH,ID,202410,SO,ID 15409,CAED,CAED,0.0,0.0,FR/SO Intervention Needed
55622,55622,Registered,ID,15409,KC,A,F,ARCH,ID,202410,JR,ID 15409,CAED,CAED,0.0,4.0,JR/SR Intervention Needed
69797,69797,Registered,MUS,12716,KC,D,D,MUS,FM,202480,FR,MUS 12716,CotA,CotA,1.0,1.0,FR/SO Intervention Needed
69863,69863,Registered,MUS,12716,KC,C,F,MUS,THEA,202480,JR,MUS 12716,CotA,CotA,0.0,2.0,JR/SR Intervention Needed
69872,69872,Registered,MUS,12716,KC,F,F,MUS,FD,202480,SR,MUS 12716,CotA,CotA,0.0,0.0,JR/SR Intervention Needed
69997,69997,Registered,MUS,12716,KC,F,F,MUS,MUS,202480,FR,MUS 12716,CotA,CotA,0.0,0.0,FR/SO Intervention Needed
70033,70033,Registered,MUS,12716,KC,F,F,MUS,ARCH,202480,SR,MUS 12716,CAED,CotA,0.0,0.0,JR/SR Intervention Needed
70061,70061,Registered,MUS,12716,KC,C-,F,MUS,FD,202480,SO,MUS 12716,CotA,CotA,0.0,1.7,FR/SO Intervention Needed
70164,70164,Registered,MUS,12716,KC,C+,F,MUS,FM,202480,JR,MUS 12716,CotA,CotA,0.0,2.3,JR/SR Intervention Needed
70203,70203,Registered,MUS,12716,KC,F,F,MUS,FM,202480,JR,MUS 12716,CotA,CotA,0.0,0.0,JR/SR Intervention Needed
10228,10228,Registered,ART,29123,KC,A-,C-,ART,FD,202480,SO,ART 29123,CotA,CotA,1.7,3.7,FR/SO Intervention Needed
10229,10229,Registered,ART,29123,KC,C,F,ART,FD,202480,JR,ART 29123,CotA,CotA,0.0,2.0,JR/SR Intervention Needed
43540,43540,Registered,FDM,25884,KC,B,D,FDM,FD,202480,FR,FDM 25884,CotA,CotA,1.0,3.0,FR/SO Intervention Needed
10243,10243,Registered,ART,29123,KC,C,D,ART,SART,202480,SO,ART 29123,CotA,CotA,1.0,2.0,FR/SO Intervention Needed
10245,10245,Registered,ART,29123,KC,B-,D+,ART,FD,202480,SO,ART 29123,CotA,CotA,1.3,2.7,FR/SO Intervention Needed
10223,10223,Registered,ART,29123,KC,A-,C,ART,ARTE,202480,SO,ART 29123,CotA,CotA,2.0,3.7,FR/SO Intervention Needed
10259,10259,Registered,ART,29123,KC,B-,C,ART,ARTE,202480,FR,ART 29123,CotA,CotA,2.0,2.7,FR/SO Intervention Needed
10276,10276,Registered,ART,29123,KC,C+,D,ART,ARTE,202480,FR,ART 29123,CotA,CotA,1.0,2.3,FR/SO Intervention Needed
10253,10253,Registered,ART,29123,KC,F,F,ART,SART,202480,SO,ART 29123,CotA,CotA,0.0,0.0,FR/SO Intervention Needed
10266,10266,Registered,ART,29123,KC,B+,C,ART,ARTE,202480,FR,ART 29123,CotA,CotA,2.0,3.3,FR/SO Intervention Needed
10280,10280,Registered,ART,29123,KC,B,D+,ART,ARTE,202480,FR,ART 29123,CotA,CotA,1.3,3.0,FR/SO Intervention Needed
10282,10282,Std Withdrawn,ART,29123,KC,W,F,ART,ARTE,202480,FR,ART 29123,CotA,CotA,0.0,0.0,FR/SO Intervention Needed
10286,10286,Stopped Attending - Failed,ART,29123,KC,SF,F,ART,SART,202480,FR,ART 29123,CotA,CotA,0.0,0.0,FR/SO Intervention Needed
43524,43524,Registered,FDM,25884,KC,C+,C,FDM,FD,202480,FR,FDM 25884,CotA,CotA,2.0,2.3,FR/SO Intervention Needed
43529,43529,Registered,FDM,25884,KC,C-,F,FDM,FD,202480,FR,FDM 25884,CotA,CotA,0.0,1.7,FR/SO Intervention Needed
43504,43504,Std Withdrawn,FDM,25884,KC,W,F,FDM,FM,202480,FR,FDM 25884,CotA,CotA,0.0,0.0,FR/SO Intervention Needed
10297,10297,Registered,ART,29123,KC,C+,D+,ART,SART,202480,FR,ART 29123,CotA,CotA,1.3,2.3,FR/SO Intervention Needed
43512,43512,Registered,FDM,25884,KC,C,C,FDM,FM,202480,FR,FDM 25884,CotA,CotA,2.0,2.0,FR/SO Intervention Needed
43516,43516,Registered,FDM,25884,KC,D,C,FDM,FD,202480,FR,FDM 25884,CotA,CotA,2.0,1.0,FR/SO Intervention Needed
43485,43485,Registered,FDM,25884,KC,C,C,FDM,FD,202480,FR,FDM 25884,CotA,CotA,2.0,2.0,FR/SO Intervention Needed
43487,43487,Registered,FDM,25884,KC,C,D+,FDM,FD,202480,FR,FDM 25884,CotA,CotA,1.3,2.0,FR/SO Intervention Needed
43488,43488,Registered,FDM,25884,KC,F,C-,FDM,FD,202480,FR,FDM 25884,CotA,CotA,1.7,0.0,FR/SO Intervention Needed
43494,43494,Registered,FDM,25884,KC,D,D,FDM,FM,202480,FR,FDM 25884,CotA,CotA,1.0,1.0,FR/SO Intervention Needed
43473,43473,Registered,FDM,25884,KC,B-,C-,FDM,FM,202480,SO,FDM 25884,CotA,CotA,1.7,2.7,FR/SO Intervention Needed
43475,43475,Registered,FDM,25884,KC,C-,D,FDM,FD,202480,FR,FDM 25884,CotA,CotA,1.0,1.7,FR/SO Intervention Needed
43480,43480,Registered,FDM,25884,KC,B-,C,FDM,FD,202480,FR,FDM 25884,CotA,CotA,2.0,2.7,FR/SO Intervention Needed
10750,10750,Registered,ART,21467,KC,C,C,ART,SART,202480,FR,ART 21467,CotA,CotA,2.0,2.0,FR/SO Intervention Needed
10768,10768,Registered,ART,21467,KC,C,C-,ART,SART,202480,FR,ART 21467,CotA,CotA,1.7,2.0,FR/SO Intervention Needed
10769,10769,Registered,ART,21467,KC,D+,F,ART,ARTE,202480,JR,ART 21467,CotA,CotA,0.0,1.3,JR/SR Intervention Needed
10770,10770,Registered,ART,21467,KC,C-,C,ART,ARTE,202480,SO,ART 21467,CotA,CotA,2.0,1.7,FR/SO Intervention Needed
43458,43458,Registered,FDM,25884,KC,F,D,FDM,FM,202480,FR,FDM 25884,CotA,CotA,1.0,0.0,FR/SO Intervention Needed
43461,43461,Std Withdrawn,FDM,25884,KC,W,D,FDM,FD,202480,FR,FDM 25884,CotA,CotA,1.0,0.0,FR/SO Intervention Needed
43439,43439,Registered,FDM,25884,KC,A-,D,FDM,FD,202480,FR,FDM 25884,CotA,CotA,1.0,3.7,FR/SO Intervention Needed
43440,43440,Registered,FDM,25884,KC,A,C,FDM,FM,202480,SO,FDM 25884,CotA,CotA,2.0,4.0,FR/SO Intervention Needed
43441,43441,Registered,FDM,25884,KC,C,C,FDM,FD,202480,FR,FDM 25884,CotA,CotA,2.0,2.0,FR/SO Intervention Needed
43447,43447,Registered,FDM,25884,KC,B,F,FDM,FM,202480,FR,FDM 25884,CotA,CotA,0.0,3.0,FR/SO Intervention Needed
43424,43424,Registered,FDM,25884,KC,D+,F,FDM,FD,202480,FR,FDM 25884,CotA,CotA,0.0,1.3,FR/SO Intervention Needed
11100,11100,Registered,ART,20725,KC,B,C,ART,SART,202480,FR,ART 20725,CotA,CotA,2.0,3.0,FR/SO Intervention Needed
11112,11112,Registered,ART,20725,KC,D,F,ART,SART,202480,FR,ART 20725,CotA,CotA,0.0,1.0,FR/SO Intervention Needed
11118,11118,Registered,ART,20725,KC,F,F,ART,SART,202480,SR,ART 20725,CotA,CotA,0.0,0.0,JR/SR Intervention Needed
11123,11123,Registered,ART,20725,KC,B,C-,ART,SART,202480,FR,ART 20725,CotA,CotA,1.7,3.0,FR/SO Intervention Needed
43433,43433,Registered,FDM,25884,KC,F,C,FDM,FD,202480,FR,FDM 25884,CotA,CotA,2.0,0.0,FR/SO Intervention Needed
11125,11125,Registered,ART,20725,KC,C,C-,ART,ARTE,202480,FR,ART 20725,CotA,CotA,1.7,2.0,FR/SO Intervention Needed
43414,43414,Registered,FDM,25884,KC,C,D+,FDM,FM,202480,FR,FDM 25884,CotA,CotA,1.3,2.0,FR/SO Intervention Needed
43416,43416,Registered,FDM,25884,KC,F,C-,FDM,FD,202480,FR,FDM 25884,CotA,CotA,1.7,0.0,FR/SO Intervention Needed
43420,43420,Registered,FDM,25884,KC,B-,C,FDM,FD,202480,FR,FDM 25884,CotA,CotA,2.0,2.7,FR/SO Intervention Needed
43397,43397,Std Withdrawn,FDM,25884,KC,W,D+,FDM,FD,202480,FR,FDM 25884,CotA,CotA,1.3,0.0,FR/SO Intervention Needed
43380,43380,Registered,FDM,25884,KC,C,C,FDM,FM,202480,FR,FDM 25884,CotA,CotA,2.0,2.0,FR/SO Intervention Needed
43388,43388,Registered,FDM,25884,KC,D,F,FDM,FM,202480,FR,FDM 25884,CotA,CotA,0.0,1.0,FR/SO Intervention Needed
43359,43359,Registered,FDM,25884,KC,D,D,FDM,FM,202480,SO,FDM 25884,CotA,CotA,1.0,1.0,FR/SO Intervention Needed
43364,43364,Registered,FDM,25884,KC,F,F,FDM,FD,202480,JR,FDM 25884,CotA,CotA,0.0,0.0,JR/SR Intervention Needed
43341,43341,Registered,FDM,25884,KC,D+,F,FDM,FD,202480,FR,FDM 25884,CotA,CotA,0.0,1.3,FR/SO Intervention Needed
43351,43351,Stopped Attending - Failed,FDM,25884,KC,SF,C,FDM,FM,202480,FR,FDM 25884,CotA,CotA,2.0,0.0,FR/SO Intervention Needed
43353,43353,Std Withdrawn,FDM,25884,KC,W,D,FDM,FD,202480,SO,FDM 25884,CotA,CotA,1.0,0.0,FR/SO Intervention Needed
43333,43333,Registered,FDM,25884,KC,C,D,FDM,FD,202480,FR,FDM 25884,CotA,CotA,1.0,2.0,FR/SO Intervention Needed
70206,70206,Registered,MUS,12716,KC,D,F,MUS,FD,202480,JR,MUS 12716,CotA,CotA,0.0,1.0,JR/SR Intervention Needed
9756,9756,Registered,ARCS,26039,KC,C+,F,ARCH,ARCS,202480,FR,ARCS 26039,CAED,CAED,0.0,2.3,FR/SO Intervention Needed
9759,9759,Registered,ARCS,26039,KC,B-,C-,ARCH,ARCS,202480,SO,ARCS 26039,CAED,CAED,1.7,2.7,FR/SO Intervention Needed
9094,9094,Registered,ARCH,19059,KC,,D+,ARCH,ARCH,202480,FR,ARCH 19059,CAED,CAED,1.3,,FR/SO Intervention Needed
9079,9079,Registered,ARCH,19059,KC,F,F,ARCH,ARCH,202480,SO,ARCH 19059,CAED,CAED,0.0,0.0,FR/SO Intervention Needed
44919,44919,Registered,FDM,13023,KC,C-,C,FDM,FM,202480,FR,FDM 13023,CotA,CotA,2.0,1.7,FR/SO Intervention Needed
44920,44920,Registered,FDM,13023,KC,C,D,FDM,FD,202480,FR,FDM 13023,CotA,CotA,1.0,2.0,FR/SO Intervention Needed
44936,44936,Registered,FDM,13023,KC,F,F,FDM,FD,202480,SO,FDM 13023,CotA,CotA,0.0,0.0,FR/SO Intervention Needed
44970,44970,Registered,FDM,13023,KC,C-,C,FDM,FD,202480,SO,FDM 13023,CotA,CotA,2.0,1.7,FR/SO Intervention Needed
44972,44972,Registered,FDM,13023,KC,B,D,FDM,FD,202480,FR,FDM 13023,CotA,CotA,1.0,3.0,FR/SO Intervention Needed
44943,44943,Registered,FDM,13023,KC,D,D,FDM,FD,202480,FR,FDM 13023,CotA,CotA,1.0,1.0,FR/SO Intervention Needed
44977,44977,Registered,FDM,13023,KC,F,F,FDM,FD,202480,FR,FDM 13023,CotA,CotA,0.0,0.0,FR/SO Intervention Needed
44981,44981,Registered,FDM,13023,KC,D+,C-,FDM,FD,202480,FR,FDM 13023,CotA,CotA,1.7,1.3,FR/SO Intervention Needed
45004,45004,Registered,FDM,13023,KC,D+,D+,FDM,FD,202480,FR,FDM 13023,CotA,CotA,1.3,1.3,FR/SO Intervention Needed
44990,44990,Registered,FDM,13023,KC,C-,F,FDM,FD,202480,FR,FDM 13023,CotA,CotA,0.0,1.7,FR/SO Intervention Needed
45025,45025,Stopped Attending - Failed,FDM,13023,KC,SF,C-,FDM,FD,202480,SO,FDM 13023,CotA,CotA,1.7,0.0,FR/SO Intervention Needed
45033,45033,Stopped Attending - Failed,FDM,13023,KC,SF,D,FDM,FD,202480,FR,FDM 13023,CotA,CotA,1.0,0.0,FR/SO Intervention Needed
45051,45051,Registered,FDM,13023,KC,F,F,FDM,FD,202480,FR,FDM 13023,CotA,CotA,0.0,0.0,FR/SO Intervention Needed
45055,45055,Registered,FDM,13023,KC,A-,D+,FDM,FM,202480,FR,FDM 13023,CotA,CotA,1.3,3.7,FR/SO Intervention Needed
45099,45099,Registered,FDM,13023,KC,C,F,FDM,FM,202480,FR,FDM 13023,CotA,CotA,0.0,2.0,FR/SO Intervention Needed
45070,45070,Registered,FDM,13023,KC,B+,C,FDM,FD,202480,FR,FDM 13023,CotA,CotA,2.0,3.3,FR/SO Intervention Needed
45104,45104,Registered,FDM,13023,KC,,C,FDM,FD,202480,FR,FDM 13023,CotA,CotA,2.0,,FR/SO Intervention Needed
45109,45109,Registered,FDM,13023,KC,F,F,FDM,FM,202480,FR,FDM 13023,CotA,CotA,0.0,0.0,FR/SO Intervention Needed
45085,45085,Registered,FDM,13023,KC,C+,C-,FDM,FD,202480,FR,FDM 13023,CotA,CotA,1.7,2.3,FR/SO Intervention Needed
9047,9047,Registered,ARCH,19059,KC,C+,C-,ARCH,ARCH,202480,FR,ARCH 19059,CAED,CAED,1.7,2.3,FR/SO Intervention Needed
9050,9050,Registered,ARCH,19059,KC,F,C,ARCH,ARCH,202480,FR,ARCH 19059,CAED,CAED,2.0,0.0,FR/SO Intervention Needed
9042,9042,Registered,ARCH,19059,KC,C,D,ARCH,ARCH,202480,FR,ARCH 19059,CAED,CAED,1.0,2.0,FR/SO Intervention Needed
9014,9014,Registered,ARCH,19059,KC,C,D,ARCH,ARCH,202480,FR,ARCH 19059,CAED,CAED,1.0,2.0,FR/SO Intervention Needed
9015,9015,Registered,ARCH,19059,KC,A-,F,ARCH,ARCH,202480,FR,ARCH 19059,CAED,CAED,0.0,3.7,FR/SO Intervention Needed
9020,9020,Registered,ARCH,19059,KC,B+,F,ARCH,ARCH,202480,FR,ARCH 19059,CAED,CAED,0.0,3.3,FR/SO Intervention Needed
8996,8996,Std Withdrawn,ARCH,19059,KC,W,F,ARCH,ARCH,202480,FR,ARCH 19059,CAED,CAED,0.0,0.0,FR/SO Intervention Needed
8973,8973,Registered,ARCH,19059,KC,C,F,ARCH,ARCH,202480,SO,ARCH 19059,CAED,CAED,0.0,2.0,FR/SO Intervention Needed
8951,8951,Registered,ARCH,19059,KC,B-,C,ARCH,ARCH,202480,FR,ARCH 19059,CAED,CAED,2.0,2.7,FR/SO Intervention Needed
8960,8960,Std Withdrawn,ARCH,19059,KC,W,C-,ARCH,ARCH,202480,SO,ARCH 19059,CAED,CAED,1.7,0.0,FR/SO Intervention Needed
8933,8933,Registered,ARCH,19059,KC,A-,C-,ARCH,ARCH,202480,FR,ARCH 19059,CAED,CAED,1.7,3.7,FR/SO Intervention Needed
8936,8936,Registered,ARCH,19059,KC,C+,C-,ARCH,ARCH,202480,FR,ARCH 19059,CAED,CAED,1.7,2.3,FR/SO Intervention Needed
8938,8938,Stopped Attending - Failed,ARCH,19059,KC,SF,F,ARCH,ARCH,202480,FR,ARCH 19059,CAED,CAED,0.0,0.0,FR/SO Intervention Needed
8922,8922,Registered,ARCH,19059,KC,C,D,ARCH,ARCH,202480,FR,ARCH 19059,CAED,CAED,1.0,2.0,FR/SO Intervention Needed
8925,8925,Registered,ARCH,19059,KC,F,C,ARCH,ARCH,202480,FR,ARCH 19059,CAED,CAED,2.0,0.0,FR/SO Intervention Needed
7806,7806,Registered,ARCH,24669,KC,A,C,ARCH,ARCH,202480,SO,ARCH 24669,CAED,CAED,2.0,4.0,FR/SO Intervention Needed
7807,7807,Registered,ARCH,24669,KC,C,C,ARCH,ARCH,202480,SO,ARCH 24669,CAED,CAED,2.0,2.0,FR/SO Intervention Needed
7795,7795,Registered,ARCH,24669,KC,,D,ARCH,ARCH,202480,SO,ARCH 24669,CAED,CAED,1.0,,FR/SO Intervention Needed
7778,7778,Registered,ARCH,24669,KC,D,D,ARCH,ARCS,202480,FR,ARCH 24669,CAED,CAED,1.0,1.0,FR/SO Intervention Needed
7783,7783,Registered,ARCH,24669,KC,C+,D,ARCH,ARCH,202480,SO,ARCH 24669,CAED,CAED,1.0,2.3,FR/SO Intervention Needed
7756,7756,Std Withdrawn,ARCH,24669,KC,W,C,ARCH,ARCH,202480,SO,ARCH 24669,CAED,CAED,2.0,0.0,FR/SO Intervention Needed
7748,7748,Registered,ARCH,24669,KC,C,C,ARCH,ARCH,202480,SO,ARCH 24669,CAED,CAED,2.0,2.0,FR/SO Intervention Needed
7749,7749,Registered,ARCH,24669,KC,D,F,ARCH,ARCH,202480,SO,ARCH 24669,CAED,CAED,0.0,1.0,FR/SO Intervention Needed
7754,7754,Registered,ARCH,24669,KC,F,F,ARCH,ARCH,202480,SO,ARCH 24669,CAED,CAED,0.0,0.0,FR/SO Intervention Needed
7735,7735,Registered,ARCH,24669,KC,D,D,ARCH,ARCH,202480,SO,ARCH 24669,CAED,CAED,1.0,1.0,FR/SO Intervention Needed
12436,12436,Registered,ARTH,12842,KC,C,C-,ART,FD,202480,FR,ARTH 12842,CotA,CotA,1.7,2.0,FR/SO Intervention Needed
12450,12450,Stopped Attending - Failed,ARTH,12842,KC,SF,F,ART,SART,202480,SR,ARTH 12842,CotA,CotA,0.0,0.0,JR/SR Intervention Needed
7738,7738,Registered,ARCH,24669,KC,B-,C-,ARCH,ARCH,202480,SO,ARCH 24669,CAED,CAED,1.7,2.7,FR/SO Intervention Needed
7721,7721,Std Withdrawn,ARCH,24669,KC,W,F,ARCH,ARCH,202480,SO,ARCH 24669,CAED,CAED,0.0,0.0,FR/SO Intervention Needed
12458,12458,Registered,ARTH,12842,KC,F,D,ART,FD,202480,SO,ARTH 12842,CotA,CotA,1.0,0.0,FR/SO Intervention Needed
12493,12493,Registered,ARTH,12842,KC,F,F,ART,VCD,202480,FR,ARTH 12842,CCI,CotA,0.0,0.0,FR/SO Intervention Needed
12504,12504,Std Withdrawn,ARTH,12842,KC,W,F,ART,FD,202480,FR,ARTH 12842,CotA,CotA,0.0,0.0,FR/SO Intervention Needed
12524,12524,Registered,ARTH,12842,KC,F,F,ART,ARTH,202480,SO,ARTH 12842,CotA,CotA,0.0,0.0,FR/SO Intervention Needed
12526,12526,Registered,ARTH,12842,KC,C,C,ART,FD,202480,SO,ARTH 12842,CotA,CotA,2.0,2.0,FR/SO Intervention Needed
12545,12545,Registered,ARTH,12842,KC,B,F,ART,FD,202480,SO,ARTH 12842,CotA,CotA,0.0,3.0,FR/SO Intervention Needed
12581,12581,Registered,ARTH,12842,KC,F,D+,ART,FM,202480,FR,ARTH 12842,CotA,CotA,1.3,0.0,FR/SO Intervention Needed
12590,12590,Registered,ARTH,12842,KC,A-,F,ART,FM,202480,FR,ARTH 12842,CotA,CotA,0.0,3.7,FR/SO Intervention Needed
12620,12620,Registered,ARTH,12842,KC,F,F,ART,SART,202480,SO,ARTH 12842,CotA,CotA,0.0,0.0,FR/SO Intervention Needed
12623,12623,Stopped Attending - Failed,ARTH,12842,KC,SF,F,ART,ARTH,202480,FR,ARTH 12842,CotA,CotA,0.0,0.0,FR/SO Intervention Needed
12666,12666,Registered,ARTH,12842,KC,B-,C-,ART,TDTP,202480,FR,ARTH 12842,CotA,CotA,1.7,2.7,FR/SO Intervention Needed
41966,41966,Registered,FDM,29298,KC,D,C-,FDM,FM,202480,FR,FDM 29298,CotA,CotA,1.7,1.0,FR/SO Intervention Needed
41972,41972,Registered,FDM,29298,KC,C+,F,FDM,FM,202480,FR,FDM 29298,CotA,CotA,0.0,2.3,FR/SO Intervention Needed
41976,41976,Registered,FDM,29298,KC,B,C,FDM,FM,202480,FR,FDM 29298,CotA,CotA,2.0,3.0,FR/SO Intervention Needed
12676,12676,Registered,ARTH,12842,KC,D,F,ART,ARTH,202480,FR,ARTH 12842,CotA,CotA,0.0,1.0,FR/SO Intervention Needed
12694,12694,Stopped Attending - Failed,ARTH,12842,KC,SF,F,ART,FM,202480,FR,ARTH 12842,CotA,CotA,0.0,0.0,FR/SO Intervention Needed
67845,67845,Std Withdrawn,MUS,25988,KC,W,F,MUS,MUED,202480,SO,MUS 25988,CotA,CotA,0.0,0.0,FR/SO Intervention Needed
12712,12712,Registered,ARTH,12842,KC,B,C,ART,ARTE,202480,FR,ARTH 12842,CotA,CotA,2.0,3.0,FR/SO Intervention Needed
12714,12714,Registered,ARTH,12842,KC,D,F,ART,ARTH,202480,FR,ARTH 12842,CotA,CotA,0.0,1.0,FR/SO Intervention Needed
12733,12733,Registered,ARTH,12842,KC,C,C,ART,FD,202480,FR,ARTH 12842,CotA,CotA,2.0,2.0,FR/SO Intervention Needed
67726,67726,Registered,MUS,10925,KC,F,C-,MUS,MUS,202480,FR,MUS 10925,CotA,CotA,1.7,0.0,FR/SO Intervention Needed
12737,12737,Registered,ARTH,12842,KC,C+,C-,ART,FD,202480,SO,ARTH 12842,CotA,CotA,1.7,2.3,FR/SO Intervention Needed
12757,12757,Registered,ARTH,12842,KC,A,C,ART,ARTH,202480,SO,ARTH 12842,CotA,CotA,2.0,4.0,FR/SO Intervention Needed
41979,41979,Registered,FDM,29298,KC,C+,C,FDM,FD,202480,FR,FDM 29298,CotA,CotA,2.0,2.3,FR/SO Intervention Needed
41939,41939,Registered,FDM,29298,KC,C+,D+,FDM,FD,202480,FR,FDM 29298,CotA,CotA,1.3,2.3,FR/SO Intervention Needed
41948,41948,Std Withdrawn,FDM,29298,KC,W,C,FDM,FD,202480,FR,FDM 29298,CotA,CotA,2.0,0.0,FR/SO Intervention Needed
41925,41925,Std Withdrawn,FDM,29298,KC,W,F,FDM,FM,202480,FR,FDM 29298,CotA,CotA,0.0,0.0,FR/SO Intervention Needed
41902,41902,Std Withdrawn,FDM,29298,KC,W,D+,FDM,FD,202480,SO,FDM 29298,CotA,CotA,1.3,0.0,FR/SO Intervention Needed
67154,67154,Registered,MUS,28860,KC,F,F,MUS,MUST,202480,FR,MUS 28860,CotA,CotA,0.0,0.0,FR/SO Intervention Needed
67165,67165,Registered,MUS,28860,KC,F,F,MUS,MUED,202480,FR,MUS 28860,CotA,CotA,0.0,0.0,FR/SO Intervention Needed
67168,67168,Registered,MUS,28860,KC,C,D,MUS,MUT,202480,SO,MUS 28860,CotA,CotA,1.0,2.0,FR/SO Intervention Needed
27220,27220,Registered,COMM,17591,KC,C,C,COMM,COMM,202480,FR,COMM 17591,CCI,CCI,2.0,2.0,FR/SO Intervention Needed
27188,27188,Registered,COMM,17591,KC,F,F,COMM,VCD,202480,FR,COMM 17591,CCI,CCI,0.0,0.0,FR/SO Intervention Needed
27195,27195,Registered,COMM,17591,KC,B,D+,COMM,VCD,202480,FR,COMM 17591,CCI,CCI,1.3,3.0,FR/SO Intervention Needed
27093,27093,Registered,COMM,17591,KC,D,F,COMM,ID,202480,FR,COMM 17591,CAED,CCI,0.0,1.0,FR/SO Intervention Needed
26987,26987,Registered,COMM,17591,KC,D,F,COMM,VCD,202480,SO,COMM 17591,CCI,CCI,0.0,1.0,FR/SO Intervention Needed
26925,26925,Registered,COMM,17591,KC,F,D,COMM,COMM,202480,SO,COMM 17591,CCI,CCI,1.0,0.0,FR/SO Intervention Needed
26883,26883,Std Withdrawn,COMM,17591,KC,W,F,COMM,ID,202480,FR,COMM 17591,CAED,CCI,0.0,0.0,FR/SO Intervention Needed
26887,26887,Registered,COMM,17591,KC,B,F,COMM,ID,202480,FR,COMM 17591,CAED,CCI,0.0,3.0,FR/SO Intervention Needed
26853,26853,Registered,COMM,17591,KC,A-,C,COMM,VCD,202480,SO,COMM 17591,CCI,CCI,2.0,3.7,FR/SO Intervention Needed
26861,26861,Registered,COMM,17591,KC,C,C-,COMM,JNL,202480,SO,COMM 17591,CCI,CCI,1.7,2.0,FR/SO Intervention Needed
26813,26813,Std Withdrawn,COMM,17591,KC,W,C,COMM,ARTE,202480,SO,COMM 17591,CotA,CCI,2.0,0.0,FR/SO Intervention Needed
41914,41914,Registered,FDM,29298,KC,F,D+,FDM,FM,202480,FR,FDM 29298,CotA,CotA,1.3,0.0,FR/SO Intervention Needed
41886,41886,Registered,FDM,29298,KC,B,C,FDM,FD,202480,FR,FDM 29298,CotA,CotA,2.0,3.0,FR/SO Intervention Needed
41890,41890,Registered,FDM,29298,KC,B,C,FDM,FM,202480,FR,FDM 29298,CotA,CotA,2.0,3.0,FR/SO Intervention Needed
41868,41868,Registered,FDM,29298,KC,C,C-,FDM,FD,202480,FR,FDM 29298,CotA,CotA,1.7,2.0,FR/SO Intervention Needed
41845,41845,Registered,FDM,29298,KC,B-,C,FDM,FM,202480,FR,FDM 29298,CotA,CotA,2.0,2.7,FR/SO Intervention Needed
41831,41831,Registered,FDM,29298,KC,B+,F,FDM,FD,202480,JR,FDM 29298,CotA,CotA,0.0,3.3,JR/SR Intervention Needed
41832,41832,Registered,FDM,29298,KC,B,C,FDM,FM,202480,FR,FDM 29298,CotA,CotA,2.0,3.0,FR/SO Intervention Needed
41817,41817,Registered,FDM,29298,KC,B+,F,FDM,FD,202480,FR,FDM 29298,CotA,CotA,0.0,3.3,FR/SO Intervention Needed
41789,41789,Registered,FDM,29298,KC,D+,C-,FDM,FD,202480,FR,FDM 29298,CotA,CotA,1.7,1.3,FR/SO Intervention Needed
41799,41799,Registered,FDM,29298,KC,D,D,FDM,FM,202480,FR,FDM 29298,CotA,CotA,1.0,1.0,FR/SO Intervention Needed
41802,41802,Std Withdrawn,FDM,29298,KC,W,F,FDM,FM,202480,FR,FDM 29298,CotA,CotA,0.0,0.0,FR/SO Intervention Needed
46559,46559,Std Withdrawn,FDM,11617,KC,W,F,FDM,FD,202480,SO,FDM 11617,CotA,CotA,0.0,0.0,FR/SO Intervention Needed
46577,46577,Stopped Attending - Failed,FDM,11617,KC,SF,F,FDM,FM,202480,JR,FDM 11617,CotA,CotA,0.0,0.0,JR/SR Intervention Needed
46587,46587,Registered,FDM,11617,KC,C+,F,FDM,FD,202480,JR,FDM 11617,CotA,CotA,0.0,2.3,JR/SR Intervention Needed
46601,46601,Registered,FDM,11617,KC,C,C,FDM,FM,202480,SO,FDM 11617,CotA,CotA,2.0,2.0,FR/SO Intervention Needed
46608,46608,Registered,FDM,11617,KC,B,F,FDM,FD,202480,SO,FDM 11617,CotA,CotA,0.0,3.0,FR/SO Intervention Needed
46610,46610,Registered,FDM,11617,KC,C,D+,FDM,FD,202480,SO,FDM 11617,CotA,CotA,1.3,2.0,FR/SO Intervention Needed
46625,46625,Registered,FDM,11617,KC,C-,D,FDM,FM,202480,FR,FDM 11617,CotA,CotA,1.0,1.7,FR/SO Intervention Needed
46640,46640,Registered,FDM,11617,KC,F,F,FDM,FM,202480,SR,FDM 11617,CotA,CotA,0.0,0.0,JR/SR Intervention Needed
46643,46643,Registered,FDM,11617,KC,B-,C-,FDM,FM,202480,SO,FDM 11617,CotA,CotA,1.7,2.7,FR/SO Intervention Needed
46653,46653,Registered,FDM,11617,KC,F,F,FDM,FM,202480,SO,FDM 11617,CotA,CotA,0.0,0.0,FR/SO Intervention Needed
46658,46658,Registered,FDM,11617,KC,D,F,FDM,FD,202480,SO,FDM 11617,CotA,CotA,0.0,1.0,FR/SO Intervention Needed
46659,46659,Registered,FDM,11617,KC,C-,C-,FDM,FD,202480,FR,FDM 11617,CotA,CotA,1.7,1.7,FR/SO Intervention Needed
46660,46660,Registered,FDM,11617,KC,F,D+,FDM,FD,202480,FR,FDM 11617,CotA,CotA,1.3,0.0,FR/SO Intervention Needed
46662,46662,Registered,FDM,11617,KC,C,F,FDM,FM,202480,FR,FDM 11617,CotA,CotA,0.0,2.0,FR/SO Intervention Needed
46667,46667,Registered,FDM,11617,KC,F,F,FDM,FM,202480,SO,FDM 11617,CotA,CotA,0.0,0.0,FR/SO Intervention Needed
46669,46669,Registered,FDM,11617,KC,B+,D+,FDM,FD,202480,FR,FDM 11617,CotA,CotA,1.3,3.3,FR/SO Intervention Needed
46671,46671,Registered,FDM,11617,KC,B,C,FDM,FD,202480,FR,FDM 11617,CotA,CotA,2.0,3.0,FR/SO Intervention Needed
46685,46685,Registered,FDM,11617,KC,C,C,FDM,FM,202480,FR,FDM 11617,CotA,CotA,2.0,2.0,FR/SO Intervention Needed
46703,46703,Registered,FDM,11617,KC,D,F,FDM,FD,202480,FR,FDM 11617,CotA,CotA,0.0,1.0,FR/SO Intervention Needed
46706,46706,Registered,FDM,11617,KC,C,D+,FDM,FD,202480,FR,FDM 11617,CotA,CotA,1.3,2.0,FR/SO Intervention Needed
46708,46708,Registered,FDM,11617,KC,C+,C,FDM,FM,202480,FR,FDM 11617,CotA,CotA,2.0,2.3,FR/SO Intervention Needed
46709,46709,Registered,FDM,11617,KC,F,D+,FDM,FM,202480,FR,FDM 11617,CotA,CotA,1.3,0.0,FR/SO Intervention Needed
46716,46716,Registered,FDM,11617,KC,B,C-,FDM,FM,202480,FR,FDM 11617,CotA,CotA,1.7,3.0,FR/SO Intervention Needed
66960,66960,Registered,MDJ,12683,KC,C+,D,MDJ,DMP,202480,SO,MDJ 12683,CCI,CCI,1.0,2.3,FR/SO Intervention Needed
66961,66961,Registered,MDJ,12683,KC,D+,F,MDJ,PR,202480,JR,MDJ 12683,CCI,CCI,0.0,1.3,JR/SR Intervention Needed
66946,66946,Registered,MDJ,12683,KC,C,D,MDJ,PR,202480,FR,MDJ 12683,CCI,CCI,1.0,2.0,FR/SO Intervention Needed
66919,66919,Registered,MDJ,12683,KC,B-,C,MDJ,PR,202480,FR,MDJ 12683,CCI,CCI,2.0,2.7,FR/SO Intervention Needed
66921,66921,Registered,MDJ,12683,KC,A,D+,MDJ,PR,202480,FR,MDJ 12683,CCI,CCI,1.3,4.0,FR/SO Intervention Needed
66541,66541,Registered,MDJ,21449,KC,D,F,MDJ,PR,202480,SR,MDJ 21449,CCI,CCI,0.0,1.0,JR/SR Intervention Needed
66689,66689,Registered,MDJ,22045,KC,D,F,MDJ,JNL,202480,JR,MDJ 22045,CCI,CCI,0.0,1.0,JR/SR Intervention Needed
66536,66536,Registered,MDJ,21449,KC,B-,C,MDJ,PR,202480,SO,MDJ 21449,CCI,CCI,2.0,2.7,FR/SO Intervention Needed
66292,66292,Registered,MDJ,25865,KC,B,D+,MDJ,JNL,202480,SO,MDJ 25865,CCI,CCI,1.3,3.0,FR/SO Intervention Needed
65785,65785,Registered,MDJ,28984,KC,C,C,MDJ,JNL,202480,FR,MDJ 28984,CCI,CCI,2.0,2.0,FR/SO Intervention Needed
65731,65731,Registered,MDJ,28984,KC,B,F,MDJ,JNL,202480,FR,MDJ 28984,CCI,CCI,0.0,3.0,FR/SO Intervention Needed
65697,65697,Registered,MDJ,28984,KC,C,F,MDJ,FM,202480,SR,MDJ 28984,CotA,CCI,0.0,2.0,JR/SR Intervention Needed
65687,65687,Stopped Attending - Failed,MDJ,28984,KC,SF,F,MDJ,FM,202480,JR,MDJ 28984,CotA,CCI,0.0,0.0,JR/SR Intervention Needed
65650,65650,Registered,MDJ,28984,KC,F,D,MDJ,FM,202480,SO,MDJ 28984,CotA,CCI,1.0,0.0,FR/SO Intervention Needed
65658,65658,Registered,MDJ,28984,KC,D+,F,MDJ,JNL,202480,FR,MDJ 28984,CCI,CCI,0.0,1.3,FR/SO Intervention Needed
65642,65642,Registered,MDJ,28984,KC,C,C-,MDJ,JNL,202480,FR,MDJ 28984,CCI,CCI,1.7,2.0,FR/SO Intervention Needed
74114,74114,Registered,MUS,23241,KC,A-,D,MUS,COMM,202480,FR,MUS 23241,CCI,CotA,1.0,3.7,FR/SO Intervention Needed
74150,74150,Registered,MUS,23241,KC,D,D,MUS,COMM,202480,FR,MUS 23241,CCI,CotA,1.0,1.0,FR/SO Intervention Needed
26794,26794,Registered,COMM,17591,KC,F,F,COMM,COMM,202480,SO,COMM 17591,CCI,CCI,0.0,0.0,FR/SO Intervention Needed
26662,26662,Registered,COMM,17591,KC,F,C,COMM,COMM,202480,FR,COMM 17591,CCI,CCI,2.0,0.0,FR/SO Intervention Needed
26604,26604,Registered,COMM,17591,KC,B,C-,COMM,ID,202480,SO,COMM 17591,CAED,CCI,1.7,3.0,FR/SO Intervention Needed
26528,26528,Registered,COMM,17591,KC,B-,C,COMM,ID,202480,FR,COMM 17591,CAED,CCI,2.0,2.7,FR/SO Intervention Needed
26459,26459,Registered,COMM,17591,KC,B+,C,COMM,ID,202480,SO,COMM 17591,CAED,CCI,2.0,3.3,FR/SO Intervention Needed
26449,26449,Stopped Attending - Failed,COMM,17591,KC,SF,F,COMM,ADV,202480,FR,COMM 17591,CCI,CCI,0.0,0.0,FR/SO Intervention Needed
74305,74305,Registered,MUS,23241,KC,B,F,MUS,MUT,202480,SR,MUS 23241,CotA,CotA,0.0,3.0,JR/SR Intervention Needed
47786,47786,Std Withdrawn,FDM,12681,KC,W,D,FDM,FD,202480,SO,FDM 12681,CotA,CotA,1.0,0.0,FR/SO Intervention Needed
47798,47798,Registered,FDM,12681,KC,D,C-,FDM,FD,202480,SO,FDM 12681,CotA,CotA,1.7,1.0,FR/SO Intervention Needed
47799,47799,Registered,FDM,12681,KC,B,D,FDM,FD,202480,FR,FDM 12681,CotA,CotA,1.0,3.0,FR/SO Intervention Needed
47800,47800,Registered,FDM,12681,KC,D,C,FDM,FD,202480,FR,FDM 12681,CotA,CotA,2.0,1.0,FR/SO Intervention Needed
47804,47804,Registered,FDM,12681,KC,C+,C-,FDM,FD,202480,SO,FDM 12681,CotA,CotA,1.7,2.3,FR/SO Intervention Needed
47790,47790,Registered,FDM,12681,KC,C-,C,FDM,FD,202480,SO,FDM 12681,CotA,CotA,2.0,1.7,FR/SO Intervention Needed
47791,47791,Registered,FDM,12681,KC,F,F,FDM,FD,202480,FR,FDM 12681,CotA,CotA,0.0,0.0,FR/SO Intervention Needed
47813,47813,Registered,FDM,12681,KC,F,F,FDM,FD,202480,SR,FDM 12681,CotA,CotA,0.0,0.0,JR/SR Intervention Needed
47846,47846,Registered,FDM,12681,KC,D+,F,FDM,FD,202480,JR,FDM 12681,CotA,CotA,0.0,1.3,JR/SR Intervention Needed
47852,47852,Registered,FDM,12681,KC,F,C,FDM,TDTP,202480,FR,FDM 12681,CotA,CotA,2.0,0.0,FR/SO Intervention Needed
47823,47823,Registered,FDM,12681,KC,C+,F,FDM,FD,202480,FR,FDM 12681,CotA,CotA,0.0,2.3,FR/SO Intervention Needed
47829,47829,Registered,FDM,12681,KC,B-,C,FDM,FD,202480,SO,FDM 12681,CotA,CotA,2.0,2.7,FR/SO Intervention Needed
47840,47840,Registered,FDM,12681,KC,F,F,FDM,FD,202480,SO,FDM 12681,CotA,CotA,0.0,0.0,FR/SO Intervention Needed
47878,47878,Registered,FDM,12681,KC,F,C-,FDM,FD,202480,FR,FDM 12681,CotA,CotA,1.7,0.0,FR/SO Intervention Needed
47858,47858,Registered,FDM,12681,KC,D,F,FDM,FD,202480,FR,FDM 12681,CotA,CotA,0.0,1.0,FR/SO Intervention Needed
47859,47859,Registered,FDM,12681,KC,A-,D+,FDM,FD,202480,FR,FDM 12681,CotA,CotA,1.3,3.7,FR/SO Intervention Needed
47860,47860,Registered,FDM,12681,KC,D,F,FDM,FD,202480,FR,FDM 12681,CotA,CotA,0.0,1.0,FR/SO Intervention Needed
74355,74355,Stopped Attending - Failed,MUS,23241,KC,SF,SF,MUS,VCD,202480,FR,MUS 23241,CCI,CotA,0.0,0.0,FR/SO Intervention Needed
74366,74366,Registered,MUS,23241,KC,F,F,MUS,DMP,202480,FR,MUS 23241,CCI,CotA,0.0,0.0,FR/SO Intervention Needed
74386,74386,Registered,MUS,23241,KC,D,C,MUS,FM,202480,SO,MUS 23241,CotA,CotA,2.0,1.0,FR/SO Intervention Needed
74387,74387,Registered,MUS,23241,KC,B-,C,MUS,DNST,202480,FR,MUS 23241,CotA,CotA,2.0,2.7,FR/SO Intervention Needed
74390,74390,Registered,MUS,23241,KC,B-,F,MUS,COMM,202480,FR,MUS 23241,CCI,CotA,0.0,2.7,FR/SO Intervention Needed
6915,6915,Registered,ARCH,22860,KC,B,D,ARCH,ARCH,202480,FR,ARCH 22860,CAED,CAED,1.0,3.0,FR/SO Intervention Needed
6916,6916,Registered,ARCH,22860,KC,C,D,ARCH,ARCH,202480,FR,ARCH 22860,CAED,CAED,1.0,2.0,FR/SO Intervention Needed
6917,6917,Registered,ARCH,22860,KC,C+,D+,ARCH,ARCH,202480,FR,ARCH 22860,CAED,CAED,1.3,2.3,FR/SO Intervention Needed
6903,6903,Registered,ARCH,22860,KC,B,C,ARCH,ARCH,202480,FR,ARCH 22860,CAED,CAED,2.0,3.0,FR/SO Intervention Needed
6887,6887,Registered,ARCH,22860,KC,F,F,ARCH,ARCH,202480,FR,ARCH 22860,CAED,CAED,0.0,0.0,FR/SO Intervention Needed
64930,64930,Stopped Attending - Failed,MDJ,22796,KC,SF,F,MDJ,JNL,202480,SO,MDJ 22796,CCI,CCI,0.0,0.0,FR/SO Intervention Needed
64932,64932,Registered,MDJ,22796,KC,F,F,MDJ,DMP,202480,JR,MDJ 22796,CCI,CCI,0.0,0.0,JR/SR Intervention Needed
64933,64933,Registered,MDJ,22796,KC,B,C,MDJ,DMP,202480,SO,MDJ 22796,CCI,CCI,2.0,3.0,FR/SO Intervention Needed
64940,64940,Registered,MDJ,22796,KC,F,F,MDJ,DMP,202480,SO,MDJ 22796,CCI,CCI,0.0,0.0,FR/SO Intervention Needed
64913,64913,Registered,MDJ,22796,KC,A-,C,MDJ,DMP,202480,SO,MDJ 22796,CCI,CCI,2.0,3.7,FR/SO Intervention Needed
64922,64922,Registered,MDJ,22796,KC,F,D,MDJ,DMP,202480,SO,MDJ 22796,CCI,CCI,1.0,0.0,FR/SO Intervention Needed
64923,64923,Std Withdrawn,MDJ,22796,KC,W,F,MDJ,DMP,202480,SO,MDJ 22796,CCI,CCI,0.0,0.0,FR/SO Intervention Needed
6866,6866,Registered,ARCH,22860,KC,B,C-,ARCH,ARCH,202480,FR,ARCH 22860,CAED,CAED,1.7,3.0,FR/SO Intervention Needed
6869,6869,Registered,ARCH,22860,KC,D,F,ARCH,ARCH,202480,SO,ARCH 22860,CAED,CAED,0.0,1.0,FR/SO Intervention Needed
64906,64906,Registered,MDJ,22796,KC,F,F,MDJ,DMP,202480,SO,MDJ 22796,CCI,CCI,0.0,0.0,FR/SO Intervention Needed
6878,6878,Registered,ARCH,22860,KC,B-,C,ARCH,ARCH,202480,FR,ARCH 22860,CAED,CAED,2.0,2.7,FR/SO Intervention Needed
6854,6854,Registered,ARCH,22860,KC,C,D,ARCH,ARCH,202480,FR,ARCH 22860,CAED,CAED,1.0,2.0,FR/SO Intervention Needed
6855,6855,Registered,ARCH,22860,KC,F,F,ARCH,ARCH,202480,FR,ARCH 22860,CAED,CAED,0.0,0.0,FR/SO Intervention Needed
6863,6863,Registered,ARCH,22860,KC,D,F,ARCH,ARCH,202480,FR,ARCH 22860,CAED,CAED,0.0,1.0,FR/SO Intervention Needed
6837,6837,Registered,ARCH,22860,KC,C,D,ARCH,ARCH,202480,FR,ARCH 22860,CAED,CAED,1.0,2.0,FR/SO Intervention Needed
6839,6839,Registered,ARCH,22860,KC,B,C-,ARCH,ARCH,202480,FR,ARCH 22860,CAED,CAED,1.7,3.0,FR/SO Intervention Needed
6827,6827,Registered,ARCH,22860,KC,C+,F,ARCH,ARCH,202480,FR,ARCH 22860,CAED,CAED,0.0,2.3,FR/SO Intervention Needed
6832,6832,Registered,ARCH,22860,KC,D,C-,ARCH,ARCH,202480,SO,ARCH 22860,CAED,CAED,1.7,1.0,FR/SO Intervention Needed
6814,6814,Registered,ARCH,22860,KC,A,F,ARCH,ARCH,202480,FR,ARCH 22860,CAED,CAED,0.0,4.0,FR/SO Intervention Needed
6787,6787,Registered,ARCH,22860,KC,F,F,ARCH,ARCH,202480,SO,ARCH 22860,CAED,CAED,0.0,0.0,FR/SO Intervention Needed
6798,6798,Registered,ARCH,22860,KC,C,F,ARCH,ARCH,202480,FR,ARCH 22860,CAED,CAED,0.0,2.0,FR/SO Intervention Needed
6770,6770,Registered,ARCH,22860,KC,C-,D+,ARCH,ARCH,202480,FR,ARCH 22860,CAED,CAED,1.3,1.7,FR/SO Intervention Needed
6771,6771,Registered,ARCH,22860,KC,C,C,ARCH,ARCH,202480,FR,ARCH 22860,CAED,CAED,2.0,2.0,FR/SO Intervention Needed
6784,6784,Registered,ARCH,22860,KC,B,C-,ARCH,ARCH,202480,FR,ARCH 22860,CAED,CAED,1.7,3.0,FR/SO Intervention Needed
6759,6759,Registered,ARCH,22860,KC,C+,F,ARCH,ARCH,202480,FR,ARCH 22860,CAED,CAED,0.0,2.3,FR/SO Intervention Needed
26361,26361,Registered,COMM,17591,KC,F,C-,COMM,ID,202480,FR,COMM 17591,CAED,CCI,1.7,0.0,FR/SO Intervention Needed
26341,26341,Registered,COMM,17591,KC,C,F,COMM,COMM,202480,SO,COMM 17591,CCI,CCI,0.0,2.0,FR/SO Intervention Needed
26319,26319,Stopped Attending - Failed,COMM,17591,KC,SF,D,COMM,DMP,202480,FR,COMM 17591,CCI,CCI,1.0,0.0,FR/SO Intervention Needed
26328,26328,Registered,COMM,17591,KC,C-,F,COMM,VCD,202480,SO,COMM 17591,CCI,CCI,0.0,1.7,FR/SO Intervention Needed
26299,26299,Std Withdrawn,COMM,17591,KC,W,D,COMM,DMP,202480,FR,COMM 17591,CCI,CCI,1.0,0.0,FR/SO Intervention Needed
26300,26300,Registered,COMM,17591,KC,F,F,COMM,VCD,202480,SO,COMM 17591,CCI,CCI,0.0,0.0,FR/SO Intervention Needed
26288,26288,Registered,COMM,17591,KC,D,D,COMM,COMM,202480,FR,COMM 17591,CCI,CCI,1.0,1.0,FR/SO Intervention Needed
6746,6746,Registered,ARCH,22860,KC,C,D,ARCH,ARCH,202480,FR,ARCH 22860,CAED,CAED,1.0,2.0,FR/SO Intervention Needed
77113,77113,Registered,THEA,29275,KC,C,D+,THDN,THEA,202480,FR,THEA 29275,CotA,CotA,1.3,2.0,FR/SO Intervention Needed
40405,40405,Std Withdrawn,FDM,24923,KC,W,F,FDM,FM,202480,JR,FDM 24923,CotA,CotA,0.0,0.0,JR/SR Intervention Needed
40375,40375,Registered,FDM,24923,KC,C-,D+,FDM,FM,202480,SO,FDM 24923,CotA,CotA,1.3,1.7,FR/SO Intervention Needed
40377,40377,Registered,FDM,24923,KC,D+,F,FDM,FM,202480,FR,FDM 24923,CotA,CotA,0.0,1.3,FR/SO Intervention Needed
40358,40358,Registered,FDM,24923,KC,F,F,FDM,FD,202480,SO,FDM 24923,CotA,CotA,0.0,0.0,FR/SO Intervention Needed
40364,40364,Registered,FDM,24923,KC,C+,F,FDM,FM,202480,JR,FDM 24923,CotA,CotA,0.0,2.3,JR/SR Intervention Needed
40317,40317,Registered,FDM,24923,KC,B+,F,FDM,FM,202480,SO,FDM 24923,CotA,CotA,0.0,3.3,FR/SO Intervention Needed
40324,40324,Registered,FDM,24923,KC,B-,C,FDM,FM,202480,SO,FDM 24923,CotA,CotA,2.0,2.7,FR/SO Intervention Needed
40329,40329,Registered,FDM,24923,KC,A-,C-,FDM,FM,202480,FR,FDM 24923,CotA,CotA,1.7,3.7,FR/SO Intervention Needed
40315,40315,Registered,FDM,24923,KC,D,C,FDM,FM,202480,SO,FDM 24923,CotA,CotA,2.0,1.0,FR/SO Intervention Needed
40292,40292,Registered,FDM,24923,KC,C+,F,FDM,FM,202480,SO,FDM 24923,CotA,CotA,0.0,2.3,FR/SO Intervention Needed
40298,40298,Registered,FDM,24923,KC,B,C,FDM,FM,202480,SO,FDM 24923,CotA,CotA,2.0,3.0,FR/SO Intervention Needed
40299,40299,Registered,FDM,24923,KC,B,C-,FDM,FM,202480,SO,FDM 24923,CotA,CotA,1.7,3.0,FR/SO Intervention Needed
40300,40300,Registered,FDM,24923,KC,F,F,FDM,FM,202480,SO,FDM 24923,CotA,CotA,0.0,0.0,FR/SO Intervention Needed
40277,40277,Registered,FDM,24923,KC,F,F,FDM,FM,202480,SO,FDM 24923,CotA,CotA,0.0,0.0,FR/SO Intervention Needed
40253,40253,Registered,FDM,24923,KC,B-,C-,FDM,FM,202480,SO,FDM 24923,CotA,CotA,1.7,2.7,FR/SO Intervention Needed
40262,40262,Registered,FDM,24923,KC,C+,C,FDM,FM,202480,FR,FDM 24923,CotA,CotA,2.0,2.3,FR/SO Intervention Needed
40251,40251,Registered,FDM,24923,KC,D,F,FDM,FM,202480,SO,FDM 24923,CotA,CotA,0.0,1.0,FR/SO Intervention Needed
77117,77117,Registered,THEA,29275,KC,B-,C,THDN,MUT,202480,FR,THEA 29275,CotA,CotA,2.0,2.7,FR/SO Intervention Needed
77161,77161,Registered,THEA,29275,KC,D,F,THDN,THEA,202480,JR,THEA 29275,CotA,CotA,0.0,1.0,JR/SR Intervention Needed
64451,64451,Registered,MDJ,20627,KC,B-,D,MDJ,COMM,202480,SO,MDJ 20627,CCI,CCI,1.0,2.7,FR/SO Intervention Needed
64467,64467,Registered,MDJ,20627,KC,D,F,MDJ,DMP,202480,FR,MDJ 20627,CCI,CCI,0.0,1.0,FR/SO Intervention Needed
64468,64468,Registered,MDJ,20627,KC,C,C,MDJ,DMP,202480,SO,MDJ 20627,CCI,CCI,2.0,2.0,FR/SO Intervention Needed
64432,64432,Registered,MDJ,20627,KC,C,F,MDJ,DMP,202480,SO,MDJ 20627,CCI,CCI,0.0,2.0,FR/SO Intervention Needed
64436,64436,Registered,MDJ,20627,KC,C,D,MDJ,VCD,202480,SO,MDJ 20627,CCI,CCI,1.0,2.0,FR/SO Intervention Needed
64437,64437,Registered,MDJ,20627,KC,F,F,MDJ,DMP,202480,FR,MDJ 20627,CCI,CCI,0.0,0.0,FR/SO Intervention Needed
64422,64422,Registered,MDJ,20627,KC,B,C,MDJ,DMP,202480,SO,MDJ 20627,CCI,CCI,2.0,3.0,FR/SO Intervention Needed
64423,64423,Registered,MDJ,20627,KC,C-,F,MDJ,DMP,202480,SO,MDJ 20627,CCI,CCI,0.0,1.7,FR/SO Intervention Needed
64407,64407,Stopped Attending - Failed,MDJ,20627,KC,SF,F,MDJ,DMP,202480,SO,MDJ 20627,CCI,CCI,0.0,0.0,FR/SO Intervention Needed
77142,77142,Registered,THEA,29275,KC,F,D,THDN,MUT,202480,FR,THEA 29275,CotA,CotA,1.0,0.0,FR/SO Intervention Needed
77151,77151,Registered,THEA,29275,KC,B-,D,THDN,THEA,202480,FR,THEA 29275,CotA,CotA,1.0,2.7,FR/SO Intervention Needed
77157,77157,Registered,THEA,29275,KC,B-,D+,THDN,THEA,202480,FR,THEA 29275,CotA,CotA,1.3,2.7,FR/SO Intervention Needed
77159,77159,Registered,THEA,29275,KC,D+,F,THDN,THEA,202480,FR,THEA 29275,CotA,CotA,0.0,1.3,FR/SO Intervention Needed
64411,64411,Registered,MDJ,20627,KC,F,F,MDJ,DMP,202480,JR,MDJ 20627,CCI,CCI,0.0,0.0,JR/SR Intervention Needed
77397,77397,Registered,THEA,26012,KC,C,D,THDN,THEA,202480,FR,THEA 26012,CotA,CotA,1.0,2.0,FR/SO Intervention Needed
77471,77471,Registered,THEA,28661,KC,D,F,THDN,TDTP,202480,FR,THEA 28661,CotA,CotA,0.0,1.0,FR/SO Intervention Needed
77475,77475,Registered,THEA,28661,KC,A,F,THDN,TDTP,202480,SO,THEA 28661,CotA,CotA,0.0,4.0,FR/SO Intervention Needed
77842,77842,Registered,THEA,22559,KC,A,C,THDN,FM,202480,SO,THEA 22559,CotA,CotA,2.0,4.0,FR/SO Intervention Needed
14966,14966,Registered,ARTH,17400,KC,B+,F,ART,ARCS,202480,SR,ARTH 17400,CAED,CotA,0.0,3.3,JR/SR Intervention Needed
14968,14968,Registered,ARTH,17400,KC,C-,C,ART,FD,202480,SO,ARTH 17400,CotA,CotA,2.0,1.7,FR/SO Intervention Needed
14982,14982,Stopped Attending - Failed,ARTH,17400,KC,SF,SF,ART,FD,202480,SO,ARTH 17400,CotA,CotA,0.0,0.0,FR/SO Intervention Needed
14986,14986,Registered,ARTH,17400,KC,F,C-,ART,TDTP,202480,FR,ARTH 17400,CotA,CotA,1.7,0.0,FR/SO Intervention Needed
15023,15023,Registered,ARTH,17400,KC,B,C,ART,VCD,202480,FR,ARTH 17400,CCI,CotA,2.0,3.0,FR/SO Intervention Needed
26244,26244,Registered,COMM,17591,KC,C,D+,COMM,ARTE,202480,SO,COMM 17591,CotA,CCI,1.3,2.0,FR/SO Intervention Needed
26037,26037,Stopped Attending - Failed,COMM,17591,KC,SF,F,COMM,COMM,202480,FR,COMM 17591,CCI,CCI,0.0,0.0,FR/SO Intervention Needed
5476,5476,Registered,ARCH,11467,KC,C+,D,ARCH,ARCH,202480,FR,ARCH 11467,CAED,CAED,1.0,2.3,FR/SO Intervention Needed
5484,5484,Registered,ARCH,11467,KC,B,C,ARCH,ARCH,202480,FR,ARCH 11467,CAED,CAED,2.0,3.0,FR/SO Intervention Needed
5461,5461,Registered,ARCH,11467,KC,F,F,ARCH,ARCH,202480,FR,ARCH 11467,CAED,CAED,0.0,0.0,FR/SO Intervention Needed
5466,5466,Registered,ARCH,11467,KC,B,C,ARCH,ARCH,202480,FR,ARCH 11467,CAED,CAED,2.0,3.0,FR/SO Intervention Needed
78111,78111,Registered,THEA,17060,KC,B,C-,THDN,TDTP,202480,FR,THEA 17060,CotA,CotA,1.7,3.0,FR/SO Intervention Needed
78113,78113,Std Withdrawn,THEA,17060,KC,W,F,THDN,THEA,202480,FR,THEA 17060,CotA,CotA,0.0,0.0,FR/SO Intervention Needed
78120,78120,Registered,THEA,17060,KC,C+,C,THDN,THEA,202480,FR,THEA 17060,CotA,CotA,2.0,2.3,FR/SO Intervention Needed
78134,78134,Registered,THEA,17060,KC,B+,D,THDN,THEA,202480,FR,THEA 17060,CotA,CotA,1.0,3.3,FR/SO Intervention Needed
78145,78145,Registered,THEA,17060,KC,D,F,THDN,FD,202480,JR,THEA 17060,CotA,CotA,0.0,1.0,JR/SR Intervention Needed
49338,49338,Std Withdrawn,FDM,20907,KC,W,C,FDM,FM,202480,SO,FDM 20907,CotA,CotA,2.0,0.0,FR/SO Intervention Needed
49339,49339,Std Withdrawn,FDM,20907,KC,W,F,FDM,FM,202480,SR,FDM 20907,CotA,CotA,0.0,0.0,JR/SR Intervention Needed
49355,49355,Std Withdrawn,FDM,20907,KC,W,F,FDM,FM,202480,SO,FDM 20907,CotA,CotA,0.0,0.0,FR/SO Intervention Needed
49327,49327,Registered,FDM,20907,KC,C+,F,FDM,FM,202480,SR,FDM 20907,CotA,CotA,0.0,2.3,JR/SR Intervention Needed
49330,49330,Registered,FDM,20907,KC,C,F,FDM,FM,202480,SO,FDM 20907,CotA,CotA,0.0,2.0,FR/SO Intervention Needed
49334,49334,Stopped Attending - Failed,FDM,20907,KC,SF,F,FDM,FM,202480,SR,FDM 20907,CotA,CotA,0.0,0.0,JR/SR Intervention Needed
49370,49370,Registered,FDM,20907,KC,C,F,FDM,FD,202480,SR,FDM 20907,CotA,CotA,0.0,2.0,JR/SR Intervention Needed
49349,49349,Registered,FDM,20907,KC,B-,C,FDM,FM,202480,SO,FDM 20907,CotA,CotA,2.0,2.7,FR/SO Intervention Needed
49350,49350,Registered,FDM,20907,KC,F,F,FDM,FM,202480,JR,FDM 20907,CotA,CotA,0.0,0.0,JR/SR Intervention Needed
49375,49375,Registered,FDM,20907,KC,F,F,FDM,FM,202480,SO,FDM 20907,CotA,CotA,0.0,0.0,FR/SO Intervention Needed
49362,49362,Registered,FDM,20907,KC,F,F,FDM,FM,202480,SO,FDM 20907,CotA,CotA,0.0,0.0,FR/SO Intervention Needed
49367,49367,Stopped Attending - Failed,FDM,20907,KC,SF,SF,FDM,FD,202480,JR,FDM 20907,CotA,CotA,0.0,0.0,JR/SR Intervention Needed
15036,15036,Registered,ARTH,17400,KC,C,C,ART,ARTH,202480,FR,ARTH 17400,CotA,CotA,2.0,2.0,FR/SO Intervention Needed
15073,15073,Registered,ARTH,17400,KC,D,C,ART,VCD,202480,SO,ARTH 17400,CCI,CotA,2.0,1.0,FR/SO Intervention Needed
5424,5424,Registered,ARCH,11467,KC,B-,C,ARCH,ARCH,202480,FR,ARCH 11467,CAED,CAED,2.0,2.7,FR/SO Intervention Needed
5431,5431,Registered,ARCH,11467,KC,B,C,ARCH,ARCH,202480,FR,ARCH 11467,CAED,CAED,2.0,3.0,FR/SO Intervention Needed
15090,15090,Registered,ARTH,17400,KC,B-,F,ART,ID,202480,FR,ARTH 17400,CAED,CotA,0.0,2.7,FR/SO Intervention Needed
64091,64091,Registered,MDJ,12062,KC,B-,C,MDJ,ADV,202480,FR,MDJ 12062,CCI,CCI,2.0,2.7,FR/SO Intervention Needed
15096,15096,Registered,ARTH,17400,KC,F,F,ART,ARTE,202480,SO,ARTH 17400,CotA,CotA,0.0,0.0,FR/SO Intervention Needed
63973,63973,Registered,MDJ,17554,KC,F,F,MDJ,ADV,202480,SO,MDJ 17554,CCI,CCI,0.0,0.0,FR/SO Intervention Needed
63978,63978,Registered,MDJ,17554,KC,B-,D,MDJ,ADV,202480,FR,MDJ 17554,CCI,CCI,1.0,2.7,FR/SO Intervention Needed
63961,63961,Registered,MDJ,17554,KC,D+,D+,MDJ,ADV,202480,FR,MDJ 17554,CCI,CCI,1.3,1.3,FR/SO Intervention Needed
63963,63963,Registered,MDJ,17554,KC,F,F,MDJ,PR,202480,SO,MDJ 17554,CCI,CCI,0.0,0.0,FR/SO Intervention Needed
15118,15118,Registered,ARTH,17400,KC,B,C,ART,PHOT,202480,SO,ARTH 17400,CCI,CotA,2.0,3.0,FR/SO Intervention Needed
5417,5417,Registered,ARCH,11467,KC,B,D,ARCH,ARCH,202480,FR,ARCH 11467,CAED,CAED,1.0,3.0,FR/SO Intervention Needed
15123,15123,Registered,ARTH,17400,KC,C,F,ART,FD,202480,SO,ARTH 17400,CotA,CotA,0.0,2.0,FR/SO Intervention Needed
15140,15140,Registered,ARTH,17400,KC,A-,C-,ART,ID,202480,FR,ARTH 17400,CAED,CotA,1.7,3.7,FR/SO Intervention Needed
15142,15142,Registered,ARTH,17400,KC,C,D,ART,ID,202480,FR,ARTH 17400,CAED,CotA,1.0,2.0,FR/SO Intervention Needed
15147,15147,Registered,ARTH,17400,KC,D,F,ART,FD,202480,SO,ARTH 17400,CotA,CotA,0.0,1.0,FR/SO Intervention Needed
15182,15182,Registered,ARTH,17400,KC,C-,C,ART,COMM,202480,FR,ARTH 17400,CCI,CotA,2.0,1.7,FR/SO Intervention Needed
15185,15185,Registered,ARTH,17400,KC,F,F,ART,ID,202480,FR,ARTH 17400,CAED,CotA,0.0,0.0,FR/SO Intervention Needed
15178,15178,Registered,ARTH,17400,KC,D+,F,ART,SART,202480,FR,ARTH 17400,CotA,CotA,0.0,1.3,FR/SO Intervention Needed
25995,25995,Registered,COMM,17591,KC,B-,F,COMM,COMM,202480,SO,COMM 17591,CCI,CCI,0.0,2.7,FR/SO Intervention Needed
25964,25964,Registered,COMM,17591,KC,D,D+,COMM,JNL,202480,SO,COMM 17591,CCI,CCI,1.3,1.0,FR/SO Intervention Needed
25944,25944,Std Withdrawn,COMM,17591,KC,W,F,COMM,ARTE,202480,SO,COMM 17591,CotA,CCI,0.0,0.0,FR/SO Intervention Needed
25884,25884,Registered,COMM,17591,KC,C-,F,COMM,COMM,202480,SO,COMM 17591,CCI,CCI,0.0,1.7,FR/SO Intervention Needed
25890,25890,Registered,COMM,17591,KC,F,F,COMM,VCD,202480,JR,COMM 17591,CCI,CCI,0.0,0.0,JR/SR Intervention Needed
5394,5394,Registered,ARCH,11467,KC,B-,C-,ARCH,ARCH,202480,SO,ARCH 11467,CAED,CAED,1.7,2.7,FR/SO Intervention Needed
5400,5400,Registered,ARCH,11467,KC,F,F,ARCH,ID,202480,SO,ARCH 11467,CAED,CAED,0.0,0.0,FR/SO Intervention Needed
5375,5375,Registered,ARCH,11467,KC,C,F,ARCH,ARCH,202480,FR,ARCH 11467,CAED,CAED,0.0,2.0,FR/SO Intervention Needed
5350,5350,Registered,ARCH,11467,KC,C,C,ARCH,ARCH,202480,FR,ARCH 11467,CAED,CAED,2.0,2.0,FR/SO Intervention Needed
5333,5333,Registered,ARCH,11467,KC,A,C,ARCH,ARCH,202480,FR,ARCH 11467,CAED,CAED,2.0,4.0,FR/SO Intervention Needed
78346,78346,Registered,THEA,22915,KC,B,C,THDN,THEA,202480,FR,THEA 22915,CotA,CotA,2.0,3.0,FR/SO Intervention Needed
78347,78347,Registered,THEA,22915,KC,A,D+,THDN,DANC,202480,SO,THEA 22915,CotA,CotA,1.3,4.0,FR/SO Intervention Needed
78348,78348,Registered,THEA,22915,KC,D,C-,THDN,THEA,202480,FR,THEA 22915,CotA,CotA,1.7,1.0,FR/SO Intervention Needed
78336,78336,Registered,THEA,22915,KC,C+,C,THDN,TDTP,202480,FR,THEA 22915,CotA,CotA,2.0,2.3,FR/SO Intervention Needed
5312,5312,Std Withdrawn,ARCH,11467,KC,W,D+,ARCH,ARCH,202480,FR,ARCH 11467,CAED,CAED,1.3,0.0,FR/SO Intervention Needed
5321,5321,Registered,ARCH,11467,KC,B-,C-,ARCH,ARCH,202480,FR,ARCH 11467,CAED,CAED,1.7,2.7,FR/SO Intervention Needed
5281,5281,Registered,ARCH,11467,KC,F,D,ARCH,ARCH,202480,FR,ARCH 11467,CAED,CAED,1.0,0.0,FR/SO Intervention Needed
5284,5284,Registered,ARCH,11467,KC,D+,C-,ARCH,ARCH,202480,FR,ARCH 11467,CAED,CAED,1.7,1.3,FR/SO Intervention Needed
5285,5285,Registered,ARCH,11467,KC,B-,D,ARCH,ARCH,202480,FR,ARCH 11467,CAED,CAED,1.0,2.7,FR/SO Intervention Needed
5289,5289,Registered,ARCH,11467,KC,A,C,ARCH,ARCH,202480,FR,ARCH 11467,CAED,CAED,2.0,4.0,FR/SO Intervention Needed
50031,50031,Registered,FDM,27868,KC,F,F,FDM,FD,202480,JR,FDM 27868,CotA,CotA,0.0,0.0,JR/SR Intervention Needed
50051,50051,Registered,FDM,27868,KC,B+,C,FDM,FD,202480,SO,FDM 27868,CotA,CotA,2.0,3.3,FR/SO Intervention Needed
50052,50052,Registered,FDM,27868,KC,C+,F,FDM,FD,202480,JR,FDM 27868,CotA,CotA,0.0,2.3,JR/SR Intervention Needed
50091,50091,Std Withdrawn,FDM,27868,KC,W,C,FDM,FD,202480,SO,FDM 27868,CotA,CotA,2.0,0.0,FR/SO Intervention Needed
50061,50061,Registered,FDM,27868,KC,B,C,FDM,FD,202480,SO,FDM 27868,CotA,CotA,2.0,3.0,FR/SO Intervention Needed
50086,50086,Std Withdrawn,FDM,27868,KC,W,C,FDM,FD,202480,SO,FDM 27868,CotA,CotA,2.0,0.0,FR/SO Intervention Needed
15212,15212,Registered,ARTH,17400,KC,C,F,ART,FD,202480,SO,ARTH 17400,CotA,CotA,0.0,2.0,FR/SO Intervention Needed
50095,50095,Registered,FDM,27868,KC,C+,F,FDM,FD,202480,SO,FDM 27868,CotA,CotA,0.0,2.3,FR/SO Intervention Needed
63541,63541,Registered,MDJ,13358,KC,C,F,MDJ,DMP,202480,JR,MDJ 13358,CCI,CCI,0.0,2.0,JR/SR Intervention Needed
63529,63529,Registered,MDJ,13358,KC,F,F,MDJ,JNL,202480,FR,MDJ 13358,CCI,CCI,0.0,0.0,FR/SO Intervention Needed
63518,63518,Registered,MDJ,13358,KC,C+,C,MDJ,JNL,202480,FR,MDJ 13358,CCI,CCI,2.0,2.3,FR/SO Intervention Needed
5274,5274,Registered,ARCH,11467,KC,B-,C,ARCH,ARCH,202480,FR,ARCH 11467,CAED,CAED,2.0,2.7,FR/SO Intervention Needed
63482,63482,Registered,MDJ,13358,KC,D,D,MDJ,DMP,202480,SO,MDJ 13358,CCI,CCI,1.0,1.0,FR/SO Intervention Needed
5277,5277,Registered,ARCH,11467,KC,F,F,ARCH,ARCH,202480,SO,ARCH 11467,CAED,CAED,0.0,0.0,FR/SO Intervention Needed
5278,5278,Registered,ARCH,11467,KC,D,C,ARCH,ID,202480,SO,ARCH 11467,CAED,CAED,2.0,1.0,FR/SO Intervention Needed
78477,78477,Registered,THEA,15947,KC,C+,C,THDN,TDTP,202480,SO,THEA 15947,CotA,CotA,2.0,2.3,FR/SO Intervention Needed
5249,5249,Registered,ARCH,11467,KC,D,C-,ARCH,ARCS,202480,SO,ARCH 11467,CAED,CAED,1.7,1.0,FR/SO Intervention Needed
5253,5253,Registered,ARCH,11467,KC,C,C,ARCH,ID,202480,SO,ARCH 11467,CAED,CAED,2.0,2.0,FR/SO Intervention Needed
5243,5243,Registered,ARCH,11467,KC,B+,C,ARCH,ID,202480,SO,ARCH 11467,CAED,CAED,2.0,3.3,FR/SO Intervention Needed
5224,5224,Registered,ARCH,11467,KC,B+,D,ARCH,ARCH,202480,FR,ARCH 11467,CAED,CAED,1.0,3.3,FR/SO Intervention Needed
5206,5206,Std Withdrawn,ARCH,11467,KC,W,F,ARCH,ID,202480,JR,ARCH 11467,CAED,CAED,0.0,0.0,JR/SR Intervention Needed
5220,5220,Registered,ARCH,11467,KC,D,F,ARCH,ID,202480,SO,ARCH 11467,CAED,CAED,0.0,1.0,FR/SO Intervention Needed
15229,15229,Registered,ARTH,17400,KC,A-,D+,ART,ID,202480,SO,ARTH 17400,CAED,CotA,1.3,3.7,FR/SO Intervention Needed
15245,15245,Registered,ARTH,17400,KC,C,C,ART,FD,202480,SO,ARTH 17400,CotA,CotA,2.0,2.0,FR/SO Intervention Needed
15224,15224,Std Withdrawn,ARTH,17400,KC,W,D+,ART,FD,202480,SO,ARTH 17400,CotA,CotA,1.3,0.0,FR/SO Intervention Needed
15226,15226,Registered,ARTH,17400,KC,D,F,ART,FD,202480,JR,ARTH 17400,CotA,CotA,0.0,1.0,JR/SR Intervention Needed
15259,15259,Registered,ARTH,17400,KC,B+,F,ART,ADV,202480,JR,ARTH 17400,CCI,CotA,0.0,3.3,JR/SR Intervention Needed
15242,15242,Registered,ARTH,17400,KC,A,C,ART,FD,202480,SO,ARTH 17400,CotA,CotA,2.0,4.0,FR/SO Intervention Needed
15276,15276,Registered,ARTH,17400,KC,C-,C-,ART,SART,202480,SO,ARTH 17400,CotA,CotA,1.7,1.7,FR/SO Intervention Needed
5198,5198,Registered,ARCH,11467,KC,F,D,ARCH,ARCH,202480,FR,ARCH 11467,CAED,CAED,1.0,0.0,FR/SO Intervention Needed
15273,15273,Registered,ARTH,17400,KC,B,C,ART,FD,202480,SO,ARTH 17400,CotA,CotA,2.0,3.0,FR/SO Intervention Needed
78707,78707,Registered,THEA,11654,KC,D,C-,THDN,MUT,202480,SO,THEA 11654,CotA,CotA,1.7,1.0,FR/SO Intervention Needed
5186,5186,Std Withdrawn,ARCH,11467,KC,W,C-,ARCH,ARCH,202480,FR,ARCH 11467,CAED,CAED,1.7,0.0,FR/SO Intervention Needed
79104,79104,Registered,THEA,22478,KC,B,F,THDN,THEA,202480,SO,THEA 22478,CotA,CotA,0.0,3.0,FR/SO Intervention Needed
79105,79105,Registered,THEA,22478,KC,F,D,THDN,THEA,202480,SO,THEA 22478,CotA,CotA,1.0,0.0,FR/SO Intervention Needed
79338,79338,Registered,THEA,19134,KC,F,F,THDN,MUT,202480,SO,THEA 19134,CotA,CotA,0.0,0.0,FR/SO Intervention Needed
79316,79316,Registered,THEA,19134,KC,D+,D,THDN,MUT,202480,FR,THEA 19134,CotA,CotA,1.0,1.3,FR/SO Intervention Needed
79671,79671,Registered,THEA,13155,KC,C,C-,THDN,THEA,202480,SO,THEA 13155,CotA,CotA,1.7,2.0,FR/SO Intervention Needed
79802,79802,Registered,THEA,25866,KC,F,F,THDN,TDTP,202480,SO,THEA 25866,CotA,CotA,0.0,0.0,FR/SO Intervention Needed
79809,79809,Std Withdrawn,THEA,25866,KC,W,F,THDN,TDTP,202480,SO,THEA 25866,CotA,CotA,0.0,0.0,FR/SO Intervention Needed
38869,38869,Registered,FDM,14111,KC,B-,C,FDM,FD,202480,FR,FDM 14111,CotA,CotA,2.0,2.7,FR/SO Intervention Needed
38871,38871,Registered,FDM,14111,KC,F,F,FDM,FM,202480,FR,FDM 14111,CotA,CotA,0.0,0.0,FR/SO Intervention Needed
38873,38873,Registered,FDM,14111,KC,F,D+,FDM,FM,202480,SO,FDM 14111,CotA,CotA,1.3,0.0,FR/SO Intervention Needed
38876,38876,Registered,FDM,14111,KC,D,D,FDM,FM,202480,SO,FDM 14111,CotA,CotA,1.0,1.0,FR/SO Intervention Needed
38853,38853,Registered,FDM,14111,KC,C,D,FDM,FM,202480,SO,FDM 14111,CotA,CotA,1.0,2.0,FR/SO Intervention Needed
38832,38832,Registered,FDM,14111,KC,C+,D,FDM,FM,202480,FR,FDM 14111,CotA,CotA,1.0,2.3,FR/SO Intervention Needed
38825,38825,Stopped Attending - Failed,FDM,14111,KC,SF,C,FDM,FM,202480,SO,FDM 14111,CotA,CotA,2.0,0.0,FR/SO Intervention Needed
38808,38808,Registered,FDM,14111,KC,C,D,FDM,FM,202480,SO,FDM 14111,CotA,CotA,1.0,2.0,FR/SO Intervention Needed
38790,38790,Registered,FDM,14111,KC,C-,D+,FDM,FD,202480,FR,FDM 14111,CotA,CotA,1.3,1.7,FR/SO Intervention Needed
38742,38742,Registered,FDM,14111,KC,C,C,FDM,FM,202480,FR,FDM 14111,CotA,CotA,2.0,2.0,FR/SO Intervention Needed
38724,38724,Registered,FDM,14111,KC,C,D,FDM,FM,202480,SO,FDM 14111,CotA,CotA,1.0,2.0,FR/SO Intervention Needed
38727,38727,Registered,FDM,14111,KC,B,C,FDM,FM,202480,SO,FDM 14111,CotA,CotA,2.0,3.0,FR/SO Intervention Needed
38703,38703,Registered,FDM,14111,KC,C+,C-,FDM,FM,202480,FR,FDM 14111,CotA,CotA,1.7,2.3,FR/SO Intervention Needed
30456,30456,Registered,COMM,21241,KC,C-,F,COMM,COMM,202480,JR,COMM 21241,CCI,CCI,0.0,1.7,JR/SR Intervention Needed
50764,50764,Registered,FDM,17764,KC,B-,F,FDM,FM,202480,JR,FDM 17764,CotA,CotA,0.0,2.7,JR/SR Intervention Needed
50745,50745,Std Withdrawn,FDM,17764,KC,W,F,FDM,FD,202480,JR,FDM 17764,CotA,CotA,0.0,0.0,JR/SR Intervention Needed
50765,50765,Registered,FDM,17764,KC,B-,C,FDM,FD,202480,SO,FDM 17764,CotA,CotA,2.0,2.7,FR/SO Intervention Needed
50767,50767,Registered,FDM,17764,KC,B-,C,FDM,FD,202480,SO,FDM 17764,CotA,CotA,2.0,2.7,FR/SO Intervention Needed
50770,50770,Std Withdrawn,FDM,17764,KC,W,SF,FDM,FD,202480,SO,FDM 17764,CotA,CotA,0.0,0.0,FR/SO Intervention Needed
50812,50812,Registered,FDM,17764,KC,F,D+,FDM,FD,202480,SO,FDM 17764,CotA,CotA,1.3,0.0,FR/SO Intervention Needed
50783,50783,Registered,FDM,17764,KC,F,C-,FDM,FD,202480,SO,FDM 17764,CotA,CotA,1.7,0.0,FR/SO Intervention Needed
50790,50790,Std Withdrawn,FDM,17764,KC,W,F,FDM,FD,202480,SO,FDM 17764,CotA,CotA,0.0,0.0,FR/SO Intervention Needed
50793,50793,Registered,FDM,17764,KC,C,C-,FDM,FD,202480,SO,FDM 17764,CotA,CotA,1.7,2.0,FR/SO Intervention Needed
50800,50800,Registered,FDM,17764,KC,,C,FDM,FD,202480,SO,FDM 17764,CotA,CotA,2.0,,FR/SO Intervention Needed
50802,50802,Registered,FDM,17764,KC,C,C,FDM,FD,202480,SO,FDM 17764,CotA,CotA,2.0,2.0,FR/SO Intervention Needed
50808,50808,Std Withdrawn,FDM,17764,KC,W,F,FDM,FD,202480,SO,FDM 17764,CotA,CotA,0.0,0.0,FR/SO Intervention Needed
50844,50844,Registered,FDM,17764,KC,C,D+,FDM,FD,202480,SO,FDM 17764,CotA,CotA,1.3,2.0,FR/SO Intervention Needed
50823,50823,Registered,FDM,17764,KC,C+,D+,FDM,FD,202480,SO,FDM 17764,CotA,CotA,1.3,2.3,FR/SO Intervention Needed
50834,50834,Stopped Attending - Failed,FDM,17764,KC,SF,C,FDM,FD,202480,SO,FDM 17764,CotA,CotA,2.0,0.0,FR/SO Intervention Needed
50855,50855,Registered,FDM,17764,KC,F,F,FDM,FD,202480,SO,FDM 17764,CotA,CotA,0.0,0.0,FR/SO Intervention Needed
50874,50874,Registered,FDM,17764,KC,C-,D,FDM,FD,202480,SO,FDM 17764,CotA,CotA,1.0,1.7,FR/SO Intervention Needed
50888,50888,Registered,FDM,17764,KC,C-,C-,FDM,FD,202480,SO,FDM 17764,CotA,CotA,1.7,1.7,FR/SO Intervention Needed
50902,50902,Registered,FDM,17764,KC,C,D+,FDM,FD,202480,SO,FDM 17764,CotA,CotA,1.3,2.0,FR/SO Intervention Needed
63012,63012,Registered,MDJ,28436,KC,D+,F,MDJ,COMM,202480,SR,MDJ 28436,CCI,CCI,0.0,1.3,JR/SR Intervention Needed
63016,63016,Registered,MDJ,28436,KC,C,F,MDJ,COMM,202480,JR,MDJ 28436,CCI,CCI,0.0,2.0,JR/SR Intervention Needed
80546,80546,Registered,VCD,19588,KC,B,C-,VCD,VCD,202480,FR,VCD 19588,CCI,CCI,1.7,3.0,FR/SO Intervention Needed
80554,80554,Registered,VCD,19588,KC,F,F,VCD,COMM,202480,SO,VCD 19588,CCI,CCI,0.0,0.0,FR/SO Intervention Needed
62761,62761,Registered,MDJ,11788,KC,B-,F,MDJ,ADV,202480,SO,MDJ 11788,CCI,CCI,0.0,2.7,FR/SO Intervention Needed
62749,62749,Registered,MDJ,11788,KC,C-,C,MDJ,COMM,202480,SO,MDJ 11788,CCI,CCI,2.0,1.7,FR/SO Intervention Needed
62750,62750,Registered,MDJ,11788,KC,F,F,MDJ,COMM,202480,SR,MDJ 11788,CCI,CCI,0.0,0.0,JR/SR Intervention Needed
80578,80578,Registered,VCD,19588,KC,F,F,VCD,ARCH,202480,SO,VCD 19588,CAED,CCI,0.0,0.0,FR/SO Intervention Needed
80579,80579,Registered,VCD,19588,KC,F,D,VCD,SART,202480,SO,VCD 19588,CotA,CCI,1.0,0.0,FR/SO Intervention Needed
80582,80582,Registered,VCD,19588,KC,A,C,VCD,SART,202480,SO,VCD 19588,CotA,CCI,2.0,4.0,FR/SO Intervention Needed
80587,80587,Registered,VCD,19588,KC,C,C,VCD,VCD,202480,FR,VCD 19588,CCI,CCI,2.0,2.0,FR/SO Intervention Needed
80600,80600,Registered,VCD,19588,KC,F,F,VCD,EMAT,202480,FR,VCD 19588,CCI,CCI,0.0,0.0,FR/SO Intervention Needed
80618,80618,Registered,VCD,19588,KC,F,F,VCD,VCD,202480,FR,VCD 19588,CCI,CCI,0.0,0.0,FR/SO Intervention Needed
80591,80591,Stopped Attending - Failed,VCD,19588,KC,SF,F,VCD,VCD,202480,FR,VCD 19588,CCI,CCI,0.0,0.0,FR/SO Intervention Needed
80626,80626,Registered,VCD,19588,KC,B,D,VCD,VCD,202480,FR,VCD 19588,CCI,CCI,1.0,3.0,FR/SO Intervention Needed
80636,80636,Registered,VCD,19588,KC,F,F,VCD,VCD,202480,FR,VCD 19588,CCI,CCI,0.0,0.0,FR/SO Intervention Needed
80644,80644,Registered,VCD,19588,KC,C-,C,VCD,DMP,202480,SO,VCD 19588,CCI,CCI,2.0,1.7,FR/SO Intervention Needed
80646,80646,Registered,VCD,19588,KC,F,C-,VCD,DMP,202480,SO,VCD 19588,CCI,CCI,1.7,0.0,FR/SO Intervention Needed
30701,30701,Stopped Attending - Failed,DAN,13945,KC,SF,F,THDN,VCD,202480,SO,DAN 13945,CCI,CotA,0.0,0.0,FR/SO Intervention Needed
30704,30704,Registered,DAN,13945,KC,C-,C,THDN,DANC,202480,FR,DAN 13945,CotA,CotA,2.0,1.7,FR/SO Intervention Needed
80664,80664,Registered,VCD,19588,KC,C+,F,VCD,PHOT,202480,FR,VCD 19588,CCI,CCI,0.0,2.3,FR/SO Intervention Needed
80666,80666,Registered,VCD,19588,KC,B,C,VCD,VCD,202480,FR,VCD 19588,CCI,CCI,2.0,3.0,FR/SO Intervention Needed
80640,80640,Registered,VCD,19588,KC,C-,F,VCD,FD,202480,SR,VCD 19588,CotA,CCI,0.0,1.7,JR/SR Intervention Needed
30762,30762,Registered,DAN,22742,KC,C+,C,THDN,DANC,202480,SO,DAN 22742,CotA,CotA,2.0,2.3,FR/SO Intervention Needed
80676,80676,Registered,VCD,19588,KC,C,C-,VCD,VCD,202480,FR,VCD 19588,CCI,CCI,1.7,2.0,FR/SO Intervention Needed
80682,80682,Registered,VCD,19588,KC,C,F,VCD,ADV,202480,SR,VCD 19588,CCI,CCI,0.0,2.0,JR/SR Intervention Needed
80697,80697,Registered,VCD,19588,KC,B,C,VCD,VCD,202480,FR,VCD 19588,CCI,CCI,2.0,3.0,FR/SO Intervention Needed
80671,80671,Registered,VCD,19588,KC,F,F,VCD,COMM,202480,SO,VCD 19588,CCI,CCI,0.0,0.0,FR/SO Intervention Needed
30937,30937,Registered,EMAT,12670,KC,F,D,EMAT,EMAT,202480,FR,EMAT 12670,CCI,CCI,1.0,0.0,FR/SO Intervention Needed
80706,80706,Registered,VCD,19588,KC,B+,C-,VCD,DMP,202480,FR,VCD 19588,CCI,CCI,1.7,3.3,FR/SO Intervention Needed
80714,80714,Stopped Attending - Failed,VCD,19588,KC,SF,F,VCD,VCD,202480,FR,VCD 19588,CCI,CCI,0.0,0.0,FR/SO Intervention Needed
80731,80731,Registered,VCD,19588,KC,D+,F,VCD,VCD,202480,FR,VCD 19588,CCI,CCI,0.0,1.3,FR/SO Intervention Needed
80701,80701,Registered,VCD,19588,KC,C+,C,VCD,FD,202480,FR,VCD 19588,CotA,CCI,2.0,2.3,FR/SO Intervention Needed
31802,31802,Registered,EMAT,19538,KC,F,D,EMAT,FM,202480,SO,EMAT 19538,CotA,CCI,1.0,0.0,FR/SO Intervention Needed
81628,81628,Std Withdrawn,VCD,28950,KC,W,C,VCD,VCD,202480,SO,VCD 28950,CCI,CCI,2.0,0.0,FR/SO Intervention Needed
81602,81602,Registered,VCD,28950,KC,B,D,VCD,DMP,202480,SO,VCD 28950,CCI,CCI,1.0,3.0,FR/SO Intervention Needed
81642,81642,Registered,VCD,28950,KC,B,C,VCD,VCD,202480,FR,VCD 28950,CCI,CCI,2.0,3.0,FR/SO Intervention Needed
81616,81616,Stopped Attending - Failed,VCD,28950,KC,SF,F,VCD,VCD,202480,SO,VCD 28950,CCI,CCI,0.0,0.0,FR/SO Intervention Needed
81658,81658,Registered,VCD,28950,KC,A-,D,VCD,VCD,202480,FR,VCD 28950,CCI,CCI,1.0,3.7,FR/SO Intervention Needed
81631,81631,Registered,VCD,28950,KC,B-,C-,VCD,VCD,202480,FR,VCD 28950,CCI,CCI,1.7,2.7,FR/SO Intervention Needed
81633,81633,Std Withdrawn,VCD,28950,KC,W,SF,VCD,VCD,202480,FR,VCD 28950,CCI,CCI,0.0,0.0,FR/SO Intervention Needed
81634,81634,Std Withdrawn,VCD,28950,KC,W,D,VCD,VCD,202480,FR,VCD 28950,CCI,CCI,1.0,0.0,FR/SO Intervention Needed
61129,61129,Registered,MDJ,15027,KC,F,F,MDJ,FD,202480,SR,MDJ 15027,CotA,CCI,0.0,0.0,JR/SR Intervention Needed
61039,61039,Registered,MDJ,15027,KC,D+,F,MDJ,TDTP,202480,JR,MDJ 15027,CotA,CCI,0.0,1.3,JR/SR Intervention Needed
61028,61028,Registered,MDJ,15027,KC,C-,F,MDJ,FM,202480,FR,MDJ 15027,CotA,CCI,0.0,1.7,FR/SO Intervention Needed
61005,61005,Registered,MDJ,15027,KC,D,C-,MDJ,FM,202480,FR,MDJ 15027,CotA,CCI,1.7,1.0,FR/SO Intervention Needed
60989,60989,Registered,MDJ,15027,KC,B-,C-,MDJ,VCD,202480,SO,MDJ 15027,CCI,CCI,1.7,2.7,FR/SO Intervention Needed
61002,61002,Registered,MDJ,15027,KC,D,F,MDJ,PR,202480,FR,MDJ 15027,CCI,CCI,0.0,1.0,FR/SO Intervention Needed
60980,60980,Registered,MDJ,15027,KC,B+,C-,MDJ,JNL,202480,FR,MDJ 15027,CCI,CCI,1.7,3.3,FR/SO Intervention Needed
60984,60984,Registered,MDJ,15027,KC,B+,C,MDJ,SART,202480,FR,MDJ 15027,CotA,CCI,2.0,3.3,FR/SO Intervention Needed
60987,60987,Registered,MDJ,15027,KC,F,F,MDJ,PR,202480,SO,MDJ 15027,CCI,CCI,0.0,0.0,FR/SO Intervention Needed
60938,60938,Registered,MDJ,15027,KC,A,D+,MDJ,COMM,202480,SO,MDJ 15027,CCI,CCI,1.3,4.0,FR/SO Intervention Needed
60916,60916,Registered,MDJ,15027,KC,A,C,MDJ,VCD,202480,FR,MDJ 15027,CCI,CCI,2.0,4.0,FR/SO Intervention Needed
60892,60892,Registered,MDJ,15027,KC,C+,C,MDJ,JNL,202480,FR,MDJ 15027,CCI,CCI,2.0,2.3,FR/SO Intervention Needed
81691,81691,Std Withdrawn,VCD,28950,KC,W,F,VCD,VCD,202480,FR,VCD 28950,CCI,CCI,0.0,0.0,FR/SO Intervention Needed
81669,81669,Registered,VCD,28950,KC,B-,D,VCD,VCD,202480,SO,VCD 28950,CCI,CCI,1.0,2.7,FR/SO Intervention Needed
81670,81670,Registered,VCD,28950,KC,A-,D+,VCD,VCD,202480,FR,VCD 28950,CCI,CCI,1.3,3.7,FR/SO Intervention Needed
81706,81706,Registered,VCD,28950,KC,B,C-,VCD,VCD,202480,FR,VCD 28950,CCI,CCI,1.7,3.0,FR/SO Intervention Needed
81683,81683,Registered,VCD,28950,KC,C+,F,VCD,VCD,202480,FR,VCD 28950,CCI,CCI,0.0,2.3,FR/SO Intervention Needed
60829,60829,Registered,MDJ,15027,KC,C,D,MDJ,FM,202480,SO,MDJ 15027,CotA,CCI,1.0,2.0,FR/SO Intervention Needed
60866,60866,Registered,MDJ,15027,KC,F,D,MDJ,DMP,202480,FR,MDJ 15027,CCI,CCI,1.0,0.0,FR/SO Intervention Needed
60869,60869,Registered,MDJ,15027,KC,C,F,MDJ,THEA,202480,SR,MDJ 15027,CotA,CCI,0.0,2.0,JR/SR Intervention Needed
60833,60833,Registered,MDJ,15027,KC,F,F,MDJ,COMM,202480,FR,MDJ 15027,CCI,CCI,0.0,0.0,FR/SO Intervention Needed
60837,60837,Registered,MDJ,15027,KC,B,F,MDJ,FD,202480,FR,MDJ 15027,CotA,CCI,0.0,3.0,FR/SO Intervention Needed
21942,21942,Std Withdrawn,CMGT,23815,KC,W,F,ARCH,COMA,202480,SO,CMGT 23815,CAED,CAED,0.0,0.0,FR/SO Intervention Needed
60804,60804,Registered,MDJ,15027,KC,D,F,MDJ,VCD,202480,FR,MDJ 15027,CCI,CCI,0.0,1.0,FR/SO Intervention Needed
21925,21925,Registered,CMGT,23815,KC,C,F,ARCH,COMA,202480,SO,CMGT 23815,CAED,CAED,0.0,2.0,FR/SO Intervention Needed
21935,21935,Registered,CMGT,23815,KC,C,C,ARCH,ARCS,202480,FR,CMGT 23815,CAED,CAED,2.0,2.0,FR/SO Intervention Needed
21909,21909,Registered,CMGT,23815,KC,C,D+,ARCH,COMA,202480,SO,CMGT 23815,CAED,CAED,1.3,2.0,FR/SO Intervention Needed
21910,21910,Registered,CMGT,23815,KC,B+,C,ARCH,COMA,202480,FR,CMGT 23815,CAED,CAED,2.0,3.3,FR/SO Intervention Needed
21913,21913,Registered,CMGT,23815,KC,F,F,ARCH,COMA,202480,SO,CMGT 23815,CAED,CAED,0.0,0.0,FR/SO Intervention Needed
21915,21915,Registered,CMGT,23815,KC,C,C-,ARCH,COMA,202480,SO,CMGT 23815,CAED,CAED,1.7,2.0,FR/SO Intervention Needed
21892,21892,Registered,CMGT,23815,KC,C,D+,ARCH,COMA,202480,SO,CMGT 23815,CAED,CAED,1.3,2.0,FR/SO Intervention Needed
21894,21894,Registered,CMGT,23815,KC,C,C,ARCH,COMA,202480,FR,CMGT 23815,CAED,CAED,2.0,2.0,FR/SO Intervention Needed
21896,21896,Std Withdrawn,CMGT,23815,KC,W,C,ARCH,COMA,202480,SO,CMGT 23815,CAED,CAED,2.0,0.0,FR/SO Intervention Needed
21882,21882,Registered,CMGT,23815,KC,,F,ARCH,COMA,202480,JR,CMGT 23815,CAED,CAED,0.0,,JR/SR Intervention Needed
21891,21891,Registered,CMGT,23815,KC,B-,C-,ARCH,COMA,202480,SO,CMGT 23815,CAED,CAED,1.7,2.7,FR/SO Intervention Needed
60765,60765,Registered,MDJ,15027,KC,B+,D+,MDJ,PR,202480,FR,MDJ 15027,CCI,CCI,1.3,3.3,FR/SO Intervention Needed
21865,21865,Registered,CMGT,23815,KC,B,F,ARCH,COMA,202480,SO,CMGT 23815,CAED,CAED,0.0,3.0,FR/SO Intervention Needed
21866,21866,Registered,CMGT,23815,KC,C,F,ARCH,COMA,202480,SO,CMGT 23815,CAED,CAED,0.0,2.0,FR/SO Intervention Needed
60751,60751,Registered,MDJ,15027,KC,C,F,MDJ,JNL,202480,FR,MDJ 15027,CCI,CCI,0.0,2.0,FR/SO Intervention Needed
60772,60772,Stopped Attending - Failed,MDJ,15027,KC,SF,SF,MDJ,DMP,202480,FR,MDJ 15027,CCI,CCI,0.0,0.0,FR/SO Intervention Needed
60776,60776,Registered,MDJ,15027,KC,C-,D,MDJ,VCD,202480,FR,MDJ 15027,CCI,CCI,1.0,1.7,FR/SO Intervention Needed
60760,60760,Registered,MDJ,15027,KC,A,C,MDJ,DMP,202480,FR,MDJ 15027,CCI,CCI,2.0,4.0,FR/SO Intervention Needed
60741,60741,Registered,MDJ,15027,KC,D,F,MDJ,ADV,202480,FR,MDJ 15027,CCI,CCI,0.0,1.0,FR/SO Intervention Needed
60743,60743,Registered,MDJ,15027,KC,A,F,MDJ,FM,202480,FR,MDJ 15027,CotA,CCI,0.0,4.0,FR/SO Intervention Needed
60685,60685,Std Withdrawn,MDJ,15027,KC,W,U,MDJ,COMM,202480,JR,MDJ 15027,CCI,CCI,0.0,0.0,JR/SR Intervention Needed
60731,60731,Registered,MDJ,15027,KC,D+,C,MDJ,EMAT,202480,SO,MDJ 15027,CCI,CCI,2.0,1.3,FR/SO Intervention Needed
81716,81716,Std Withdrawn,VCD,28950,KC,W,SF,VCD,PHOT,202480,FR,VCD 28950,CCI,CCI,0.0,0.0,FR/SO Intervention Needed
81725,81725,Registered,VCD,28950,KC,D+,C,VCD,VCD,202480,FR,VCD 28950,CCI,CCI,2.0,1.3,FR/SO Intervention Needed
52028,52028,Stopped Attending - Failed,FDM,25693,KC,SF,SF,FDM,FD,202480,SO,FDM 25693,CotA,CotA,0.0,0.0,FR/SO Intervention Needed
52063,52063,Registered,FDM,25693,KC,C-,C,FDM,FD,202480,SO,FDM 25693,CotA,CotA,2.0,1.7,FR/SO Intervention Needed
52071,52071,Registered,FDM,25693,KC,C,C-,FDM,FD,202480,SO,FDM 25693,CotA,CotA,1.7,2.0,FR/SO Intervention Needed
52073,52073,Registered,FDM,25693,KC,D,C,FDM,FD,202480,SO,FDM 25693,CotA,CotA,2.0,1.0,FR/SO Intervention Needed
52078,52078,Stopped Attending - Failed,FDM,25693,KC,SF,F,FDM,FD,202480,JR,FDM 25693,CotA,CotA,0.0,0.0,JR/SR Intervention Needed
52083,52083,Registered,FDM,25693,KC,A-,C,FDM,FD,202480,SO,FDM 25693,CotA,CotA,2.0,3.7,FR/SO Intervention Needed
52089,52089,Registered,FDM,25693,KC,A-,F,FDM,FD,202480,JR,FDM 25693,CotA,CotA,0.0,3.7,JR/SR Intervention Needed
52122,52122,Registered,FDM,25693,KC,F,C,FDM,FD,202480,SO,FDM 25693,CotA,CotA,2.0,0.0,FR/SO Intervention Needed
52100,52100,Registered,FDM,25693,KC,C,D,FDM,FD,202480,SO,FDM 25693,CotA,CotA,1.0,2.0,FR/SO Intervention Needed
52102,52102,Registered,FDM,25693,KC,C,F,FDM,FD,202480,SO,FDM 25693,CotA,CotA,0.0,2.0,FR/SO Intervention Needed
52109,52109,Registered,FDM,25693,KC,C,F,FDM,FD,202480,SO,FDM 25693,CotA,CotA,0.0,2.0,FR/SO Intervention Needed
52113,52113,Registered,FDM,25693,KC,C-,F,FDM,FD,202480,SO,FDM 25693,CotA,CotA,0.0,1.7,FR/SO Intervention Needed
52115,52115,Registered,FDM,25693,KC,C-,D,FDM,FD,202480,SO,FDM 25693,CotA,CotA,1.0,1.7,FR/SO Intervention Needed
52126,52126,Registered,FDM,25693,KC,C+,D,FDM,FD,202480,SO,FDM 25693,CotA,CotA,1.0,2.3,FR/SO Intervention Needed
52143,52143,Registered,FDM,25693,KC,B-,C,FDM,FD,202480,SO,FDM 25693,CotA,CotA,2.0,2.7,FR/SO Intervention Needed
52146,52146,Admin Dropped,FDM,25693,KC,DR,F,FDM,FD,202480,JR,FDM 25693,CotA,CotA,0.0,NaN,JR/SR Intervention Needed
52147,52147,Registered,FDM,25693,KC,D+,D+,FDM,FD,202480,SO,FDM 25693,CotA,CotA,1.3,1.3,FR/SO Intervention Needed
52158,52158,Registered,FDM,25693,KC,C-,F,FDM,FD,202480,SO,FDM 25693,CotA,CotA,0.0,1.7,FR/SO Intervention Needed
52160,52160,Registered,FDM,25693,KC,D,C-,FDM,FD,202480,SO,FDM 25693,CotA,CotA,1.7,1.0,FR/SO Intervention Needed
52166,52166,Std Withdrawn,FDM,25693,KC,W,F,FDM,FD,202480,SO,FDM 25693,CotA,CotA,0.0,0.0,FR/SO Intervention Needed
52173,52173,Registered,FDM,25693,KC,A-,C-,FDM,FD,202480,SO,FDM 25693,CotA,CotA,1.7,3.7,FR/SO Intervention Needed
60695,60695,Registered,MDJ,15027,KC,B-,D+,MDJ,VCD,202480,FR,MDJ 15027,CCI,CCI,1.3,2.7,FR/SO Intervention Needed
60637,60637,Registered,MDJ,15027,KC,C,D,MDJ,ARCS,202480,SO,MDJ 15027,CAED,CCI,1.0,2.0,FR/SO Intervention Needed
60661,60661,Registered,MDJ,15027,KC,B,C,MDJ,DMP,202480,FR,MDJ 15027,CCI,CCI,2.0,3.0,FR/SO Intervention Needed
82106,82106,Registered,VCD,18414,KC,B,F,VCD,DMP,202480,JR,VCD 18414,CCI,CCI,0.0,3.0,JR/SR Intervention Needed
60632,60632,Registered,MDJ,15027,KC,D+,C,MDJ,DMP,202480,FR,MDJ 15027,CCI,CCI,2.0,1.3,FR/SO Intervention Needed
60619,60619,Registered,MDJ,15027,KC,F,F,MDJ,JNL,202480,FR,MDJ 15027,CCI,CCI,0.0,0.0,FR/SO Intervention Needed
82103,82103,Registered,VCD,18414,KC,F,F,VCD,COMM,202480,SO,VCD 18414,CCI,CCI,0.0,0.0,FR/SO Intervention Needed
82114,82114,Registered,VCD,18414,KC,D+,F,VCD,FD,202480,JR,VCD 18414,CotA,CCI,0.0,1.3,JR/SR Intervention Needed
60613,60613,Registered,MDJ,15027,KC,A,F,MDJ,VCD,202480,SR,MDJ 15027,CCI,CCI,0.0,4.0,JR/SR Intervention Needed
60614,60614,Std Withdrawn,MDJ,15027,KC,W,C-,MDJ,COMM,202480,FR,MDJ 15027,CCI,CCI,1.7,0.0,FR/SO Intervention Needed
2936,2936,Registered,ARCH,16841,KC,B-,C,ARCH,THEA,202480,SO,ARCH 16841,CotA,CAED,2.0,2.7,FR/SO Intervention Needed
2940,2940,Registered,ARCH,16841,KC,F,F,ARCH,COMA,202480,FR,ARCH 16841,CAED,CAED,0.0,0.0,FR/SO Intervention Needed
2913,2913,Registered,ARCH,16841,KC,F,C-,ARCH,DMP,202480,SO,ARCH 16841,CCI,CAED,1.7,0.0,FR/SO Intervention Needed
2854,2854,Registered,ARCH,16841,KC,C,C,ARCH,COMA,202480,FR,ARCH 16841,CAED,CAED,2.0,2.0,FR/SO Intervention Needed
2866,2866,Registered,ARCH,16841,KC,C-,C,ARCH,COMA,202480,FR,ARCH 16841,CAED,CAED,2.0,1.7,FR/SO Intervention Needed
2788,2788,Registered,ARCH,16841,KC,C,C,ARCH,COMA,202480,SO,ARCH 16841,CAED,CAED,2.0,2.0,FR/SO Intervention Needed
2775,2775,Registered,ARCH,16841,KC,A-,C,ARCH,COMA,202480,FR,ARCH 16841,CAED,CAED,2.0,3.7,FR/SO Intervention Needed
82472,82472,Registered,VCD,25988,KC,C,F,VCD,VCD,202480,FR,VCD 25988,CCI,CCI,0.0,2.0,FR/SO Intervention Needed
37345,37345,Std Withdrawn,FDM,20725,KC,W,F,FDM,FM,202480,FR,FDM 20725,CotA,CotA,0.0,0.0,FR/SO Intervention Needed
37355,37355,Registered,FDM,20725,KC,D,C,FDM,FD,202480,FR,FDM 20725,CotA,CotA,2.0,1.0,FR/SO Intervention Needed
37327,37327,Registered,FDM,20725,KC,B+,D,FDM,FD,202480,FR,FDM 20725,CotA,CotA,1.0,3.3,FR/SO Intervention Needed
37328,37328,Registered,FDM,20725,KC,C-,C-,FDM,FD,202480,FR,FDM 20725,CotA,CotA,1.7,1.7,FR/SO Intervention Needed
37329,37329,Stopped Attending - Failed,FDM,20725,KC,SF,SF,FDM,FD,202480,SO,FDM 20725,CotA,CotA,0.0,0.0,FR/SO Intervention Needed
37331,37331,Registered,FDM,20725,KC,C,D,FDM,FM,202480,FR,FDM 20725,CotA,CotA,1.0,2.0,FR/SO Intervention Needed
37337,37337,Registered,FDM,20725,KC,A,C,FDM,FM,202480,FR,FDM 20725,CotA,CotA,2.0,4.0,FR/SO Intervention Needed
37309,37309,Registered,FDM,20725,KC,D,C-,FDM,FD,202480,FR,FDM 20725,CotA,CotA,1.7,1.0,FR/SO Intervention Needed
37314,37314,Registered,FDM,20725,KC,B+,F,FDM,FD,202480,SO,FDM 20725,CotA,CotA,0.0,3.3,FR/SO Intervention Needed
37324,37324,Registered,FDM,20725,KC,C,F,FDM,FD,202480,FR,FDM 20725,CotA,CotA,0.0,2.0,FR/SO Intervention Needed
37279,37279,Registered,FDM,20725,KC,B+,C-,FDM,FD,202480,FR,FDM 20725,CotA,CotA,1.7,3.3,FR/SO Intervention Needed
37291,37291,Std Withdrawn,FDM,20725,KC,W,F,FDM,FD,202480,SO,FDM 20725,CotA,CotA,0.0,0.0,FR/SO Intervention Needed
37271,37271,Registered,FDM,20725,KC,B,C,FDM,FD,202480,SO,FDM 20725,CotA,CotA,2.0,3.0,FR/SO Intervention Needed
37232,37232,Registered,FDM,20725,KC,F,D,FDM,FM,202480,FR,FDM 20725,CotA,CotA,1.0,0.0,FR/SO Intervention Needed
37218,37218,Registered,FDM,20725,KC,D,F,FDM,FM,202480,FR,FDM 20725,CotA,CotA,0.0,1.0,FR/SO Intervention Needed
37205,37205,Registered,FDM,20725,KC,A,F,FDM,FD,202480,SO,FDM 20725,CotA,CotA,0.0,4.0,FR/SO Intervention Needed
37182,37182,Registered,FDM,20725,KC,B-,C,FDM,FM,202480,FR,FDM 20725,CotA,CotA,2.0,2.7,FR/SO Intervention Needed
37189,37189,Registered,FDM,20725,KC,F,C,FDM,FM,202480,FR,FDM 20725,CotA,CotA,2.0,0.0,FR/SO Intervention Needed
37165,37165,Registered,FDM,20725,KC,D,D,FDM,FM,202480,FR,FDM 20725,CotA,CotA,1.0,1.0,FR/SO Intervention Needed
37177,37177,Registered,FDM,20725,KC,C,F,FDM,FM,202480,FR,FDM 20725,CotA,CotA,0.0,2.0,FR/SO Intervention Needed
37154,37154,Registered,FDM,20725,KC,B-,F,FDM,FD,202480,FR,FDM 20725,CotA,CotA,0.0,2.7,FR/SO Intervention Needed
37142,37142,Registered,FDM,20725,KC,D,F,FDM,FM,202480,FR,FDM 20725,CotA,CotA,0.0,1.0,FR/SO Intervention Needed
37143,37143,Registered,FDM,20725,KC,B,D,FDM,FD,202480,FR,FDM 20725,CotA,CotA,1.0,3.0,FR/SO Intervention Needed
37124,37124,Registered,FDM,20725,KC,B,C,FDM,FM,202480,SO,FDM 20725,CotA,CotA,2.0,3.0,FR/SO Intervention Needed
37125,37125,Registered,FDM,20725,KC,C+,D+,FDM,FD,202480,SO,FDM 20725,CotA,CotA,1.3,2.3,FR/SO Intervention Needed
37127,37127,Registered,FDM,20725,KC,B-,D+,FDM,FD,202480,FR,FDM 20725,CotA,CotA,1.3,2.7,FR/SO Intervention Needed
37130,37130,Registered,FDM,20725,KC,F,D,FDM,FD,202480,FR,FDM 20725,CotA,CotA,1.0,0.0,FR/SO Intervention Needed
31812,31812,Registered,EMAT,19538,KC,D,F,EMAT,COMM,202480,JR,EMAT 19538,CCI,CCI,0.0,1.0,JR/SR Intervention Needed
31813,31813,Registered,EMAT,19538,KC,A-,F,EMAT,FM,202480,JR,EMAT 19538,CotA,CCI,0.0,3.7,JR/SR Intervention Needed
31821,31821,Std Withdrawn,EMAT,19538,KC,W,SF,EMAT,COMM,202480,FR,EMAT 19538,CCI,CCI,0.0,0.0,FR/SO Intervention Needed
31832,31832,Registered,EMAT,19538,KC,C,F,EMAT,COMM,202480,SR,EMAT 19538,CCI,CCI,0.0,2.0,JR/SR Intervention Needed
31873,31873,Registered,EMAT,19538,KC,F,F,EMAT,VCD,202480,JR,EMAT 19538,CCI,CCI,0.0,0.0,JR/SR Intervention Needed
31875,31875,Registered,EMAT,19538,KC,C+,F,EMAT,ADV,202480,FR,EMAT 19538,CCI,CCI,0.0,2.3,FR/SO Intervention Needed
31907,31907,Registered,EMAT,19538,KC,D,F,EMAT,COMM,202480,JR,EMAT 19538,CCI,CCI,0.0,1.0,JR/SR Intervention Needed
31910,31910,Registered,EMAT,19538,KC,F,D,EMAT,JNL,202480,SO,EMAT 19538,CCI,CCI,1.0,0.0,FR/SO Intervention Needed
31918,31918,Registered,EMAT,19538,KC,C-,F,EMAT,COMM,202480,JR,EMAT 19538,CCI,CCI,0.0,1.7,JR/SR Intervention Needed
31919,31919,Registered,EMAT,19538,KC,C,F,EMAT,JNL,202480,JR,EMAT 19538,CCI,CCI,0.0,2.0,JR/SR Intervention Needed
31925,31925,Registered,EMAT,19538,KC,C,C,EMAT,JNL,202480,FR,EMAT 19538,CCI,CCI,2.0,2.0,FR/SO Intervention Needed
31932,31932,Registered,EMAT,19538,KC,D,C-,EMAT,COMM,202480,SO,EMAT 19538,CCI,CCI,1.7,1.0,FR/SO Intervention Needed
31937,31937,Registered,EMAT,19538,KC,B,C,EMAT,COMM,202480,SO,EMAT 19538,CCI,CCI,2.0,3.0,FR/SO Intervention Needed
31949,31949,Registered,EMAT,19538,KC,D,D+,EMAT,FM,202480,SO,EMAT 19538,CotA,CCI,1.3,1.0,FR/SO Intervention Needed
31963,31963,Registered,EMAT,19538,KC,B,C-,EMAT,EMAT,202480,SO,EMAT 19538,CCI,CCI,1.7,3.0,FR/SO Intervention Needed
82507,82507,Registered,VCD,25988,KC,C,F,VCD,VCD,202480,JR,VCD 25988,CCI,CCI,0.0,2.0,JR/SR Intervention Needed
82479,82479,Stopped Attending - Failed,VCD,25988,KC,SF,F,VCD,VCD,202480,SO,VCD 25988,CCI,CCI,0.0,0.0,FR/SO Intervention Needed
82484,82484,Registered,VCD,25988,KC,D,D,VCD,VCD,202480,SO,VCD 25988,CCI,CCI,1.0,1.0,FR/SO Intervention Needed
82486,82486,Registered,VCD,25988,KC,F,F,VCD,EMAT,202480,JR,VCD 25988,CCI,CCI,0.0,0.0,JR/SR Intervention Needed
82497,82497,Std Withdrawn,VCD,25988,KC,W,D+,VCD,VCD,202480,FR,VCD 25988,CCI,CCI,1.3,0.0,FR/SO Intervention Needed
82515,82515,Registered,VCD,25988,KC,F,F,VCD,VCD,202480,SO,VCD 25988,CCI,CCI,0.0,0.0,FR/SO Intervention Needed
82521,82521,Registered,VCD,25988,KC,F,F,VCD,VCD,202480,SO,VCD 25988,CCI,CCI,0.0,0.0,FR/SO Intervention Needed
82527,82527,Registered,VCD,25988,KC,F,D,VCD,VCD,202480,SO,VCD 25988,CCI,CCI,1.0,0.0,FR/SO Intervention Needed
2705,2705,Registered,ARCH,16841,KC,C,C,ARCH,COMA,202480,SO,ARCH 16841,CAED,CAED,2.0,2.0,FR/SO Intervention Needed
16944,16944,Std Withdrawn,ARTS,28507,KC,W,F,ART,SART,202480,SO,ARTS 28507,CotA,CotA,0.0,0.0,FR/SO Intervention Needed
16961,16961,Registered,ARTS,28507,KC,C,C-,ART,ARTE,202480,FR,ARTS 28507,CotA,CotA,1.7,2.0,FR/SO Intervention Needed
16992,16992,Registered,ARTS,28507,KC,D,D,ART,ARTE,202480,SO,ARTS 28507,CotA,CotA,1.0,1.0,FR/SO Intervention Needed
16993,16993,Registered,ARTS,28507,KC,C,F,ART,SART,202480,SO,ARTS 28507,CotA,CotA,0.0,2.0,FR/SO Intervention Needed
16997,16997,Registered,ARTS,28507,KC,F,F,ART,ARTE,202480,FR,ARTS 28507,CotA,CotA,0.0,0.0,FR/SO Intervention Needed
17007,17007,Registered,ARTS,28507,KC,C-,F,ART,SART,202480,FR,ARTS 28507,CotA,CotA,0.0,1.7,FR/SO Intervention Needed
17023,17023,Registered,ARTS,28507,KC,C,C-,ART,SART,202480,FR,ARTS 28507,CotA,CotA,1.7,2.0,FR/SO Intervention Needed
16994,16994,Registered,ARTS,28507,KC,C,D,ART,ARTE,202480,FR,ARTS 28507,CotA,CotA,1.0,2.0,FR/SO Intervention Needed
82905,82905,Registered,VCD,17213,KC,F,F,VCD,VCD,202480,FR,VCD 17213,CCI,CCI,0.0,0.0,FR/SO Intervention Needed
82913,82913,Registered,VCD,17213,KC,C+,F,VCD,VCD,202480,JR,VCD 17213,CCI,CCI,0.0,2.3,JR/SR Intervention Needed
82914,82914,Stopped Attending - Failed,VCD,17213,KC,SF,F,VCD,VCD,202480,JR,VCD 17213,CCI,CCI,0.0,0.0,JR/SR Intervention Needed
2552,2552,Registered,ARCH,16841,KC,C-,F,ARCH,FM,202480,FR,ARCH 16841,CotA,CAED,0.0,1.7,FR/SO Intervention Needed
2535,2535,Registered,ARCH,16841,KC,F,F,ARCH,COMA,202480,FR,ARCH 16841,CAED,CAED,0.0,0.0,FR/SO Intervention Needed
53369,53369,Registered,FDM,23628,KC,B-,D+,FDM,FM,202480,SO,FDM 23628,CotA,CotA,1.3,2.7,FR/SO Intervention Needed
53364,53364,Registered,FDM,23628,KC,F,F,FDM,FM,202480,SO,FDM 23628,CotA,CotA,0.0,0.0,FR/SO Intervention Needed
53365,53365,Registered,FDM,23628,KC,F,F,FDM,FM,202480,SO,FDM 23628,CotA,CotA,0.0,0.0,FR/SO Intervention Needed
53404,53404,Registered,FDM,23628,KC,C,D,FDM,FD,202480,SO,FDM 23628,CotA,CotA,1.0,2.0,FR/SO Intervention Needed
53375,53375,Registered,FDM,23628,KC,C,D,FDM,FM,202480,SO,FDM 23628,CotA,CotA,1.0,2.0,FR/SO Intervention Needed
53380,53380,Registered,FDM,23628,KC,F,C,FDM,FM,202480,SO,FDM 23628,CotA,CotA,2.0,0.0,FR/SO Intervention Needed
53424,53424,Std Withdrawn,FDM,23628,KC,W,F,FDM,FM,202480,SO,FDM 23628,CotA,CotA,0.0,0.0,FR/SO Intervention Needed
53426,53426,Registered,FDM,23628,KC,D+,D,FDM,FM,202480,SO,FDM 23628,CotA,CotA,1.0,1.3,FR/SO Intervention Needed
53468,53468,Stopped Attending - Failed,FDM,23628,KC,SF,F,FDM,FM,202480,FR,FDM 23628,CotA,CotA,0.0,0.0,FR/SO Intervention Needed
53443,53443,Registered,FDM,23628,KC,C-,D,FDM,FM,202480,SO,FDM 23628,CotA,CotA,1.0,1.7,FR/SO Intervention Needed
53444,53444,Registered,FDM,23628,KC,C,C,FDM,FM,202480,SO,FDM 23628,CotA,CotA,2.0,2.0,FR/SO Intervention Needed
53453,53453,Registered,FDM,23628,KC,B-,F,FDM,FM,202480,SO,FDM 23628,CotA,CotA,0.0,2.7,FR/SO Intervention Needed
2466,2466,Registered,ARCH,16841,KC,C,F,ARCH,COMA,202480,JR,ARCH 16841,CAED,CAED,0.0,2.0,JR/SR Intervention Needed
2478,2478,Std Withdrawn,ARCH,16841,KC,W,F,ARCH,COMA,202480,FR,ARCH 16841,CAED,CAED,0.0,0.0,FR/SO Intervention Needed
17643,17643,Std Withdrawn,ARTS,19694,KC,W,F,ART,ARTE,202480,SR,ARTS 19694,CotA,CotA,0.0,0.0,JR/SR Intervention Needed
17652,17652,Registered,ARTS,19694,KC,C-,D,ART,ARTE,202480,SO,ARTS 19694,CotA,CotA,1.0,1.7,FR/SO Intervention Needed
58204,58204,Stopped Attending - Failed,MDJ,28950,KC,SF,F,MDJ,PHOT,202480,JR,MDJ 28950,CCI,CCI,0.0,0.0,JR/SR Intervention Needed
58191,58191,Registered,MDJ,28950,KC,C+,F,MDJ,DMP,202480,SO,MDJ 28950,CCI,CCI,0.0,2.3,FR/SO Intervention Needed
58192,58192,Registered,MDJ,28950,KC,C-,F,MDJ,DMP,202480,SO,MDJ 28950,CCI,CCI,0.0,1.7,FR/SO Intervention Needed
58159,58159,Registered,MDJ,28950,KC,C,D,MDJ,DMP,202480,FR,MDJ 28950,CCI,CCI,1.0,2.0,FR/SO Intervention Needed
58161,58161,Registered,MDJ,28950,KC,F,F,MDJ,DMP,202480,JR,MDJ 28950,CCI,CCI,0.0,0.0,JR/SR Intervention Needed
58147,58147,Registered,MDJ,28950,KC,D,F,MDJ,DMP,202480,FR,MDJ 28950,CCI,CCI,0.0,1.0,FR/SO Intervention Needed
58152,58152,Registered,MDJ,28950,KC,C+,D,MDJ,DMP,202480,SO,MDJ 28950,CCI,CCI,1.0,2.3,FR/SO Intervention Needed
2398,2398,Registered,ARCH,16841,KC,D+,D,ARCH,COMA,202480,FR,ARCH 16841,CAED,CAED,1.0,1.3,FR/SO Intervention Needed
2384,2384,Admin Dropped,ARCH,16841,KC,DR,SF,ARCH,FM,202480,FR,ARCH 16841,CotA,CAED,0.0,NaN,FR/SO Intervention Needed
83283,83283,Registered,VCD,24327,KC,F,F,VCD,ARCS,202480,SR,VCD 24327,CAED,CCI,0.0,0.0,JR/SR Intervention Needed
83293,83293,Registered,VCD,24327,KC,C+,D,VCD,VCD,202480,FR,VCD 24327,CCI,CCI,1.0,2.3,FR/SO Intervention Needed
58133,58133,Registered,MDJ,28950,KC,C,C,MDJ,DMP,202480,FR,MDJ 28950,CCI,CCI,2.0,2.0,FR/SO Intervention Needed
58139,58139,Registered,MDJ,28950,KC,B,C-,MDJ,VCD,202480,SO,MDJ 28950,CCI,CCI,1.7,3.0,FR/SO Intervention Needed
83756,83756,Registered,VCD,20802,KC,D,D,VCD,VCD,202480,SO,VCD 20802,CCI,CCI,1.0,1.0,FR/SO Intervention Needed
83763,83763,Registered,VCD,20802,KC,C+,C,VCD,VCD,202480,SO,VCD 20802,CCI,CCI,2.0,2.3,FR/SO Intervention Needed
18134,18134,Registered,ARTS,22958,KC,C+,C-,ART,SART,202480,SO,ARTS 22958,CotA,CotA,1.7,2.3,FR/SO Intervention Needed
18138,18138,Std Withdrawn,ARTS,22958,KC,W,D,ART,ARTH,202480,SO,ARTS 22958,CotA,CotA,1.0,0.0,FR/SO Intervention Needed
18148,18148,Registered,ARTS,22958,KC,B-,F,ART,SART,202480,JR,ARTS 22958,CotA,CotA,0.0,2.7,JR/SR Intervention Needed
18150,18150,Registered,ARTS,22958,KC,F,F,ART,SART,202480,SO,ARTS 22958,CotA,CotA,0.0,0.0,FR/SO Intervention Needed
57584,57584,Registered,MDJ,25946,KC,D+,F,MDJ,THEA,202480,FR,MDJ 25946,CotA,CCI,0.0,1.3,FR/SO Intervention Needed
57585,57585,Registered,MDJ,25946,KC,C+,C,MDJ,DMP,202480,SO,MDJ 25946,CCI,CCI,2.0,2.3,FR/SO Intervention Needed
57594,57594,Registered,MDJ,25946,KC,B,C,MDJ,DMP,202480,SO,MDJ 25946,CCI,CCI,2.0,3.0,FR/SO Intervention Needed
57540,57540,Registered,MDJ,25946,KC,C+,C,MDJ,DMP,202480,FR,MDJ 25946,CCI,CCI,2.0,2.3,FR/SO Intervention Needed
57544,57544,Registered,MDJ,25946,KC,F,F,MDJ,DMP,202480,FR,MDJ 25946,CCI,CCI,0.0,0.0,FR/SO Intervention Needed
57547,57547,Registered,MDJ,25946,KC,F,F,MDJ,DMP,202480,JR,MDJ 25946,CCI,CCI,0.0,0.0,JR/SR Intervention Needed
83767,83767,Registered,VCD,20802,KC,F,C-,VCD,VCD,202480,SO,VCD 20802,CCI,CCI,1.7,0.0,FR/SO Intervention Needed
83742,83742,Std Withdrawn,VCD,20802,KC,W,F,VCD,VCD,202480,SR,VCD 20802,CCI,CCI,0.0,0.0,JR/SR Intervention Needed
83783,83783,Registered,VCD,20802,KC,C,C,VCD,VCD,202480,SO,VCD 20802,CCI,CCI,2.0,2.0,FR/SO Intervention Needed
83784,83784,Registered,VCD,20802,KC,F,F,VCD,VCD,202480,SO,VCD 20802,CCI,CCI,0.0,0.0,FR/SO Intervention Needed
83786,83786,Registered,VCD,20802,KC,D+,D+,VCD,VCD,202480,SO,VCD 20802,CCI,CCI,1.3,1.3,FR/SO Intervention Needed
83795,83795,Registered,VCD,20802,KC,F,C,VCD,VCD,202480,SO,VCD 20802,CCI,CCI,2.0,0.0,FR/SO Intervention Needed
83798,83798,Registered,VCD,20802,KC,F,F,VCD,VCD,202480,SR,VCD 20802,CCI,CCI,0.0,0.0,JR/SR Intervention Needed
57507,57507,Registered,MDJ,25946,KC,F,C,MDJ,DMP,202480,FR,MDJ 25946,CCI,CCI,2.0,0.0,FR/SO Intervention Needed
83773,83773,Std Withdrawn,VCD,20802,KC,W,C,VCD,VCD,202480,SO,VCD 20802,CCI,CCI,2.0,0.0,FR/SO Intervention Needed
83816,83816,Registered,VCD,20802,KC,D,F,VCD,VCD,202480,SO,VCD 20802,CCI,CCI,0.0,1.0,FR/SO Intervention Needed
83822,83822,Registered,VCD,20802,KC,C-,D,VCD,VCD,202480,SO,VCD 20802,CCI,CCI,1.0,1.7,FR/SO Intervention Needed
35763,35763,Registered,FDM,21467,KC,F,D,FDM,FD,202480,FR,FDM 21467,CotA,CotA,1.0,0.0,FR/SO Intervention Needed
35766,35766,Registered,FDM,21467,KC,C,C,FDM,FD,202480,FR,FDM 21467,CotA,CotA,2.0,2.0,FR/SO Intervention Needed
35768,35768,Registered,FDM,21467,KC,B,F,FDM,FM,202480,SO,FDM 21467,CotA,CotA,0.0,3.0,FR/SO Intervention Needed
35770,35770,Registered,FDM,21467,KC,C+,C,FDM,FM,202480,SO,FDM 21467,CotA,CotA,2.0,2.3,FR/SO Intervention Needed
35744,35744,Registered,FDM,21467,KC,F,D,FDM,FD,202480,SO,FDM 21467,CotA,CotA,1.0,0.0,FR/SO Intervention Needed
35750,35750,Std Withdrawn,FDM,21467,KC,W,D,FDM,FD,202480,FR,FDM 21467,CotA,CotA,1.0,0.0,FR/SO Intervention Needed
54130,54130,Registered,FDM,18819,KC,,F,FDM,FM,202480,SO,FDM 18819,CotA,CotA,0.0,,FR/SO Intervention Needed
54136,54136,Registered,FDM,18819,KC,C,C,FDM,FM,202480,SO,FDM 18819,CotA,CotA,2.0,2.0,FR/SO Intervention Needed
54139,54139,Stopped Attending - Failed,FDM,18819,KC,SF,SF,FDM,FM,202480,FR,FDM 18819,CotA,CotA,0.0,0.0,FR/SO Intervention Needed
54146,54146,Registered,FDM,18819,KC,D,D,FDM,FM,202480,SO,FDM 18819,CotA,CotA,1.0,1.0,FR/SO Intervention Needed
54163,54163,Registered,FDM,18819,KC,C-,D+,FDM,JNL,202480,SO,FDM 18819,CCI,CotA,1.3,1.7,FR/SO Intervention Needed
54166,54166,Registered,FDM,18819,KC,B-,C,FDM,FM,202480,SO,FDM 18819,CotA,CotA,2.0,2.7,FR/SO Intervention Needed
54167,54167,Registered,FDM,18819,KC,F,C-,FDM,FM,202480,SO,FDM 18819,CotA,CotA,1.7,0.0,FR/SO Intervention Needed
54172,54172,Registered,FDM,18819,KC,C-,D,FDM,FM,202480,SO,FDM 18819,CotA,CotA,1.0,1.7,FR/SO Intervention Needed
54183,54183,Std Withdrawn,FDM,18819,KC,W,F,FDM,FM,202480,JR,FDM 18819,CotA,CotA,0.0,0.0,JR/SR Intervention Needed
54185,54185,Registered,FDM,18819,KC,C,C,FDM,FM,202480,SO,FDM 18819,CotA,CotA,2.0,2.0,FR/SO Intervention Needed
54218,54218,Registered,FDM,18819,KC,B,C,FDM,JNL,202480,SO,FDM 18819,CCI,CotA,2.0,3.0,FR/SO Intervention Needed
54219,54219,Registered,FDM,18819,KC,B+,C-,FDM,FM,202480,SO,FDM 18819,CotA,CotA,1.7,3.3,FR/SO Intervention Needed
35718,35718,Registered,FDM,21467,KC,C+,C,FDM,FD,202480,FR,FDM 21467,CotA,CotA,2.0,2.3,FR/SO Intervention Needed
35724,35724,Registered,FDM,21467,KC,C,D,FDM,FD,202480,SO,FDM 21467,CotA,CotA,1.0,2.0,FR/SO Intervention Needed
35703,35703,Registered,FDM,21467,KC,C+,C,FDM,FM,202480,FR,FDM 21467,CotA,CotA,2.0,2.3,FR/SO Intervention Needed
35682,35682,Registered,FDM,21467,KC,B-,F,FDM,FD,202480,SO,FDM 21467,CotA,CotA,0.0,2.7,FR/SO Intervention Needed
35683,35683,Registered,FDM,21467,KC,B,C,FDM,FD,202480,SO,FDM 21467,CotA,CotA,2.0,3.0,FR/SO Intervention Needed
35674,35674,Stopped Attending - Failed,FDM,21467,KC,SF,D,FDM,FD,202480,SO,FDM 21467,CotA,CotA,1.0,0.0,FR/SO Intervention Needed
35654,35654,Registered,FDM,21467,KC,F,D,FDM,FM,202480,FR,FDM 21467,CotA,CotA,1.0,0.0,FR/SO Intervention Needed
35655,35655,Std Withdrawn,FDM,21467,KC,W,F,FDM,FM,202480,JR,FDM 21467,CotA,CotA,0.0,0.0,JR/SR Intervention Needed
35659,35659,Registered,FDM,21467,KC,C+,F,FDM,FM,202480,FR,FDM 21467,CotA,CotA,0.0,2.3,FR/SO Intervention Needed
35630,35630,Stopped Attending - Failed,FDM,21467,KC,SF,SF,FDM,FM,202480,SR,FDM 21467,CotA,CotA,0.0,0.0,JR/SR Intervention Needed
35632,35632,Registered,FDM,21467,KC,B,F,FDM,FM,202480,FR,FDM 21467,CotA,CotA,0.0,3.0,FR/SO Intervention Needed
35638,35638,Registered,FDM,21467,KC,C+,D,FDM,FD,202480,FR,FDM 21467,CotA,CotA,1.0,2.3,FR/SO Intervention Needed
35588,35588,Registered,FDM,21467,KC,F,F,FDM,FM,202480,FR,FDM 21467,CotA,CotA,0.0,0.0,FR/SO Intervention Needed
35567,35567,Std Withdrawn,FDM,21467,KC,W,D,FDM,FD,202480,SO,FDM 21467,CotA,CotA,1.0,0.0,FR/SO Intervention Needed
18641,18641,Registered,ARTS,28482,KC,C+,C,ART,ARTE,202480,SO,ARTS 28482,CotA,CotA,2.0,2.3,FR/SO Intervention Needed
18618,18618,Registered,ARTS,28482,KC,C,C,ART,SART,202480,SO,ARTS 28482,CotA,CotA,2.0,2.0,FR/SO Intervention Needed
18636,18636,Registered,ARTS,28482,KC,D,F,ART,SART,202480,SO,ARTS 28482,CotA,CotA,0.0,1.0,FR/SO Intervention Needed
18644,18644,Registered,ARTS,28482,KC,B-,C,ART,VCD,202480,FR,ARTS 28482,CCI,CotA,2.0,2.7,FR/SO Intervention Needed
18650,18650,Registered,ARTS,28482,KC,B-,D+,ART,ARTE,202480,SO,ARTS 28482,CotA,CotA,1.3,2.7,FR/SO Intervention Needed
18651,18651,Registered,ARTS,28482,KC,B,C-,ART,SART,202480,FR,ARTS 28482,CotA,CotA,1.7,3.0,FR/SO Intervention Needed
35571,35571,Registered,FDM,21467,KC,A-,C-,FDM,FD,202480,SO,FDM 21467,CotA,CotA,1.7,3.7,FR/SO Intervention Needed
35578,35578,Registered,FDM,21467,KC,B,C,FDM,FD,202480,FR,FDM 21467,CotA,CotA,2.0,3.0,FR/SO Intervention Needed
35549,35549,Registered,FDM,21467,KC,B-,F,FDM,FM,202480,SO,FDM 21467,CotA,CotA,0.0,2.7,FR/SO Intervention Needed
18675,18675,Registered,ARTS,28482,KC,B,C,ART,ARTE,202480,SO,ARTS 28482,CotA,CotA,2.0,3.0,FR/SO Intervention Needed
35558,35558,Registered,FDM,21467,KC,B,C,FDM,FM,202480,FR,FDM 21467,CotA,CotA,2.0,3.0,FR/SO Intervention Needed
35559,35559,Registered,FDM,21467,KC,F,F,FDM,FM,202480,FR,FDM 21467,CotA,CotA,0.0,0.0,FR/SO Intervention Needed
35561,35561,Registered,FDM,21467,KC,C+,D,FDM,FM,202480,FR,FDM 21467,CotA,CotA,1.0,2.3,FR/SO Intervention Needed
35546,35546,Registered,FDM,21467,KC,B,F,FDM,FM,202480,FR,FDM 21467,CotA,CotA,0.0,3.0,FR/SO Intervention Needed
35547,35547,Registered,FDM,21467,KC,B+,C,FDM,FD,202480,FR,FDM 21467,CotA,CotA,2.0,3.3,FR/SO Intervention Needed
32847,32847,Registered,EMAT,26013,KC,B-,C,EMAT,EMAT,202480,FR,EMAT 26013,CCI,CCI,2.0,2.7,FR/SO Intervention Needed
32865,32865,Std Withdrawn,EMAT,26013,KC,W,C,EMAT,EMAT,202480,SO,EMAT 26013,CCI,CCI,2.0,0.0,FR/SO Intervention Needed
32867,32867,Registered,EMAT,26013,KC,C+,F,EMAT,VCD,202480,SO,EMAT 26013,CCI,CCI,0.0,2.3,FR/SO Intervention Needed
32889,32889,Registered,EMAT,26013,KC,D,F,EMAT,DMP,202480,SO,EMAT 26013,CCI,CCI,0.0,1.0,FR/SO Intervention Needed
32891,32891,Registered,EMAT,26013,KC,F,F,EMAT,COMM,202480,JR,EMAT 26013,CCI,CCI,0.0,0.0,JR/SR Intervention Needed
84266,84266,Registered,VCD,18839,KC,F,F,VCD,VCD,202480,JR,VCD 18839,CCI,CCI,0.0,0.0,JR/SR Intervention Needed
84242,84242,Registered,VCD,18839,KC,A,F,VCD,VCD,202480,SO,VCD 18839,CCI,CCI,0.0,4.0,FR/SO Intervention Needed
84255,84255,Registered,VCD,18839,KC,F,F,VCD,PHOT,202480,SO,VCD 18839,CCI,CCI,0.0,0.0,FR/SO Intervention Needed
84732,84732,Registered,VCD,13182,KC,B+,C,VCD,VCD,202480,SO,VCD 13182,CCI,CCI,2.0,3.3,FR/SO Intervention Needed
84745,84745,Registered,VCD,13182,KC,B,C,VCD,VCD,202480,FR,VCD 13182,CCI,CCI,2.0,3.0,FR/SO Intervention Needed
84746,84746,Std Withdrawn,VCD,13182,KC,W,F,VCD,VCD,202480,SO,VCD 13182,CCI,CCI,0.0,0.0,FR/SO Intervention Needed
57055,57055,Registered,ID,13310,KC,C-,C,ARCH,ID,202480,SO,ID 13310,CAED,CAED,2.0,1.7,FR/SO Intervention Needed
57083,57083,Registered,ID,13310,KC,B-,D+,ARCH,ID,202480,SO,ID 13310,CAED,CAED,1.3,2.7,FR/SO Intervention Needed
57067,57067,Registered,ID,13310,KC,B-,C-,ARCH,ID,202480,SO,ID 13310,CAED,CAED,1.7,2.7,FR/SO Intervention Needed
57043,57043,Registered,ID,13310,KC,C,F,ARCH,ID,202480,JR,ID 13310,CAED,CAED,0.0,2.0,JR/SR Intervention Needed
84757,84757,Registered,VCD,13182,KC,C+,D+,VCD,VCD,202480,FR,VCD 13182,CCI,CCI,1.3,2.3,FR/SO Intervention Needed
84751,84751,Registered,VCD,13182,KC,F,F,VCD,VCD,202480,SO,VCD 13182,CCI,CCI,0.0,0.0,FR/SO Intervention Needed
85048,85048,Registered,VCD,17656,KC,B-,D,VCD,PHOT,202480,SO,VCD 17656,CCI,CCI,1.0,2.7,FR/SO Intervention Needed
85064,85064,Registered,VCD,17656,KC,F,F,VCD,PHOT,202480,SO,VCD 17656,CCI,CCI,0.0,0.0,FR/SO Intervention Needed
85054,85054,Registered,VCD,17656,KC,B,F,VCD,FD,202480,SR,VCD 17656,CotA,CCI,0.0,3.0,JR/SR Intervention Needed
19218,19218,Registered,CCI,11716,KC,B,D+,CCI,ARTE,202480,SO,CCI 11716,CotA,CCI,1.3,3.0,FR/SO Intervention Needed
19247,19247,Registered,CCI,11716,KC,D,C,CCI,VCD,202480,SO,CCI 11716,CCI,CCI,2.0,1.0,FR/SO Intervention Needed
19224,19224,Registered,CCI,11716,KC,A,F,CCI,VCD,202480,JR,CCI 11716,CCI,CCI,0.0,4.0,JR/SR Intervention Needed
19267,19267,Registered,CCI,11716,KC,F,F,CCI,DMP,202480,SR,CCI 11716,CCI,CCI,0.0,0.0,JR/SR Intervention Needed
19287,19287,Registered,CCI,11716,KC,D,D,CCI,PHOT,202480,SO,CCI 11716,CCI,CCI,1.0,1.0,FR/SO Intervention Needed
301,301,Registered,AED,22860,KC,C,C,ARCH,ID,202480,FR,AED 22860,CAED,CAED,2.0,2.0,FR/SO Intervention Needed
279,279,Std Withdrawn,AED,22860,KC,W,F,ARCH,ID,202480,FR,AED 22860,CAED,CAED,0.0,0.0,FR/SO Intervention Needed
282,282,Registered,AED,22860,KC,B-,C,ARCH,ID,202480,FR,AED 22860,CAED,CAED,2.0,2.7,FR/SO Intervention Needed
286,286,Registered,AED,22860,KC,B+,D,ARCH,ID,202480,FR,AED 22860,CAED,CAED,1.0,3.3,FR/SO Intervention Needed
291,291,Registered,AED,22860,KC,B-,C,ARCH,ID,202480,SO,AED 22860,CAED,CAED,2.0,2.7,FR/SO Intervention Needed
275,275,Std Withdrawn,AED,22860,KC,W,F,ARCH,ID,202480,FR,AED 22860,CAED,CAED,0.0,0.0,FR/SO Intervention Needed
248,248,Registered,AED,22860,KC,C-,C,ARCH,ID,202480,FR,AED 22860,CAED,CAED,2.0,1.7,FR/SO Intervention Needed
255,255,Registered,AED,22860,KC,C+,C-,ARCH,ID,202480,FR,AED 22860,CAED,CAED,1.7,2.3,FR/SO Intervention Needed
259,259,Registered,AED,22860,KC,F,F,ARCH,ID,202480,FR,AED 22860,CAED,CAED,0.0,0.0,FR/SO Intervention Needed
232,232,Registered,AED,22860,KC,D,F,ARCH,ID,202480,FR,AED 22860,CAED,CAED,0.0,1.0,FR/SO Intervention Needed
220,220,Registered,AED,22860,KC,C-,C-,ARCH,ID,202480,FR,AED 22860,CAED,CAED,1.7,1.7,FR/SO Intervention Needed
226,226,Registered,AED,22860,KC,D,C-,ARCH,ARCH,202480,FR,AED 22860,CAED,CAED,1.7,1.0,FR/SO Intervention Needed
34206,34206,Registered,FDM,12670,KC,B,C-,FDM,FD,202480,FR,FDM 12670,CotA,CotA,1.7,3.0,FR/SO Intervention Needed
34212,34212,Std Withdrawn,FDM,12670,KC,W,SF,FDM,FD,202480,FR,FDM 12670,CotA,CotA,0.0,0.0,FR/SO Intervention Needed
34213,34213,Registered,FDM,12670,KC,B-,C,FDM,FM,202480,FR,FDM 12670,CotA,CotA,2.0,2.7,FR/SO Intervention Needed
34216,34216,Registered,FDM,12670,KC,D,D,FDM,FD,202480,FR,FDM 12670,CotA,CotA,1.0,1.0,FR/SO Intervention Needed
56488,56488,Registered,ID,21822,KC,B+,C,ARCH,ID,202480,FR,ID 21822,CAED,CAED,2.0,3.3,FR/SO Intervention Needed
34219,34219,Registered,FDM,12670,KC,A,C,FDM,FD,202480,FR,FDM 12670,CotA,CotA,2.0,4.0,FR/SO Intervention Needed
34195,34195,Registered,FDM,12670,KC,B-,D,FDM,FD,202480,FR,FDM 12670,CotA,CotA,1.0,2.7,FR/SO Intervention Needed
34157,34157,Registered,FDM,12670,KC,F,D,FDM,FM,202480,SO,FDM 12670,CotA,CotA,1.0,0.0,FR/SO Intervention Needed
34158,34158,Stopped Attending - Failed,FDM,12670,KC,SF,F,FDM,FM,202480,FR,FDM 12670,CotA,CotA,0.0,0.0,FR/SO Intervention Needed
34166,34166,Registered,FDM,12670,KC,D,F,FDM,FD,202480,FR,FDM 12670,CotA,CotA,0.0,1.0,FR/SO Intervention Needed
34153,34153,Std Withdrawn,FDM,12670,KC,W,D,FDM,FD,202480,FR,FDM 12670,CotA,CotA,1.0,0.0,FR/SO Intervention Needed
34125,34125,Registered,FDM,12670,KC,D+,D,FDM,FM,202480,SO,FDM 12670,CotA,CotA,1.0,1.3,FR/SO Intervention Needed
34128,34128,Registered,FDM,12670,KC,B,D,FDM,FM,202480,FR,FDM 12670,CotA,CotA,1.0,3.0,FR/SO Intervention Needed
34130,34130,Registered,FDM,12670,KC,F,D,FDM,FD,202480,FR,FDM 12670,CotA,CotA,1.0,0.0,FR/SO Intervention Needed
20343,20343,Std Withdrawn,CMGT,11015,KC,W,D,ARCH,ARCH,202480,SO,CMGT 11015,CAED,CAED,1.0,0.0,FR/SO Intervention Needed
20317,20317,Registered,CMGT,11015,KC,A,F,ARCH,COMA,202480,JR,CMGT 11015,CAED,CAED,0.0,4.0,JR/SR Intervention Needed
20319,20319,Registered,CMGT,11015,KC,C-,F,ARCH,COMA,202480,SO,CMGT 11015,CAED,CAED,0.0,1.7,FR/SO Intervention Needed
20323,20323,Registered,CMGT,11015,KC,B-,C-,ARCH,COMA,202480,SO,CMGT 11015,CAED,CAED,1.7,2.7,FR/SO Intervention Needed
34105,34105,Registered,FDM,12670,KC,F,F,FDM,FM,202480,JR,FDM 12670,CotA,CotA,0.0,0.0,JR/SR Intervention Needed
34084,34084,Std Withdrawn,FDM,12670,KC,W,F,FDM,FM,202480,FR,FDM 12670,CotA,CotA,0.0,0.0,FR/SO Intervention Needed
34056,34056,Std Withdrawn,FDM,12670,KC,W,F,FDM,FD,202480,FR,FDM 12670,CotA,CotA,0.0,0.0,FR/SO Intervention Needed
19836,19836,Registered,CMGT,16841,KC,B,C,ARCH,ID,202480,SO,CMGT 16841,CAED,CAED,2.0,3.0,FR/SO Intervention Needed
55974,55974,Registered,ID,11937,KC,F,F,ARCH,ID,202480,JR,ID 11937,CAED,CAED,0.0,0.0,JR/SR Intervention Needed
55955,55955,Registered,ID,11937,KC,B-,C,ARCH,ID,202480,SO,ID 11937,CAED,CAED,2.0,2.7,FR/SO Intervention Needed
55962,55962,Registered,ID,11937,KC,A,C,ARCH,ID,202480,SO,ID 11937,CAED,CAED,2.0,4.0,FR/SO Intervention Needed
55936,55936,Registered,ID,11937,KC,D,D,ARCH,ID,202480,SO,ID 11937,CAED,CAED,1.0,1.0,FR/SO Intervention Needed
55944,55944,Std Withdrawn,ID,11937,KC,W,F,ARCH,ID,202480,SO,ID 11937,CAED,CAED,0.0,0.0,FR/SO Intervention Needed
55946,55946,Registered,ID,11937,KC,C,C-,ARCH,ID,202480,SO,ID 11937,CAED,CAED,1.7,2.0,FR/SO Intervention Needed
55948,55948,Registered,ID,11937,KC,C+,F,ARCH,ID,202480,SO,ID 11937,CAED,CAED,0.0,2.3,FR/SO Intervention Needed
55956,55956,Registered,ID,11937,KC,F,F,ARCH,ID,202480,SO,ID 11937,CAED,CAED,0.0,0.0,FR/SO Intervention Needed
55941,55941,Registered,ID,11937,KC,A-,F,ARCH,ID,202480,JR,ID 11937,CAED,CAED,0.0,3.7,JR/SR Intervention Needed
55318,55318,Registered,ID,24050,KC,C,F,ARCH,ID,202480,FR,ID 24050,CAED,CAED,0.0,2.0,FR/SO Intervention Needed
55320,55320,Registered,ID,24050,KC,F,F,ARCH,ID,202480,FR,ID 24050,CAED,CAED,0.0,0.0,FR/SO Intervention Needed
55321,55321,Registered,ID,24050,KC,B,C,ARCH,ID,202480,FR,ID 24050,CAED,CAED,2.0,3.0,FR/SO Intervention Needed
55931,55931,Registered,ID,11937,KC,F,F,ARCH,ID,202480,SO,ID 11937,CAED,CAED,0.0,0.0,FR/SO Intervention Needed
55309,55309,Registered,ID,24050,KC,A,C,ARCH,ID,202480,SO,ID 24050,CAED,CAED,2.0,4.0,FR/SO Intervention Needed
55327,55327,Registered,ID,24050,KC,D+,D,ARCH,ARCH,202480,SO,ID 24050,CAED,CAED,1.0,1.3,FR/SO Intervention Needed
55329,55329,Registered,ID,24050,KC,F,D,ARCH,ID,202480,FR,ID 24050,CAED,CAED,1.0,0.0,FR/SO Intervention Needed
55366,55366,Registered,ID,24050,KC,A,C,ARCH,ID,202480,SO,ID 24050,CAED,CAED,2.0,4.0,FR/SO Intervention Needed
55386,55386,Std Withdrawn,ID,24050,KC,W,C,ARCH,ID,202480,FR,ID 24050,CAED,CAED,2.0,0.0,FR/SO Intervention Needed
55388,55388,Registered,ID,24050,KC,B+,C,ARCH,ID,202480,FR,ID 24050,CAED,CAED,2.0,3.3,FR/SO Intervention Needed
55359,55359,Registered,ID,24050,KC,B,D+,ARCH,ID,202480,FR,ID 24050,CAED,CAED,1.3,3.0,FR/SO Intervention Needed
55362,55362,Registered,ID,24050,KC,B,C-,ARCH,ID,202480,FR,ID 24050,CAED,CAED,1.7,3.0,FR/SO Intervention Needed
55364,55364,Registered,ID,24050,KC,D,F,ARCH,ID,202480,FR,ID 24050,CAED,CAED,0.0,1.0,FR/SO Intervention Needed
55399,55399,Registered,ID,24050,KC,C,C,ARCH,ID,202480,FR,ID 24050,CAED,CAED,2.0,2.0,FR/SO Intervention Needed
55404,55404,Registered,ID,24050,KC,F,F,ARCH,ARCH,202480,FR,ID 24050,CAED,CAED,0.0,0.0,FR/SO Intervention Needed
55414,55414,Stopped Attending - Failed,ID,24050,KC,SF,F,ARCH,ID,202480,FR,ID 24050,CAED,CAED,0.0,0.0,FR/SO Intervention Needed
19859,19859,Registered,CMGT,16841,KC,B-,D,ARCH,COMA,202480,SO,CMGT 16841,CAED,CAED,1.0,2.7,FR/SO Intervention Needed
19860,19860,Registered,CMGT,16841,KC,B-,C,ARCH,COMA,202480,SO,CMGT 16841,CAED,CAED,2.0,2.7,FR/SO Intervention Needed
55405,55405,Registered,ID,24050,KC,B-,C-,ARCH,ARCH,202480,FR,ID 24050,CAED,CAED,1.7,2.7,FR/SO Intervention Needed
19851,19851,Registered,CMGT,16841,KC,F,F,ARCH,ARCH,202480,SO,CMGT 16841,CAED,CAED,0.0,0.0,FR/SO Intervention Needed
19908,19908,Registered,CMGT,16841,KC,C+,F,ARCH,COMA,202480,JR,CMGT 16841,CAED,CAED,0.0,2.3,JR/SR Intervention Needed
34013,34013,Registered,FDM,12670,KC,C,F,FDM,FM,202480,FR,FDM 12670,CotA,CotA,0.0,2.0,FR/SO Intervention Needed
34025,34025,Registered,FDM,12670,KC,B-,D+,FDM,FD,202480,FR,FDM 12670,CotA,CotA,1.3,2.7,FR/SO Intervention Needed
33998,33998,Registered,FDM,12670,KC,F,F,FDM,FM,202480,FR,FDM 12670,CotA,CotA,0.0,0.0,FR/SO Intervention Needed
33999,33999,Registered,FDM,12670,KC,B,C,FDM,TDTP,202480,FR,FDM 12670,CotA,CotA,2.0,3.0,FR/SO Intervention Needed
34004,34004,Std Withdrawn,FDM,12670,KC,W,SF,FDM,FM,202480,JR,FDM 12670,CotA,CotA,0.0,0.0,JR/SR Intervention Needed
34010,34010,Registered,FDM,12670,KC,F,F,FDM,FM,202480,FR,FDM 12670,CotA,CotA,0.0,0.0,FR/SO Intervention Needed
33992,33992,Stopped Attending - Failed,FDM,12670,KC,SF,F,FDM,FD,202480,FR,FDM 12670,CotA,CotA,0.0,0.0,FR/SO Intervention Needed
33939,33939,Registered,FDM,12670,KC,B,C,FDM,FD,202480,FR,FDM 12670,CotA,CotA,2.0,3.0,FR/SO Intervention Needed
33947,33947,Registered,FDM,12670,KC,F,F,FDM,FD,202480,FR,FDM 12670,CotA,CotA,0.0,0.0,FR/SO Intervention Needed
33949,33949,Registered,FDM,12670,KC,C,F,FDM,FM,202480,FR,FDM 12670,CotA,CotA,0.0,2.0,FR/SO Intervention Needed
33956,33956,Registered,FDM,12670,KC,B+,C,FDM,FD,202480,FR,FDM 12670,CotA,CotA,2.0,3.3,FR/SO Intervention Needed
33960,33960,Registered,FDM,12670,KC,B-,C,FDM,FM,202480,FR,FDM 12670,CotA,CotA,2.0,2.7,FR/SO Intervention Needed
34268,34268,Registered,FDM,12670,KC,B,C,FDM,COMM,202510,FR,FDM 12670,CCI,CotA,2.0,3.0,FR/SO Intervention Needed
47947,47947,Registered,FDM,12681,KC,C,D,FDM,FD,202510,FR,FDM 12681,CotA,CotA,1.0,2.0,FR/SO Intervention Needed
34244,34244,Registered,FDM,12670,KC,B+,F,FDM,FM,202510,FR,FDM 12670,CotA,CotA,0.0,3.3,FR/SO Intervention Needed
34264,34264,Registered,FDM,12670,KC,D,D,FDM,FM,202510,FR,FDM 12670,CotA,CotA,1.0,1.0,FR/SO Intervention Needed
34271,34271,Registered,FDM,12670,KC,D+,F,FDM,FM,202510,FR,FDM 12670,CotA,CotA,0.0,1.3,FR/SO Intervention Needed
34314,34314,Registered,FDM,12670,KC,B-,C,FDM,FM,202510,FR,FDM 12670,CotA,CotA,2.0,2.7,FR/SO Intervention Needed
55664,55664,Std Withdrawn,ID,15409,KC,W,F,ARCH,ID,202510,JR,ID 15409,CAED,CAED,0.0,0.0,JR/SR Intervention Needed
55665,55665,Registered,ID,15409,KC,D,F,ARCH,ID,202510,SO,ID 15409,CAED,CAED,0.0,1.0,FR/SO Intervention Needed
55718,55718,Registered,ID,15409,KC,B,F,ARCH,ID,202510,SO,ID 15409,CAED,CAED,0.0,3.0,FR/SO Intervention Needed
34285,34285,Registered,FDM,12670,KC,C+,D,FDM,FM,202510,FR,FDM 12670,CotA,CotA,1.0,2.3,FR/SO Intervention Needed
55704,55704,Registered,ID,15409,KC,A,F,ARCH,ID,202510,SO,ID 15409,CAED,CAED,0.0,4.0,FR/SO Intervention Needed
55707,55707,Registered,ID,15409,KC,B,C,ARCH,ID,202510,SO,ID 15409,CAED,CAED,2.0,3.0,FR/SO Intervention Needed
34303,34303,Registered,FDM,12670,KC,B-,F,FDM,FM,202510,FR,FDM 12670,CotA,CotA,0.0,2.7,FR/SO Intervention Needed
311,311,Registered,AED,22860,KC,D,C-,ARCH,ID,202510,FR,AED 22860,CAED,CAED,1.7,1.0,FR/SO Intervention Needed
55709,55709,Stopped Attending - Failed,ID,15409,KC,SF,F,ARCH,ID,202510,SO,ID 15409,CAED,CAED,0.0,0.0,FR/SO Intervention Needed
19971,19971,Registered,CMGT,16841,KC,D,F,ARCH,COMA,202510,FR,CMGT 16841,CAED,CAED,0.0,1.0,FR/SO Intervention Needed
19950,19950,Registered,CMGT,16841,KC,F,C,ARCH,COMM,202510,SO,CMGT 16841,CCI,CAED,2.0,0.0,FR/SO Intervention Needed
19960,19960,Registered,CMGT,16841,KC,F,C-,ARCH,ARCH,202510,FR,CMGT 16841,CAED,CAED,1.7,0.0,FR/SO Intervention Needed
19962,19962,Registered,CMGT,16841,KC,B-,C-,ARCH,ARCH,202510,FR,CMGT 16841,CAED,CAED,1.7,2.7,FR/SO Intervention Needed
19945,19945,Registered,CMGT,16841,KC,A-,C-,ARCH,ARCH,202510,FR,CMGT 16841,CAED,CAED,1.7,3.7,FR/SO Intervention Needed
84807,84807,Registered,VCD,13182,KC,B,F,VCD,VCD,202510,SO,VCD 13182,CCI,CCI,0.0,3.0,FR/SO Intervention Needed
84392,84392,Registered,VCD,18839,KC,D+,D,VCD,VCD,202510,SO,VCD 18839,CCI,CCI,1.0,1.3,FR/SO Intervention Needed
84368,84368,Registered,VCD,18839,KC,F,SF,VCD,FM,202510,SR,VCD 18839,CotA,CCI,0.0,0.0,JR/SR Intervention Needed
84385,84385,Registered,VCD,18839,KC,A-,C,VCD,VCD,202510,SO,VCD 18839,CCI,CCI,2.0,3.7,FR/SO Intervention Needed
84378,84378,Registered,VCD,18839,KC,F,F,VCD,PHOT,202510,FR,VCD 18839,CCI,CCI,0.0,0.0,FR/SO Intervention Needed
84290,84290,Std Withdrawn,VCD,18839,KC,W,F,VCD,VCD,202510,JR,VCD 18839,CCI,CCI,0.0,0.0,JR/SR Intervention Needed
84361,84361,Registered,VCD,18839,KC,C,D,VCD,VCD,202510,SO,VCD 18839,CCI,CCI,1.0,2.0,FR/SO Intervention Needed
84333,84333,Registered,VCD,18839,KC,A,C,VCD,VCD,202510,FR,VCD 18839,CCI,CCI,2.0,4.0,FR/SO Intervention Needed
84302,84302,Registered,VCD,18839,KC,D+,F,VCD,VCD,202510,FR,VCD 18839,CCI,CCI,0.0,1.3,FR/SO Intervention Needed
32923,32923,Registered,EMAT,26013,KC,B,C,EMAT,PHOT,202510,SO,EMAT 26013,CCI,CCI,2.0,3.0,FR/SO Intervention Needed
32916,32916,Registered,EMAT,26013,KC,A,C,EMAT,COMM,202510,SO,EMAT 26013,CCI,CCI,2.0,4.0,FR/SO Intervention Needed
32900,32900,Registered,EMAT,26013,KC,B,F,EMAT,EMAT,202510,FR,EMAT 26013,CCI,CCI,0.0,3.0,FR/SO Intervention Needed
35802,35802,Registered,FDM,21467,KC,C-,C,FDM,FM,202510,SO,FDM 21467,CotA,CotA,2.0,1.7,FR/SO Intervention Needed
35803,35803,Registered,FDM,21467,KC,B,D+,FDM,FD,202510,FR,FDM 21467,CotA,CotA,1.3,3.0,FR/SO Intervention Needed
35819,35819,Registered,FDM,21467,KC,F,F,FDM,FM,202510,SO,FDM 21467,CotA,CotA,0.0,0.0,FR/SO Intervention Needed
35820,35820,Registered,FDM,21467,KC,C-,D,FDM,FD,202510,FR,FDM 21467,CotA,CotA,1.0,1.7,FR/SO Intervention Needed
35800,35800,Std Withdrawn,FDM,21467,KC,W,C,FDM,FM,202510,SO,FDM 21467,CotA,CotA,2.0,0.0,FR/SO Intervention Needed
35836,35836,Registered,FDM,21467,KC,C,D,FDM,FM,202510,SO,FDM 21467,CotA,CotA,1.0,2.0,FR/SO Intervention Needed
20377,20377,Registered,CMGT,11015,KC,B-,D+,ARCH,COMA,202510,SO,CMGT 11015,CAED,CAED,1.3,2.7,FR/SO Intervention Needed
35826,35826,Stopped Attending - Failed,FDM,21467,KC,SF,F,FDM,FM,202510,SO,FDM 21467,CotA,CotA,0.0,0.0,FR/SO Intervention Needed
20380,20380,Registered,CMGT,11015,KC,C+,D,ARCH,COMA,202510,FR,CMGT 11015,CAED,CAED,1.0,2.3,FR/SO Intervention Needed
20385,20385,Registered,CMGT,11015,KC,B+,C,ARCH,COMA,202510,FR,CMGT 11015,CAED,CAED,2.0,3.3,FR/SO Intervention Needed
35837,35837,Registered,FDM,21467,KC,F,D+,FDM,FD,202510,FR,FDM 21467,CotA,CotA,1.3,0.0,FR/SO Intervention Needed
35872,35872,Registered,FDM,21467,KC,C,C-,FDM,FD,202510,FR,FDM 21467,CotA,CotA,1.7,2.0,FR/SO Intervention Needed
56199,56199,Registered,ID,13889,KC,B,C,ARCH,ID,202510,SO,ID 13889,CAED,CAED,2.0,3.0,FR/SO Intervention Needed
56208,56208,Registered,ID,13889,KC,C+,C-,ARCH,ID,202510,SO,ID 13889,CAED,CAED,1.7,2.3,FR/SO Intervention Needed
56210,56210,Std Withdrawn,ID,13889,KC,W,F,ARCH,ID,202510,SO,ID 13889,CAED,CAED,0.0,0.0,FR/SO Intervention Needed
35880,35880,Registered,FDM,21467,KC,B-,D,FDM,FD,202510,SO,FDM 21467,CotA,CotA,1.0,2.7,FR/SO Intervention Needed
35854,35854,Stopped Attending - Failed,FDM,21467,KC,SF,F,FDM,FD,202510,SO,FDM 21467,CotA,CotA,0.0,0.0,FR/SO Intervention Needed
56237,56237,Registered,ID,13889,KC,A,C,ARCH,ID,202510,SO,ID 13889,CAED,CAED,2.0,4.0,FR/SO Intervention Needed
35904,35904,Registered,FDM,21467,KC,C-,F,FDM,FD,202510,FR,FDM 21467,CotA,CotA,0.0,1.7,FR/SO Intervention Needed
35879,35879,Registered,FDM,21467,KC,F,F,FDM,FD,202510,FR,FDM 21467,CotA,CotA,0.0,0.0,FR/SO Intervention Needed
83421,83421,Registered,VCD,24327,KC,D,F,VCD,VCD,202510,FR,VCD 24327,CCI,CCI,0.0,1.0,FR/SO Intervention Needed
35917,35917,Registered,FDM,21467,KC,F,F,FDM,FM,202510,JR,FDM 21467,CotA,CotA,0.0,0.0,JR/SR Intervention Needed
83409,83409,Registered,VCD,24327,KC,A-,C-,VCD,VCD,202510,SO,VCD 24327,CCI,CCI,1.7,3.7,FR/SO Intervention Needed
83394,83394,Registered,VCD,24327,KC,B,C,VCD,VCD,202510,SO,VCD 24327,CCI,CCI,2.0,3.0,FR/SO Intervention Needed
83397,83397,Registered,VCD,24327,KC,B-,C-,VCD,VCD,202510,FR,VCD 24327,CCI,CCI,1.7,2.7,FR/SO Intervention Needed
83371,83371,Std Withdrawn,VCD,24327,KC,W,F,VCD,VCD,202510,SR,VCD 24327,CCI,CCI,0.0,0.0,JR/SR Intervention Needed
83376,83376,Registered,VCD,24327,KC,F,F,VCD,VCD,202510,SO,VCD 24327,CCI,CCI,0.0,0.0,FR/SO Intervention Needed
83360,83360,Registered,VCD,24327,KC,C+,F,VCD,VCD,202510,JR,VCD 24327,CCI,CCI,0.0,2.3,JR/SR Intervention Needed
83395,83395,Registered,VCD,24327,KC,C-,D,VCD,VCD,202510,FR,VCD 24327,CCI,CCI,1.0,1.7,FR/SO Intervention Needed
83367,83367,Registered,VCD,24327,KC,C-,F,VCD,VCD,202510,SO,VCD 24327,CCI,CCI,0.0,1.7,FR/SO Intervention Needed
83332,83332,Registered,VCD,24327,KC,F,F,VCD,VCD,202510,FR,VCD 24327,CCI,CCI,0.0,0.0,FR/SO Intervention Needed
83380,83380,Registered,VCD,24327,KC,F,F,VCD,VCD,202510,JR,VCD 24327,CCI,CCI,0.0,0.0,JR/SR Intervention Needed
82927,82927,Registered,VCD,17213,KC,C-,C-,VCD,VCD,202510,SO,VCD 17213,CCI,CCI,1.7,1.7,FR/SO Intervention Needed
32111,32111,Registered,EMAT,19538,KC,B,D,EMAT,PR,202510,FR,EMAT 19538,CCI,CCI,1.0,3.0,FR/SO Intervention Needed
32114,32114,Stopped Attending - Failed,EMAT,19538,KC,SF,F,EMAT,PR,202510,SO,EMAT 19538,CCI,CCI,0.0,0.0,FR/SO Intervention Needed
32093,32093,Registered,EMAT,19538,KC,C,C,EMAT,EMAT,202510,SO,EMAT 19538,CCI,CCI,2.0,2.0,FR/SO Intervention Needed
32079,32079,Registered,EMAT,19538,KC,C-,F,EMAT,FM,202510,SO,EMAT 19538,CotA,CCI,0.0,1.7,FR/SO Intervention Needed
32081,32081,Std Withdrawn,EMAT,19538,KC,W,F,EMAT,FM,202510,JR,EMAT 19538,CotA,CCI,0.0,0.0,JR/SR Intervention Needed
32087,32087,Registered,EMAT,19538,KC,C+,D+,EMAT,COMM,202510,SO,EMAT 19538,CCI,CCI,1.3,2.3,FR/SO Intervention Needed
32023,32023,Registered,EMAT,19538,KC,D,D+,EMAT,JNL,202510,SO,EMAT 19538,CCI,CCI,1.3,1.0,FR/SO Intervention Needed
32009,32009,Registered,EMAT,19538,KC,C+,F,EMAT,COMM,202510,JR,EMAT 19538,CCI,CCI,0.0,2.3,JR/SR Intervention Needed
32010,32010,Registered,EMAT,19538,KC,C+,C,EMAT,COMM,202510,SO,EMAT 19538,CCI,CCI,2.0,2.3,FR/SO Intervention Needed
54978,54978,Registered,ID,29543,KC,D+,C-,ARCH,ID,202510,FR,ID 29543,CAED,CAED,1.7,1.3,FR/SO Intervention Needed
32018,32018,Registered,EMAT,19538,KC,B,C,EMAT,FM,202510,SO,EMAT 19538,CotA,CCI,2.0,3.0,FR/SO Intervention Needed
82580,82580,Registered,VCD,25988,KC,B-,C,VCD,VCD,202510,FR,VCD 25988,CCI,CCI,2.0,2.7,FR/SO Intervention Needed
54968,54968,Registered,ID,29543,KC,D,F,ARCH,ID,202510,FR,ID 29543,CAED,CAED,0.0,1.0,FR/SO Intervention Needed
54983,54983,Registered,ID,29543,KC,D,C-,ARCH,ID,202510,SO,ID 29543,CAED,CAED,1.7,1.0,FR/SO Intervention Needed
54986,54986,Registered,ID,29543,KC,A,C,ARCH,ID,202510,FR,ID 29543,CAED,CAED,2.0,4.0,FR/SO Intervention Needed
54925,54925,Stopped Attending - Failed,ID,29543,KC,SF,F,ARCH,ID,202510,SO,ID 29543,CAED,CAED,0.0,0.0,FR/SO Intervention Needed
82573,82573,Std Withdrawn,VCD,25988,KC,W,C-,VCD,VCD,202510,FR,VCD 25988,CCI,CCI,1.7,0.0,FR/SO Intervention Needed
54924,54924,Registered,ID,29543,KC,B,D,ARCH,ID,202510,FR,ID 29543,CAED,CAED,1.0,3.0,FR/SO Intervention Needed
56745,56745,Registered,ID,19670,KC,C,C-,ARCH,ID,202510,SO,ID 19670,CAED,CAED,1.7,2.0,FR/SO Intervention Needed
56746,56746,Registered,ID,19670,KC,C,D+,ARCH,ID,202510,SO,ID 19670,CAED,CAED,1.3,2.0,FR/SO Intervention Needed
56724,56724,Registered,ID,19670,KC,C,D,ARCH,ID,202510,SO,ID 19670,CAED,CAED,1.0,2.0,FR/SO Intervention Needed
82540,82540,Registered,VCD,25988,KC,F,F,VCD,VCD,202510,JR,VCD 25988,CCI,CCI,0.0,0.0,JR/SR Intervention Needed
19329,19329,Std Withdrawn,CCI,11716,KC,W,F,CCI,VCD,202510,JR,CCI 11716,CCI,CCI,0.0,0.0,JR/SR Intervention Needed
19339,19339,Registered,CCI,11716,KC,,C-,CCI,FM,202510,SO,CCI 11716,CotA,CCI,1.7,,FR/SO Intervention Needed
31986,31986,Registered,EMAT,19538,KC,B,C,EMAT,PR,202510,SO,EMAT 19538,CCI,CCI,2.0,3.0,FR/SO Intervention Needed
37366,37366,Registered,FDM,20725,KC,F,F,FDM,FM,202510,SO,FDM 20725,CotA,CotA,0.0,0.0,FR/SO Intervention Needed
19322,19322,Registered,CCI,11716,KC,F,F,CCI,JNL,202510,JR,CCI 11716,CCI,CCI,0.0,0.0,JR/SR Intervention Needed
19312,19312,Registered,CCI,11716,KC,C,D,CCI,VCD,202510,SO,CCI 11716,CCI,CCI,1.0,2.0,FR/SO Intervention Needed
31978,31978,Registered,EMAT,19538,KC,C-,C,EMAT,COMM,202510,SO,EMAT 19538,CCI,CCI,2.0,1.7,FR/SO Intervention Needed
19317,19317,Registered,CCI,11716,KC,B-,C-,CCI,PHOT,202510,SO,CCI 11716,CCI,CCI,1.7,2.7,FR/SO Intervention Needed
37380,37380,Registered,FDM,20725,KC,C+,F,FDM,FD,202510,FR,FDM 20725,CotA,CotA,0.0,2.3,FR/SO Intervention Needed
37398,37398,Registered,FDM,20725,KC,B+,C,FDM,FD,202510,FR,FDM 20725,CotA,CotA,2.0,3.3,FR/SO Intervention Needed
37401,37401,Registered,FDM,20725,KC,B-,C,FDM,FM,202510,FR,FDM 20725,CotA,CotA,2.0,2.7,FR/SO Intervention Needed
37402,37402,Registered,FDM,20725,KC,C,C,FDM,FD,202510,SO,FDM 20725,CotA,CotA,2.0,2.0,FR/SO Intervention Needed
37379,37379,Registered,FDM,20725,KC,C+,C,FDM,FM,202510,SO,FDM 20725,CotA,CotA,2.0,2.3,FR/SO Intervention Needed
37391,37391,Registered,FDM,20725,KC,F,C-,FDM,FM,202510,FR,FDM 20725,CotA,CotA,1.7,0.0,FR/SO Intervention Needed
37436,37436,Registered,FDM,20725,KC,D,F,FDM,FM,202510,SR,FDM 20725,CotA,CotA,0.0,1.0,JR/SR Intervention Needed
37408,37408,Registered,FDM,20725,KC,B-,D,FDM,FM,202510,FR,FDM 20725,CotA,CotA,1.0,2.7,FR/SO Intervention Needed
37445,37445,Registered,FDM,20725,KC,B+,C,FDM,FM,202510,FR,FDM 20725,CotA,CotA,2.0,3.3,FR/SO Intervention Needed
37448,37448,Registered,FDM,20725,KC,F,D+,FDM,FD,202510,SO,FDM 20725,CotA,CotA,1.3,0.0,FR/SO Intervention Needed
37463,37463,Registered,FDM,20725,KC,A,C,FDM,FD,202510,FR,FDM 20725,CotA,CotA,2.0,4.0,FR/SO Intervention Needed
54696,54696,Registered,ID,19883,KC,IN,C,ARCH,ID,202510,FR,ID 19883,CAED,CAED,2.0,NaN,FR/SO Intervention Needed
54698,54698,Registered,ID,19883,KC,F,F,ARCH,ID,202510,JR,ID 19883,CAED,CAED,0.0,0.0,JR/SR Intervention Needed
54702,54702,Registered,ID,19883,KC,A,C-,ARCH,ID,202510,SO,ID 19883,CAED,CAED,1.7,4.0,FR/SO Intervention Needed
54703,54703,Registered,ID,19883,KC,C,C,ARCH,ID,202510,FR,ID 19883,CAED,CAED,2.0,2.0,FR/SO Intervention Needed
54669,54669,Registered,ID,19883,KC,A-,C,ARCH,ID,202510,SO,ID 19883,CAED,CAED,2.0,3.7,FR/SO Intervention Needed
54674,54674,Registered,ID,19883,KC,A,C,ARCH,ID,202510,FR,ID 19883,CAED,CAED,2.0,4.0,FR/SO Intervention Needed
54677,54677,Registered,ID,19883,KC,C+,C,ARCH,ID,202510,SO,ID 19883,CAED,CAED,2.0,2.3,FR/SO Intervention Needed
54679,54679,Registered,ID,19883,KC,C+,C,ARCH,ID,202510,FR,ID 19883,CAED,CAED,2.0,2.3,FR/SO Intervention Needed
54680,54680,Registered,ID,19883,KC,C-,F,ARCH,ID,202510,JR,ID 19883,CAED,CAED,0.0,1.7,JR/SR Intervention Needed
54681,54681,Registered,ID,19883,KC,F,F,ARCH,ID,202510,FR,ID 19883,CAED,CAED,0.0,0.0,FR/SO Intervention Needed
54654,54654,Registered,ID,19883,KC,C+,C,ARCH,ID,202510,FR,ID 19883,CAED,CAED,2.0,2.3,FR/SO Intervention Needed
54664,54664,Registered,ID,19883,KC,F,F,ARCH,ID,202510,FR,ID 19883,CAED,CAED,0.0,0.0,FR/SO Intervention Needed
54642,54642,Registered,ID,19883,KC,D+,C,ARCH,ID,202510,FR,ID 19883,CAED,CAED,2.0,1.3,FR/SO Intervention Needed
37473,37473,Registered,FDM,20725,KC,B-,F,FDM,FD,202510,SO,FDM 20725,CotA,CotA,0.0,2.7,FR/SO Intervention Needed
37453,37453,Registered,FDM,20725,KC,C,D+,FDM,FD,202510,FR,FDM 20725,CotA,CotA,1.3,2.0,FR/SO Intervention Needed
37456,37456,Registered,FDM,20725,KC,A-,C,FDM,FD,202510,FR,FDM 20725,CotA,CotA,2.0,3.7,FR/SO Intervention Needed
37504,37504,Registered,FDM,20725,KC,C+,C,FDM,FM,202510,FR,FDM 20725,CotA,CotA,2.0,2.3,FR/SO Intervention Needed
37471,37471,Registered,FDM,20725,KC,B,D+,FDM,FD,202510,SO,FDM 20725,CotA,CotA,1.3,3.0,FR/SO Intervention Needed
37503,37503,Registered,FDM,20725,KC,C,F,FDM,FD,202510,FR,FDM 20725,CotA,CotA,0.0,2.0,FR/SO Intervention Needed
82136,82136,Registered,VCD,18414,KC,F,F,VCD,PHOT,202510,FR,VCD 18414,CCI,CCI,0.0,0.0,FR/SO Intervention Needed
82141,82141,Registered,VCD,18414,KC,D+,F,VCD,PHOT,202510,SO,VCD 18414,CCI,CCI,0.0,1.3,FR/SO Intervention Needed
82123,82123,Std Withdrawn,VCD,18414,KC,W,D,VCD,PHOT,202510,FR,VCD 18414,CCI,CCI,1.0,0.0,FR/SO Intervention Needed
82124,82124,Registered,VCD,18414,KC,B,C-,VCD,VCD,202510,SO,VCD 18414,CCI,CCI,1.7,3.0,FR/SO Intervention Needed
54630,54630,Registered,ID,19883,KC,D,C-,ARCH,ID,202510,FR,ID 19883,CAED,CAED,1.7,1.0,FR/SO Intervention Needed
54631,54631,Registered,ID,19883,KC,B,C,ARCH,ID,202510,SO,ID 19883,CAED,CAED,2.0,3.0,FR/SO Intervention Needed
20651,20651,Registered,CMGT,17964,KC,F,F,ARCH,COMA,202510,SO,CMGT 17964,CAED,CAED,0.0,0.0,FR/SO Intervention Needed
18739,18739,Std Withdrawn,ARTS,28482,KC,W,F,ART,SART,202510,FR,ARTS 28482,CotA,CotA,0.0,0.0,FR/SO Intervention Needed
18727,18727,Registered,ARTS,28482,KC,A-,F,ART,SART,202510,SR,ARTS 28482,CotA,CotA,0.0,3.7,JR/SR Intervention Needed
2992,2992,Registered,ARCH,16841,KC,D,F,ARCH,FM,202510,FR,ARCH 16841,CotA,CAED,0.0,1.0,FR/SO Intervention Needed
18715,18715,Registered,ARTS,28482,KC,B-,D,ART,FD,202510,FR,ARTS 28482,CotA,CotA,1.0,2.7,FR/SO Intervention Needed
18695,18695,Registered,ARTS,28482,KC,C,F,ART,SART,202510,FR,ARTS 28482,CotA,CotA,0.0,2.0,FR/SO Intervention Needed
3019,3019,Stopped Attending - Failed,ARCH,16841,KC,SF,F,ARCH,COMA,202510,SO,ARCH 16841,CAED,CAED,0.0,0.0,FR/SO Intervention Needed
81744,81744,Registered,VCD,28950,KC,F,D,VCD,VCD,202510,SO,VCD 28950,CCI,CCI,1.0,0.0,FR/SO Intervention Needed
81759,81759,Registered,VCD,28950,KC,B+,F,VCD,VCD,202510,SO,VCD 28950,CCI,CCI,0.0,3.3,FR/SO Intervention Needed
81741,81741,Registered,VCD,28950,KC,F,F,VCD,VCD,202510,FR,VCD 28950,CCI,CCI,0.0,0.0,FR/SO Intervention Needed
81731,81731,Registered,VCD,28950,KC,B,F,VCD,PHOT,202510,FR,VCD 28950,CCI,CCI,0.0,3.0,FR/SO Intervention Needed
54320,54320,Registered,FDM,18819,KC,C,D+,FDM,FM,202510,SO,FDM 18819,CotA,CotA,1.3,2.0,FR/SO Intervention Needed
54292,54292,Std Withdrawn,FDM,18819,KC,W,F,FDM,FM,202510,SO,FDM 18819,CotA,CotA,0.0,0.0,FR/SO Intervention Needed
54297,54297,Registered,FDM,18819,KC,B-,F,FDM,FM,202510,SO,FDM 18819,CotA,CotA,0.0,2.7,FR/SO Intervention Needed
54278,54278,Registered,FDM,18819,KC,C-,F,FDM,FM,202510,FR,FDM 18819,CotA,CotA,0.0,1.7,FR/SO Intervention Needed
54280,54280,Registered,FDM,18819,KC,D+,D+,FDM,FM,202510,SO,FDM 18819,CotA,CotA,1.3,1.3,FR/SO Intervention Needed
54282,54282,Registered,FDM,18819,KC,C,F,FDM,FM,202510,JR,FDM 18819,CotA,CotA,0.0,2.0,JR/SR Intervention Needed
54237,54237,Registered,FDM,18819,KC,D,D+,FDM,FM,202510,SO,FDM 18819,CotA,CotA,1.3,1.0,FR/SO Intervention Needed
54245,54245,Registered,FDM,18819,KC,C,D+,FDM,FM,202510,SO,FDM 18819,CotA,CotA,1.3,2.0,FR/SO Intervention Needed
54250,54250,Registered,FDM,18819,KC,B,F,FDM,FM,202510,SO,FDM 18819,CotA,CotA,0.0,3.0,FR/SO Intervention Needed
54231,54231,Registered,FDM,18819,KC,B-,C,FDM,FM,202510,FR,FDM 18819,CotA,CotA,2.0,2.7,FR/SO Intervention Needed
20656,20656,Registered,CMGT,17964,KC,A-,F,ARCH,ARCH,202510,SO,CMGT 17964,CAED,CAED,0.0,3.7,FR/SO Intervention Needed
20663,20663,Registered,CMGT,17964,KC,F,F,ARCH,ARCH,202510,JR,CMGT 17964,CAED,CAED,0.0,0.0,JR/SR Intervention Needed
20686,20686,Registered,CMGT,17964,KC,C,F,ARCH,COMA,202510,FR,CMGT 17964,CAED,CAED,0.0,2.0,FR/SO Intervention Needed
20725,20725,Registered,CMGT,17964,KC,D+,D,ARCH,COMA,202510,FR,CMGT 17964,CAED,CAED,1.0,1.3,FR/SO Intervention Needed
20697,20697,Registered,CMGT,17964,KC,C+,C-,ARCH,COMA,202510,SO,CMGT 17964,CAED,CAED,1.7,2.3,FR/SO Intervention Needed
20707,20707,Registered,CMGT,17964,KC,A,F,ARCH,ARCH,202510,FR,CMGT 17964,CAED,CAED,0.0,4.0,FR/SO Intervention Needed
20708,20708,Registered,CMGT,17964,KC,C+,C-,ARCH,COMA,202510,FR,CMGT 17964,CAED,CAED,1.7,2.3,FR/SO Intervention Needed
20711,20711,Registered,CMGT,17964,KC,B,F,ARCH,COMA,202510,SO,CMGT 17964,CAED,CAED,0.0,3.0,FR/SO Intervention Needed
20714,20714,Std Withdrawn,CMGT,17964,KC,W,C-,ARCH,COMA,202510,FR,CMGT 17964,CAED,CAED,1.7,0.0,FR/SO Intervention Needed
57629,57629,Registered,MDJ,25946,KC,F,F,MDJ,DMP,202510,FR,MDJ 25946,CCI,CCI,0.0,0.0,FR/SO Intervention Needed
57664,57664,Registered,MDJ,25946,KC,D,C-,MDJ,PR,202510,SO,MDJ 25946,CCI,CCI,1.7,1.0,FR/SO Intervention Needed
3124,3124,Std Withdrawn,ARCH,16841,KC,W,F,ARCH,COMA,202510,FR,ARCH 16841,CAED,CAED,0.0,0.0,FR/SO Intervention Needed
3284,3284,Admin Withdrawn,ARCH,16841,KC,W,SF,ARCH,ID,202510,SR,ARCH 16841,CAED,CAED,0.0,0.0,JR/SR Intervention Needed
3263,3263,Registered,ARCH,16841,KC,D,C,ARCH,FM,202510,SO,ARCH 16841,CotA,CAED,2.0,1.0,FR/SO Intervention Needed
3355,3355,Std Withdrawn,ARCH,16841,KC,W,F,ARCH,COMM,202510,FR,ARCH 16841,CCI,CAED,0.0,0.0,FR/SO Intervention Needed
18176,18176,Registered,ARTS,22958,KC,F,C,ART,SART,202510,FR,ARTS 22958,CotA,CotA,2.0,0.0,FR/SO Intervention Needed
18182,18182,Registered,ARTS,22958,KC,F,C,ART,ARTE,202510,FR,ARTS 22958,CotA,CotA,2.0,0.0,FR/SO Intervention Needed
3439,3439,Registered,ARCH,16841,KC,C+,C,ARCH,JNL,202510,FR,ARCH 16841,CCI,CAED,2.0,2.3,FR/SO Intervention Needed
3465,3465,Std Withdrawn,ARCH,16841,KC,W,F,ARCH,ADV,202510,SO,ARCH 16841,CCI,CAED,0.0,0.0,FR/SO Intervention Needed
80845,80845,Registered,VCD,19588,KC,B-,D,VCD,DMP,202510,SO,VCD 19588,CCI,CCI,1.0,2.7,FR/SO Intervention Needed
80789,80789,Registered,VCD,19588,KC,F,F,VCD,COMM,202510,SO,VCD 19588,CCI,CCI,0.0,0.0,FR/SO Intervention Needed
80767,80767,Registered,VCD,19588,KC,A-,C-,VCD,EMAT,202510,SO,VCD 19588,CCI,CCI,1.7,3.7,FR/SO Intervention Needed
58214,58214,Registered,MDJ,28950,KC,F,F,MDJ,DMP,202510,SO,MDJ 28950,CCI,CCI,0.0,0.0,FR/SO Intervention Needed
80754,80754,Registered,VCD,19588,KC,A-,C-,VCD,DMP,202510,FR,VCD 19588,CCI,CCI,1.7,3.7,FR/SO Intervention Needed
80744,80744,Stopped Attending - Failed,VCD,19588,KC,SF,F,VCD,PHOT,202510,SO,VCD 19588,CCI,CCI,0.0,0.0,FR/SO Intervention Needed
58238,58238,Registered,MDJ,28950,KC,D,F,MDJ,DMP,202510,FR,MDJ 28950,CCI,CCI,0.0,1.0,FR/SO Intervention Needed
58240,58240,Registered,MDJ,28950,KC,C+,C,MDJ,DMP,202510,SO,MDJ 28950,CCI,CCI,2.0,2.3,FR/SO Intervention Needed
30813,30813,Registered,DAN,27345,KC,D+,D+,THDN,MUT,202510,FR,DAN 27345,CotA,CotA,1.3,1.3,FR/SO Intervention Needed
30825,30825,Registered,DAN,27345,KC,C,D,THDN,DANC,202510,FR,DAN 27345,CotA,CotA,1.0,2.0,FR/SO Intervention Needed
30828,30828,Stopped Attending - Failed,DAN,27345,KC,SF,F,THDN,DNST,202510,FR,DAN 27345,CotA,CotA,0.0,0.0,FR/SO Intervention Needed
38887,38887,Registered,FDM,14111,KC,D,D+,FDM,FD,202510,SO,FDM 14111,CotA,CotA,1.3,1.0,FR/SO Intervention Needed
38888,38888,Registered,FDM,14111,KC,B,C-,FDM,FM,202510,SO,FDM 14111,CotA,CotA,1.7,3.0,FR/SO Intervention Needed
30506,30506,Registered,COMM,21241,KC,A-,C,COMM,COMM,202510,SO,COMM 21241,CCI,CCI,2.0,3.7,FR/SO Intervention Needed
38882,38882,Registered,FDM,14111,KC,F,C-,FDM,FD,202510,FR,FDM 14111,CotA,CotA,1.7,0.0,FR/SO Intervention Needed
38883,38883,Registered,FDM,14111,KC,C+,F,FDM,FD,202510,SO,FDM 14111,CotA,CotA,0.0,2.3,FR/SO Intervention Needed
38920,38920,Registered,FDM,14111,KC,F,F,FDM,FM,202510,SO,FDM 14111,CotA,CotA,0.0,0.0,FR/SO Intervention Needed
30504,30504,Registered,COMM,21241,KC,B-,F,COMM,COMM,202510,FR,COMM 21241,CCI,CCI,0.0,2.7,FR/SO Intervention Needed
38900,38900,Registered,FDM,14111,KC,C-,D+,FDM,FD,202510,FR,FDM 14111,CotA,CotA,1.3,1.7,FR/SO Intervention Needed
38878,38878,Registered,FDM,14111,KC,D,D,FDM,FD,202510,FR,FDM 14111,CotA,CotA,1.0,1.0,FR/SO Intervention Needed
38938,38938,Registered,FDM,14111,KC,B-,C-,FDM,FD,202510,FR,FDM 14111,CotA,CotA,1.7,2.7,FR/SO Intervention Needed
38911,38911,Registered,FDM,14111,KC,C,D,FDM,FD,202510,FR,FDM 14111,CotA,CotA,1.0,2.0,FR/SO Intervention Needed
79816,79816,Registered,THEA,25866,KC,D+,F,THDN,TDTP,202510,SO,THEA 25866,CotA,CotA,0.0,1.3,FR/SO Intervention Needed
38967,38967,Registered,FDM,14111,KC,F,F,FDM,FM,202510,SO,FDM 14111,CotA,CotA,0.0,0.0,FR/SO Intervention Needed
38981,38981,Std Withdrawn,FDM,14111,KC,W,F,FDM,FD,202510,FR,FDM 14111,CotA,CotA,0.0,0.0,FR/SO Intervention Needed
79708,79708,Registered,THEA,13155,KC,B,C,THDN,THEA,202510,SO,THEA 13155,CotA,CotA,2.0,3.0,FR/SO Intervention Needed
38984,38984,Registered,FDM,14111,KC,B-,C,FDM,FD,202510,FR,FDM 14111,CotA,CotA,2.0,2.7,FR/SO Intervention Needed
38987,38987,Registered,FDM,14111,KC,F,F,FDM,FD,202510,FR,FDM 14111,CotA,CotA,0.0,0.0,FR/SO Intervention Needed
38958,38958,Registered,FDM,14111,KC,C,F,FDM,FD,202510,FR,FDM 14111,CotA,CotA,0.0,2.0,FR/SO Intervention Needed
79696,79696,Registered,THEA,13155,KC,B-,F,THDN,MUT,202510,JR,THEA 13155,CotA,CotA,0.0,2.7,JR/SR Intervention Needed
39000,39000,Registered,FDM,14111,KC,D,C,FDM,FD,202510,FR,FDM 14111,CotA,CotA,2.0,1.0,FR/SO Intervention Needed
39001,39001,Registered,FDM,14111,KC,A-,F,FDM,FM,202510,FR,FDM 14111,CotA,CotA,0.0,3.7,FR/SO Intervention Needed
79712,79712,Registered,THEA,13155,KC,F,D+,THDN,MUT,202510,SO,THEA 13155,CotA,CotA,1.3,0.0,FR/SO Intervention Needed
79701,79701,Registered,THEA,13155,KC,D+,F,THDN,DMP,202510,SR,THEA 13155,CCI,CotA,0.0,1.3,JR/SR Intervention Needed
79690,79690,Registered,THEA,13155,KC,B,SF,THDN,MUT,202510,SO,THEA 13155,CotA,CotA,0.0,3.0,FR/SO Intervention Needed
79692,79692,Registered,THEA,13155,KC,B+,F,THDN,THEA,202510,SO,THEA 13155,CotA,CotA,0.0,3.3,FR/SO Intervention Needed
39032,39032,Registered,FDM,14111,KC,A-,D,FDM,FD,202510,SO,FDM 14111,CotA,CotA,1.0,3.7,FR/SO Intervention Needed
39008,39008,Registered,FDM,14111,KC,A-,C-,FDM,FD,202510,FR,FDM 14111,CotA,CotA,1.7,3.7,FR/SO Intervention Needed
39040,39040,Registered,FDM,14111,KC,C+,D,FDM,FM,202510,SO,FDM 14111,CotA,CotA,1.0,2.3,FR/SO Intervention Needed
79433,79433,Registered,THEA,14029,KC,F,D+,THDN,TDTP,202510,SO,THEA 14029,CotA,CotA,1.3,0.0,FR/SO Intervention Needed
39038,39038,Registered,FDM,14111,KC,B,D+,FDM,FM,202510,SO,FDM 14111,CotA,CotA,1.3,3.0,FR/SO Intervention Needed
79393,79393,Registered,THEA,20443,KC,F,F,THDN,TDTP,202510,JR,THEA 20443,CotA,CotA,0.0,0.0,JR/SR Intervention Needed
79132,79132,Registered,THEA,22478,KC,F,F,THDN,THEA,202510,FR,THEA 22478,CotA,CotA,0.0,0.0,FR/SO Intervention Needed
79144,79144,Registered,THEA,22478,KC,C,C,THDN,THEA,202510,SO,THEA 22478,CotA,CotA,2.0,2.0,FR/SO Intervention Needed
79113,79113,Stopped Attending - Failed,THEA,22478,KC,SF,D+,THDN,THEA,202510,FR,THEA 22478,CotA,CotA,1.3,0.0,FR/SO Intervention Needed
79148,79148,Registered,THEA,22478,KC,C+,C,THDN,MUT,202510,SO,THEA 22478,CotA,CotA,2.0,2.3,FR/SO Intervention Needed
79133,79133,Std Withdrawn,THEA,22478,KC,W,F,THDN,THEA,202510,FR,THEA 22478,CotA,CotA,0.0,0.0,FR/SO Intervention Needed
17738,17738,Registered,ARTS,19694,KC,F,D,ART,SART,202510,FR,ARTS 19694,CotA,CotA,1.0,0.0,FR/SO Intervention Needed
17739,17739,Registered,ARTS,19694,KC,B,D,ART,ARTE,202510,FR,ARTS 19694,CotA,CotA,1.0,3.0,FR/SO Intervention Needed
17741,17741,Registered,ARTS,19694,KC,D,D,ART,ARTE,202510,FR,ARTS 19694,CotA,CotA,1.0,1.0,FR/SO Intervention Needed
17723,17723,Registered,ARTS,19694,KC,B,F,ART,PR,202510,JR,ARTS 19694,CCI,CotA,0.0,3.0,JR/SR Intervention Needed
17728,17728,Registered,ARTS,19694,KC,F,C,ART,ARTE,202510,FR,ARTS 19694,CotA,CotA,2.0,0.0,FR/SO Intervention Needed
78639,78639,Std Withdrawn,THEA,21764,KC,W,C,THDN,MUT,202510,SO,THEA 21764,CotA,CotA,2.0,0.0,FR/SO Intervention Needed
17695,17695,Registered,ARTS,19694,KC,D,D,ART,SART,202510,SO,ARTS 19694,CotA,CotA,1.0,1.0,FR/SO Intervention Needed
17731,17731,Registered,ARTS,19694,KC,F,C-,ART,SART,202510,FR,ARTS 19694,CotA,CotA,1.7,0.0,FR/SO Intervention Needed
78650,78650,Registered,THEA,21764,KC,C+,D,THDN,MUT,202510,FR,THEA 21764,CotA,CotA,1.0,2.3,FR/SO Intervention Needed
17686,17686,Registered,ARTS,19694,KC,C+,F,ART,SART,202510,FR,ARTS 19694,CotA,CotA,0.0,2.3,FR/SO Intervention Needed
17660,17660,Registered,ARTS,19694,KC,C-,C-,ART,ARTE,202510,SO,ARTS 19694,CotA,CotA,1.7,1.7,FR/SO Intervention Needed
17671,17671,Registered,ARTS,19694,KC,D,F,ART,ARTE,202510,FR,ARTS 19694,CotA,CotA,0.0,1.0,FR/SO Intervention Needed
78495,78495,Registered,THEA,15947,KC,C+,C-,THDN,TDTP,202510,FR,THEA 15947,CotA,CotA,1.7,2.3,FR/SO Intervention Needed
78512,78512,Registered,THEA,15947,KC,F,F,THDN,TDTP,202510,SO,THEA 15947,CotA,CotA,0.0,0.0,FR/SO Intervention Needed
78361,78361,Registered,THEA,22915,KC,B+,C,THDN,ARTE,202510,SO,THEA 22915,CotA,CotA,2.0,3.3,FR/SO Intervention Needed
78362,78362,Registered,THEA,22915,KC,C-,D,THDN,TDTP,202510,SO,THEA 22915,CotA,CotA,1.0,1.7,FR/SO Intervention Needed
78376,78376,Registered,THEA,22915,KC,B+,C-,THDN,THEA,202510,FR,THEA 22915,CotA,CotA,1.7,3.3,FR/SO Intervention Needed
78366,78366,Registered,THEA,22915,KC,B-,C,THDN,THEA,202510,FR,THEA 22915,CotA,CotA,2.0,2.7,FR/SO Intervention Needed
53561,53561,Std Withdrawn,FDM,23628,KC,W,SF,FDM,FM,202510,SO,FDM 23628,CotA,CotA,0.0,0.0,FR/SO Intervention Needed
78173,78173,Registered,THEA,17060,KC,B,C,THDN,TDTP,202510,SO,THEA 17060,CotA,CotA,2.0,3.0,FR/SO Intervention Needed
53549,53549,Registered,FDM,23628,KC,B-,C-,FDM,FM,202510,SO,FDM 23628,CotA,CotA,1.7,2.7,FR/SO Intervention Needed
78188,78188,Registered,THEA,17060,KC,D,C,THDN,MUT,202510,SO,THEA 17060,CotA,CotA,2.0,1.0,FR/SO Intervention Needed
53544,53544,Registered,FDM,23628,KC,C-,C,FDM,FM,202510,SO,FDM 23628,CotA,CotA,2.0,1.7,FR/SO Intervention Needed
53518,53518,Registered,FDM,23628,KC,F,F,FDM,FM,202510,JR,FDM 23628,CotA,CotA,0.0,0.0,JR/SR Intervention Needed
53541,53541,Registered,FDM,23628,KC,C,D,FDM,FM,202510,SO,FDM 23628,CotA,CotA,1.0,2.0,FR/SO Intervention Needed
53515,53515,Std Withdrawn,FDM,23628,KC,W,F,FDM,FM,202510,FR,FDM 23628,CotA,CotA,0.0,0.0,FR/SO Intervention Needed
53526,53526,Std Withdrawn,FDM,23628,KC,W,D,FDM,FM,202510,SO,FDM 23628,CotA,CotA,1.0,0.0,FR/SO Intervention Needed
53527,53527,Registered,FDM,23628,KC,C+,F,FDM,FM,202510,JR,FDM 23628,CotA,CotA,0.0,2.3,JR/SR Intervention Needed
53499,53499,Registered,FDM,23628,KC,B,C-,FDM,FM,202510,SO,FDM 23628,CotA,CotA,1.7,3.0,FR/SO Intervention Needed
53500,53500,Std Withdrawn,FDM,23628,KC,W,F,FDM,FM,202510,SR,FDM 23628,CotA,CotA,0.0,0.0,JR/SR Intervention Needed
53508,53508,Registered,FDM,23628,KC,B-,F,FDM,FM,202510,SO,FDM 23628,CotA,CotA,0.0,2.7,FR/SO Intervention Needed
78171,78171,Registered,THEA,17060,KC,A-,F,THDN,THEA,202510,FR,THEA 17060,CotA,CotA,0.0,3.7,FR/SO Intervention Needed
78177,78177,Registered,THEA,17060,KC,F,F,THDN,THEA,202510,FR,THEA 17060,CotA,CotA,0.0,0.0,FR/SO Intervention Needed
77916,77916,Registered,THEA,22559,KC,F,C,THDN,THEA,202510,FR,THEA 22559,CotA,CotA,2.0,0.0,FR/SO Intervention Needed
77905,77905,Registered,THEA,22559,KC,C,D+,THDN,DMP,202510,FR,THEA 22559,CCI,CotA,1.3,2.0,FR/SO Intervention Needed
77494,77494,Registered,THEA,28661,KC,A-,C,THDN,DMP,202510,FR,THEA 28661,CCI,CotA,2.0,3.7,FR/SO Intervention Needed
77485,77485,Registered,THEA,28661,KC,F,F,THDN,TDTP,202510,SO,THEA 28661,CotA,CotA,0.0,0.0,FR/SO Intervention Needed
77486,77486,Registered,THEA,28661,KC,C+,D,THDN,THEA,202510,SO,THEA 28661,CotA,CotA,1.0,2.3,FR/SO Intervention Needed
40430,40430,Std Withdrawn,FDM,24923,KC,W,C,FDM,FD,202510,SO,FDM 24923,CotA,CotA,2.0,0.0,FR/SO Intervention Needed
40432,40432,Registered,FDM,24923,KC,C+,F,FDM,FD,202510,FR,FDM 24923,CotA,CotA,0.0,2.3,FR/SO Intervention Needed
40434,40434,Registered,FDM,24923,KC,F,D,FDM,FM,202510,SO,FDM 24923,CotA,CotA,1.0,0.0,FR/SO Intervention Needed
40475,40475,Stopped Attending - Failed,FDM,24923,KC,SF,SF,FDM,FD,202510,SO,FDM 24923,CotA,CotA,0.0,0.0,FR/SO Intervention Needed
40445,40445,Registered,FDM,24923,KC,C+,C,FDM,FM,202510,SO,FDM 24923,CotA,CotA,2.0,2.3,FR/SO Intervention Needed
40448,40448,Stopped Attending - Failed,FDM,24923,KC,SF,F,FDM,FD,202510,SO,FDM 24923,CotA,CotA,0.0,0.0,FR/SO Intervention Needed
40449,40449,Registered,FDM,24923,KC,F,F,FDM,FD,202510,FR,FDM 24923,CotA,CotA,0.0,0.0,FR/SO Intervention Needed
40486,40486,Registered,FDM,24923,KC,F,F,FDM,FD,202510,SO,FDM 24923,CotA,CotA,0.0,0.0,FR/SO Intervention Needed
40488,40488,Registered,FDM,24923,KC,B,D,FDM,FM,202510,FR,FDM 24923,CotA,CotA,1.0,3.0,FR/SO Intervention Needed
40464,40464,Registered,FDM,24923,KC,F,C,FDM,FD,202510,FR,FDM 24923,CotA,CotA,2.0,0.0,FR/SO Intervention Needed
40506,40506,Registered,FDM,24923,KC,F,F,FDM,FD,202510,FR,FDM 24923,CotA,CotA,0.0,0.0,FR/SO Intervention Needed
40519,40519,Registered,FDM,24923,KC,B,C,FDM,FD,202510,FR,FDM 24923,CotA,CotA,2.0,3.0,FR/SO Intervention Needed
17125,17125,Std Withdrawn,ARTS,28507,KC,W,C-,ART,SART,202510,SO,ARTS 28507,CotA,CotA,1.7,0.0,FR/SO Intervention Needed
53475,53475,Registered,FDM,23628,KC,C,D,FDM,FM,202510,SO,FDM 23628,CotA,CotA,1.0,2.0,FR/SO Intervention Needed
53480,53480,Registered,FDM,23628,KC,C-,C-,FDM,FM,202510,SO,FDM 23628,CotA,CotA,1.7,1.7,FR/SO Intervention Needed
21033,21033,Registered,CMGT,19400,KC,C,C-,ARCH,COMA,202510,FR,CMGT 19400,CAED,CAED,1.7,2.0,FR/SO Intervention Needed
21038,21038,Registered,CMGT,19400,KC,B-,C,ARCH,COMA,202510,SO,CMGT 19400,CAED,CAED,2.0,2.7,FR/SO Intervention Needed
21042,21042,Registered,CMGT,19400,KC,D,D,ARCH,COMA,202510,SO,CMGT 19400,CAED,CAED,1.0,1.0,FR/SO Intervention Needed
21047,21047,Registered,CMGT,19400,KC,B,F,ARCH,COMA,202510,SO,CMGT 19400,CAED,CAED,0.0,3.0,FR/SO Intervention Needed
21048,21048,Std Withdrawn,CMGT,19400,KC,W,D,ARCH,COMA,202510,SO,CMGT 19400,CAED,CAED,1.0,0.0,FR/SO Intervention Needed
21057,21057,Registered,CMGT,19400,KC,F,F,ARCH,COMA,202510,JR,CMGT 19400,CAED,CAED,0.0,0.0,JR/SR Intervention Needed
21072,21072,Registered,CMGT,19400,KC,B,C,ARCH,COMA,202510,SO,CMGT 19400,CAED,CAED,2.0,3.0,FR/SO Intervention Needed
21082,21082,Registered,CMGT,19400,KC,F,F,ARCH,COMA,202510,SO,CMGT 19400,CAED,CAED,0.0,0.0,FR/SO Intervention Needed
21084,21084,Std Withdrawn,CMGT,19400,KC,W,F,ARCH,COMA,202510,SR,CMGT 19400,CAED,CAED,0.0,0.0,JR/SR Intervention Needed
21095,21095,Registered,CMGT,19400,KC,B+,D,ARCH,COMA,202510,SO,CMGT 19400,CAED,CAED,1.0,3.3,FR/SO Intervention Needed
21099,21099,Registered,CMGT,19400,KC,B,F,ARCH,COMA,202510,FR,CMGT 19400,CAED,CAED,0.0,3.0,FR/SO Intervention Needed
40537,40537,Registered,FDM,24923,KC,F,F,FDM,FD,202510,JR,FDM 24923,CotA,CotA,0.0,0.0,JR/SR Intervention Needed
40553,40553,Registered,FDM,24923,KC,B-,C,FDM,FD,202510,SO,FDM 24923,CotA,CotA,2.0,2.7,FR/SO Intervention Needed
40524,40524,Registered,FDM,24923,KC,B+,C,FDM,FD,202510,SO,FDM 24923,CotA,CotA,2.0,3.3,FR/SO Intervention Needed
40496,40496,Registered,FDM,24923,KC,F,F,FDM,FD,202510,FR,FDM 24923,CotA,CotA,0.0,0.0,FR/SO Intervention Needed
40497,40497,Registered,FDM,24923,KC,F,C,FDM,FD,202510,SO,FDM 24923,CotA,CotA,2.0,0.0,FR/SO Intervention Needed
40511,40511,Registered,FDM,24923,KC,F,C-,FDM,FD,202510,FR,FDM 24923,CotA,CotA,1.7,0.0,FR/SO Intervention Needed
40549,40549,Registered,FDM,24923,KC,A,D+,FDM,FD,202510,SO,FDM 24923,CotA,CotA,1.3,4.0,FR/SO Intervention Needed
40551,40551,Registered,FDM,24923,KC,B-,F,FDM,FD,202510,FR,FDM 24923,CotA,CotA,0.0,2.7,FR/SO Intervention Needed
40563,40563,Registered,FDM,24923,KC,C,C,FDM,FD,202510,FR,FDM 24923,CotA,CotA,2.0,2.0,FR/SO Intervention Needed
40542,40542,Registered,FDM,24923,KC,C,C,FDM,FD,202510,FR,FDM 24923,CotA,CotA,2.0,2.0,FR/SO Intervention Needed
40571,40571,Std Withdrawn,FDM,24923,KC,W,C,FDM,FD,202510,FR,FDM 24923,CotA,CotA,2.0,0.0,FR/SO Intervention Needed
6162,6162,Registered,ARCH,15217,KC,F,D+,ARCH,ARCH,202510,SO,ARCH 15217,CAED,CAED,1.3,0.0,FR/SO Intervention Needed
6163,6163,Registered,ARCH,15217,KC,F,F,ARCH,ARCH,202510,JR,ARCH 15217,CAED,CAED,0.0,0.0,JR/SR Intervention Needed
6195,6195,Std Withdrawn,ARCH,15217,KC,W,F,ARCH,ARCH,202510,SO,ARCH 15217,CAED,CAED,0.0,0.0,FR/SO Intervention Needed
6196,6196,Registered,ARCH,15217,KC,B-,F,ARCH,ARCH,202510,SO,ARCH 15217,CAED,CAED,0.0,2.7,FR/SO Intervention Needed
40567,40567,Stopped Attending - Failed,FDM,24923,KC,SF,F,FDM,FM,202510,SO,FDM 24923,CotA,CotA,0.0,0.0,FR/SO Intervention Needed
6216,6216,Registered,ARCH,15217,KC,F,F,ARCH,ARCH,202510,SO,ARCH 15217,CAED,CAED,0.0,0.0,FR/SO Intervention Needed
6159,6159,Registered,ARCH,15217,KC,A,C,ARCH,ARCH,202510,FR,ARCH 15217,CAED,CAED,2.0,4.0,FR/SO Intervention Needed
6193,6193,Stopped Attending - Failed,ARCH,15217,KC,SF,F,ARCH,ARCH,202510,FR,ARCH 15217,CAED,CAED,0.0,0.0,FR/SO Intervention Needed
6231,6231,Registered,ARCH,15217,KC,F,F,ARCH,ARCH,202510,FR,ARCH 15217,CAED,CAED,0.0,0.0,FR/SO Intervention Needed
6171,6171,Registered,ARCH,15217,KC,C,C-,ARCH,ARCH,202510,SO,ARCH 15217,CAED,CAED,1.7,2.0,FR/SO Intervention Needed
6220,6220,Registered,ARCH,15217,KC,B,C,ARCH,ARCS,202510,SO,ARCH 15217,CAED,CAED,2.0,3.0,FR/SO Intervention Needed
6295,6295,Registered,ARCH,15217,KC,C+,D,ARCH,ARCH,202510,FR,ARCH 15217,CAED,CAED,1.0,2.3,FR/SO Intervention Needed
6297,6297,Registered,ARCH,15217,KC,C,C,ARCH,ARCH,202510,FR,ARCH 15217,CAED,CAED,2.0,2.0,FR/SO Intervention Needed
6311,6311,Registered,ARCH,15217,KC,B-,C-,ARCH,ARCH,202510,FR,ARCH 15217,CAED,CAED,1.7,2.7,FR/SO Intervention Needed
6251,6251,Registered,ARCH,15217,KC,B-,C,ARCH,ARCH,202510,FR,ARCH 15217,CAED,CAED,2.0,2.7,FR/SO Intervention Needed
6255,6255,Registered,ARCH,15217,KC,D,C,ARCH,ARCH,202510,FR,ARCH 15217,CAED,CAED,2.0,1.0,FR/SO Intervention Needed
6287,6287,Registered,ARCH,15217,KC,F,C,ARCH,ARCH,202510,FR,ARCH 15217,CAED,CAED,2.0,0.0,FR/SO Intervention Needed
40560,40560,Registered,FDM,24923,KC,B-,D+,FDM,FD,202510,FR,FDM 24923,CotA,CotA,1.3,2.7,FR/SO Intervention Needed
6318,6318,Registered,ARCH,15217,KC,F,F,ARCH,ARCH,202510,FR,ARCH 15217,CAED,CAED,0.0,0.0,FR/SO Intervention Needed
6928,6928,Registered,ARCH,22860,KC,C,D,ARCH,ARCH,202510,SO,ARCH 22860,CAED,CAED,1.0,2.0,FR/SO Intervention Needed
40602,40602,Registered,FDM,24923,KC,F,F,FDM,FM,202510,FR,FDM 24923,CotA,CotA,0.0,0.0,FR/SO Intervention Needed
40580,40580,Registered,FDM,24923,KC,C+,D,FDM,FD,202510,FR,FDM 24923,CotA,CotA,1.0,2.3,FR/SO Intervention Needed
76154,76154,Registered,MUS,22669,KC,D+,F,MUS,MUED,202510,FR,MUS 22669,CotA,CotA,0.0,1.3,FR/SO Intervention Needed
74932,74932,Registered,MUS,23241,KC,B-,C-,MUS,VCD,202510,FR,MUS 23241,CCI,CotA,1.7,2.7,FR/SO Intervention Needed
74917,74917,Registered,MUS,23241,KC,C+,D+,MUS,VCD,202510,FR,MUS 23241,CCI,CotA,1.3,2.3,FR/SO Intervention Needed
74817,74817,Registered,MUS,23241,KC,B,C,MUS,JNL,202510,SO,MUS 23241,CCI,CotA,2.0,3.0,FR/SO Intervention Needed
74469,74469,Registered,MUS,23241,KC,B-,D+,MUS,SART,202510,SO,MUS 23241,CotA,CotA,1.3,2.7,FR/SO Intervention Needed
74488,74488,Registered,MUS,23241,KC,A-,C-,MUS,MUS,202510,FR,MUS 23241,CotA,CotA,1.7,3.7,FR/SO Intervention Needed
52815,52815,Registered,FDM,19829,KC,B,F,FDM,FD,202510,SO,FDM 19829,CotA,CotA,0.0,3.0,FR/SO Intervention Needed
52842,52842,Registered,FDM,19829,KC,B,C,FDM,FD,202510,SO,FDM 19829,CotA,CotA,2.0,3.0,FR/SO Intervention Needed
52797,52797,Registered,FDM,19829,KC,B,F,FDM,FD,202510,SR,FDM 19829,CotA,CotA,0.0,3.0,JR/SR Intervention Needed
52799,52799,Registered,FDM,19829,KC,D,F,FDM,FD,202510,JR,FDM 19829,CotA,CotA,0.0,1.0,JR/SR Intervention Needed
52837,52837,Registered,FDM,19829,KC,C-,D,FDM,FD,202510,SO,FDM 19829,CotA,CotA,1.0,1.7,FR/SO Intervention Needed
52784,52784,Registered,FDM,19829,KC,F,D,FDM,FD,202510,SO,FDM 19829,CotA,CotA,1.0,0.0,FR/SO Intervention Needed
52768,52768,Registered,FDM,19829,KC,B,C,FDM,FD,202510,SO,FDM 19829,CotA,CotA,2.0,3.0,FR/SO Intervention Needed
52805,52805,Registered,FDM,19829,KC,C,C,FDM,FD,202510,SO,FDM 19829,CotA,CotA,2.0,2.0,FR/SO Intervention Needed
52777,52777,Std Withdrawn,FDM,19829,KC,W,F,FDM,FD,202510,SO,FDM 19829,CotA,CotA,0.0,0.0,FR/SO Intervention Needed
52749,52749,Registered,FDM,19829,KC,F,F,FDM,FD,202510,SR,FDM 19829,CotA,CotA,0.0,0.0,JR/SR Intervention Needed
52789,52789,Registered,FDM,19829,KC,D+,F,FDM,FD,202510,JR,FDM 19829,CotA,CotA,0.0,1.3,JR/SR Intervention Needed
52763,52763,Stopped Attending - Failed,FDM,19829,KC,SF,F,FDM,FD,202510,SR,FDM 19829,CotA,CotA,0.0,0.0,JR/SR Intervention Needed
52747,52747,Registered,FDM,19829,KC,F,F,FDM,FD,202510,JR,FDM 19829,CotA,CotA,0.0,0.0,JR/SR Intervention Needed
52741,52741,Std Withdrawn,FDM,19829,KC,W,D,FDM,FD,202510,SO,FDM 19829,CotA,CotA,1.0,0.0,FR/SO Intervention Needed
52743,52743,Registered,FDM,19829,KC,F,F,FDM,FD,202510,JR,FDM 19829,CotA,CotA,0.0,0.0,JR/SR Intervention Needed
52716,52716,Registered,FDM,19829,KC,D+,F,FDM,FD,202510,SR,FDM 19829,CotA,CotA,0.0,1.3,JR/SR Intervention Needed
52695,52695,Registered,FDM,19829,KC,C,F,FDM,FD,202510,SR,FDM 19829,CotA,CotA,0.0,2.0,JR/SR Intervention Needed
52727,52727,Registered,FDM,19829,KC,C,D,FDM,FD,202510,SO,FDM 19829,CotA,CotA,1.0,2.0,FR/SO Intervention Needed
21459,21459,Registered,CMGT,21745,KC,C,C,ARCH,ID,202510,SO,CMGT 21745,CAED,CAED,2.0,2.0,FR/SO Intervention Needed
21479,21479,Registered,CMGT,21745,KC,C+,F,ARCH,ARCH,202510,SO,CMGT 21745,CAED,CAED,0.0,2.3,FR/SO Intervention Needed
21482,21482,Registered,CMGT,21745,KC,A-,D+,ARCH,ARCH,202510,SO,CMGT 21745,CAED,CAED,1.3,3.7,FR/SO Intervention Needed
52700,52700,Registered,FDM,19829,KC,B-,F,FDM,FD,202510,SR,FDM 19829,CotA,CotA,0.0,2.7,JR/SR Intervention Needed
21498,21498,Registered,CMGT,21745,KC,F,F,ARCH,COMA,202510,JR,CMGT 21745,CAED,CAED,0.0,0.0,JR/SR Intervention Needed
21509,21509,Registered,CMGT,21745,KC,D+,F,ARCH,ARCH,202510,FR,CMGT 21745,CAED,CAED,0.0,1.3,FR/SO Intervention Needed
21527,21527,Registered,CMGT,21745,KC,A,C,ARCH,COMA,202510,SO,CMGT 21745,CAED,CAED,2.0,4.0,FR/SO Intervention Needed
21530,21530,Registered,CMGT,21745,KC,A,D+,ARCH,ARCH,202510,SO,CMGT 21745,CAED,CAED,1.3,4.0,FR/SO Intervention Needed
21546,21546,Stopped Attending - Failed,CMGT,21745,KC,SF,F,ARCH,COMA,202510,SO,CMGT 21745,CAED,CAED,0.0,0.0,FR/SO Intervention Needed
21554,21554,Registered,CMGT,21745,KC,D+,C,ARCH,COMA,202510,FR,CMGT 21745,CAED,CAED,2.0,1.3,FR/SO Intervention Needed
21556,21556,Registered,CMGT,21745,KC,A-,F,ARCH,COMA,202510,SO,CMGT 21745,CAED,CAED,0.0,3.7,FR/SO Intervention Needed
21559,21559,Registered,CMGT,21745,KC,C-,D+,ARCH,COMA,202510,SO,CMGT 21745,CAED,CAED,1.3,1.7,FR/SO Intervention Needed
21532,21532,Registered,CMGT,21745,KC,B+,F,ARCH,COMA,202510,FR,CMGT 21745,CAED,CAED,0.0,3.3,FR/SO Intervention Needed
21533,21533,Registered,CMGT,21745,KC,D+,F,ARCH,ID,202510,SR,CMGT 21745,CAED,CAED,0.0,1.3,JR/SR Intervention Needed
21537,21537,Std Withdrawn,CMGT,21745,KC,W,F,ARCH,COMA,202510,FR,CMGT 21745,CAED,CAED,0.0,0.0,FR/SO Intervention Needed
42023,42023,Registered,FDM,29298,KC,D+,C,FDM,FD,202510,FR,FDM 29298,CotA,CotA,2.0,1.3,FR/SO Intervention Needed
42025,42025,Registered,FDM,29298,KC,C,D,FDM,FM,202510,SO,FDM 29298,CotA,CotA,1.0,2.0,FR/SO Intervention Needed
42027,42027,Registered,FDM,29298,KC,D,C,FDM,FM,202510,FR,FDM 29298,CotA,CotA,2.0,1.0,FR/SO Intervention Needed
21548,21548,Std Withdrawn,CMGT,21745,KC,W,F,ARCH,ARCH,202510,SO,CMGT 21745,CAED,CAED,0.0,0.0,FR/SO Intervention Needed
42040,42040,Registered,FDM,29298,KC,B,D,FDM,FD,202510,FR,FDM 29298,CotA,CotA,1.0,3.0,FR/SO Intervention Needed
42020,42020,Std Withdrawn,FDM,29298,KC,W,F,FDM,FD,202510,SO,FDM 29298,CotA,CotA,0.0,0.0,FR/SO Intervention Needed
42053,42053,Registered,FDM,29298,KC,C,C-,FDM,FD,202510,FR,FDM 29298,CotA,CotA,1.7,2.0,FR/SO Intervention Needed
41999,41999,Registered,FDM,29298,KC,C,C,FDM,FD,202510,SO,FDM 29298,CotA,CotA,2.0,2.0,FR/SO Intervention Needed
42071,42071,Registered,FDM,29298,KC,C-,C,FDM,FM,202510,SO,FDM 29298,CotA,CotA,2.0,1.7,FR/SO Intervention Needed
42074,42074,Stopped Attending - Failed,FDM,29298,KC,SF,F,FDM,FD,202510,FR,FDM 29298,CotA,CotA,0.0,0.0,FR/SO Intervention Needed
42086,42086,Std Withdrawn,FDM,29298,KC,W,D,FDM,FM,202510,SO,FDM 29298,CotA,CotA,1.0,0.0,FR/SO Intervention Needed
42104,42104,Registered,FDM,29298,KC,F,C,FDM,FD,202510,SO,FDM 29298,CotA,CotA,2.0,0.0,FR/SO Intervention Needed
42106,42106,Stopped Attending - Failed,FDM,29298,KC,SF,F,FDM,FM,202510,SO,FDM 29298,CotA,CotA,0.0,0.0,FR/SO Intervention Needed
42046,42046,Registered,FDM,29298,KC,D,F,FDM,FD,202510,SO,FDM 29298,CotA,CotA,0.0,1.0,FR/SO Intervention Needed
42117,42117,Registered,FDM,29298,KC,A,C,FDM,FD,202510,FR,FDM 29298,CotA,CotA,2.0,4.0,FR/SO Intervention Needed
42119,42119,Stopped Attending - Failed,FDM,29298,KC,SF,F,FDM,FD,202510,FR,FDM 29298,CotA,CotA,0.0,0.0,FR/SO Intervention Needed
42098,42098,Std Withdrawn,FDM,29298,KC,W,F,FDM,FD,202510,FR,FDM 29298,CotA,CotA,0.0,0.0,FR/SO Intervention Needed
42133,42133,Stopped Attending - Failed,FDM,29298,KC,SF,F,FDM,FD,202510,SO,FDM 29298,CotA,CotA,0.0,0.0,FR/SO Intervention Needed
42138,42138,Registered,FDM,29298,KC,F,F,FDM,FD,202510,FR,FDM 29298,CotA,CotA,0.0,0.0,FR/SO Intervention Needed
42108,42108,Registered,FDM,29298,KC,C-,C-,FDM,FM,202510,SO,FDM 29298,CotA,CotA,1.7,1.7,FR/SO Intervention Needed
42131,42131,Registered,FDM,29298,KC,A,C,FDM,FD,202510,SO,FDM 29298,CotA,CotA,2.0,4.0,FR/SO Intervention Needed
7290,7290,Registered,ARCH,14841,KC,C,C-,ARCH,ARCH,202510,FR,ARCH 14841,CAED,CAED,1.7,2.0,FR/SO Intervention Needed
7286,7286,Registered,ARCH,14841,KC,C,D,ARCH,ARCH,202510,SO,ARCH 14841,CAED,CAED,1.0,2.0,FR/SO Intervention Needed
42127,42127,Registered,FDM,29298,KC,C+,D,FDM,FD,202510,FR,FDM 29298,CotA,CotA,1.0,2.3,FR/SO Intervention Needed
7297,7297,Registered,ARCH,14841,KC,F,D,ARCH,ARCH,202510,SO,ARCH 14841,CAED,CAED,1.0,0.0,FR/SO Intervention Needed
7319,7319,Registered,ARCH,14841,KC,C-,C-,ARCH,ARCH,202510,FR,ARCH 14841,CAED,CAED,1.7,1.7,FR/SO Intervention Needed
7316,7316,Registered,ARCH,14841,KC,F,F,ARCH,ARCH,202510,SO,ARCH 14841,CAED,CAED,0.0,0.0,FR/SO Intervention Needed
7351,7351,Registered,ARCH,14841,KC,D,D,ARCH,ARCH,202510,FR,ARCH 14841,CAED,CAED,1.0,1.0,FR/SO Intervention Needed
52221,52221,Registered,FDM,25693,KC,C+,C-,FDM,FD,202510,SO,FDM 25693,CotA,CotA,1.7,2.3,FR/SO Intervention Needed
7310,7310,Registered,ARCH,14841,KC,D+,D+,ARCH,ARCH,202510,FR,ARCH 14841,CAED,CAED,1.3,1.3,FR/SO Intervention Needed
7327,7327,Registered,ARCH,14841,KC,D,D,ARCH,ARCH,202510,SO,ARCH 14841,CAED,CAED,1.0,1.0,FR/SO Intervention Needed
52209,52209,Registered,FDM,25693,KC,B-,C-,FDM,FD,202510,SO,FDM 25693,CotA,CotA,1.7,2.7,FR/SO Intervention Needed
52220,52220,Registered,FDM,25693,KC,A,D,FDM,FD,202510,FR,FDM 25693,CotA,CotA,1.0,4.0,FR/SO Intervention Needed
7355,7355,Registered,ARCH,14841,KC,D+,F,ARCH,ARCH,202510,FR,ARCH 14841,CAED,CAED,0.0,1.3,FR/SO Intervention Needed
7398,7398,Registered,ARCH,14841,KC,B,C,ARCH,ARCH,202510,FR,ARCH 14841,CAED,CAED,2.0,3.0,FR/SO Intervention Needed
52199,52199,Std Withdrawn,FDM,25693,KC,W,C,FDM,FD,202510,SO,FDM 25693,CotA,CotA,2.0,0.0,FR/SO Intervention Needed
52201,52201,Registered,FDM,25693,KC,F,F,FDM,FD,202510,SO,FDM 25693,CotA,CotA,0.0,0.0,FR/SO Intervention Needed
52203,52203,Registered,FDM,25693,KC,C,D,FDM,FD,202510,SO,FDM 25693,CotA,CotA,1.0,2.0,FR/SO Intervention Needed
7385,7385,Registered,ARCH,14841,KC,F,F,ARCH,ARCH,202510,FR,ARCH 14841,CAED,CAED,0.0,0.0,FR/SO Intervention Needed
7404,7404,Registered,ARCH,14841,KC,B,D,ARCH,ARCH,202510,SO,ARCH 14841,CAED,CAED,1.0,3.0,FR/SO Intervention Needed
7409,7409,Stopped Attending - Failed,ARCH,14841,KC,SF,F,ARCH,ARCH,202510,SO,ARCH 14841,CAED,CAED,0.0,0.0,FR/SO Intervention Needed
7390,7390,Registered,ARCH,14841,KC,D,D+,ARCH,ARCH,202510,SO,ARCH 14841,CAED,CAED,1.3,1.0,FR/SO Intervention Needed
8137,8137,Std Withdrawn,ARCH,29604,KC,W,D+,ARCH,ARCH,202510,SO,ARCH 29604,CAED,CAED,1.3,0.0,FR/SO Intervention Needed
8170,8170,Registered,ARCH,29604,KC,F,D,ARCH,ARCH,202510,SO,ARCH 29604,CAED,CAED,1.0,0.0,FR/SO Intervention Needed
8142,8142,Registered,ARCH,29604,KC,F,F,ARCH,ARCH,202510,SR,ARCH 29604,CAED,CAED,0.0,0.0,JR/SR Intervention Needed
8161,8161,Registered,ARCH,29604,KC,F,F,ARCH,ARCH,202510,JR,ARCH 29604,CAED,CAED,0.0,0.0,JR/SR Intervention Needed
8483,8483,Registered,ARCH,14775,KC,F,F,ARCH,ARCH,202510,SR,ARCH 14775,CAED,CAED,0.0,0.0,JR/SR Intervention Needed
8484,8484,Registered,ARCH,14775,KC,D,F,ARCH,ARCH,202510,SO,ARCH 14775,CAED,CAED,0.0,1.0,FR/SO Intervention Needed
8493,8493,Std Withdrawn,ARCH,14775,KC,W,SF,ARCH,ARCH,202510,SO,ARCH 14775,CAED,CAED,0.0,0.0,FR/SO Intervention Needed
8516,8516,Registered,ARCH,14775,KC,F,D,ARCH,ARCH,202510,SO,ARCH 14775,CAED,CAED,1.0,0.0,FR/SO Intervention Needed
8502,8502,Registered,ARCH,14775,KC,C,D,ARCH,ARCH,202510,SO,ARCH 14775,CAED,CAED,1.0,2.0,FR/SO Intervention Needed
8520,8520,Std Withdrawn,ARCH,14775,KC,W,F,ARCH,ARCH,202510,SR,ARCH 14775,CAED,CAED,0.0,0.0,JR/SR Intervention Needed
8557,8557,Registered,ARCH,14775,KC,C,D,ARCH,ARCH,202510,SO,ARCH 14775,CAED,CAED,1.0,2.0,FR/SO Intervention Needed
8559,8559,Registered,ARCH,14775,KC,D+,F,ARCH,ARCH,202510,JR,ARCH 14775,CAED,CAED,0.0,1.3,JR/SR Intervention Needed
9100,9100,Registered,ARCH,19059,KC,B-,D,ARCH,ARCH,202510,FR,ARCH 19059,CAED,CAED,1.0,2.7,FR/SO Intervention Needed
9482,9482,Std Withdrawn,ARCH,13310,KC,W,F,ARCH,ARCH,202510,SO,ARCH 13310,CAED,CAED,0.0,0.0,FR/SO Intervention Needed
9485,9485,Std Withdrawn,ARCH,13310,KC,W,C,ARCH,ARCH,202510,FR,ARCH 13310,CAED,CAED,2.0,0.0,FR/SO Intervention Needed
9490,9490,Registered,ARCH,13310,KC,C,D,ARCH,ARCH,202510,FR,ARCH 13310,CAED,CAED,1.0,2.0,FR/SO Intervention Needed
9531,9531,Registered,ARCH,13310,KC,B-,C,ARCH,ARCH,202510,FR,ARCH 13310,CAED,CAED,2.0,2.7,FR/SO Intervention Needed
9510,9510,Registered,ARCH,13310,KC,C,C,ARCH,ARCH,202510,SO,ARCH 13310,CAED,CAED,2.0,2.0,FR/SO Intervention Needed
9523,9523,Std Withdrawn,ARCH,13310,KC,W,SF,ARCH,ARCH,202510,JR,ARCH 13310,CAED,CAED,0.0,0.0,JR/SR Intervention Needed
51545,51545,Registered,FDM,12721,KC,B,C,FDM,FD,202510,SO,FDM 12721,CotA,CotA,2.0,3.0,FR/SO Intervention Needed
51519,51519,Registered,FDM,12721,KC,F,F,FDM,FD,202510,JR,FDM 12721,CotA,CotA,0.0,0.0,JR/SR Intervention Needed
51527,51527,Registered,FDM,12721,KC,,C-,FDM,FD,202510,SO,FDM 12721,CotA,CotA,1.7,,FR/SO Intervention Needed
51502,51502,Std Withdrawn,FDM,12721,KC,W,F,FDM,FD,202510,JR,FDM 12721,CotA,CotA,0.0,0.0,JR/SR Intervention Needed
51504,51504,Registered,FDM,12721,KC,F,F,FDM,FD,202510,JR,FDM 12721,CotA,CotA,0.0,0.0,JR/SR Intervention Needed
51509,51509,Registered,FDM,12721,KC,B+,F,FDM,FD,202510,JR,FDM 12721,CotA,CotA,0.0,3.3,JR/SR Intervention Needed
51514,51514,Registered,FDM,12721,KC,A-,F,FDM,FD,202510,SO,FDM 12721,CotA,CotA,0.0,3.7,FR/SO Intervention Needed
51500,51500,Registered,FDM,12721,KC,C-,C-,FDM,FD,202510,SO,FDM 12721,CotA,CotA,1.7,1.7,FR/SO Intervention Needed
51478,51478,Registered,FDM,12721,KC,D,F,FDM,FD,202510,JR,FDM 12721,CotA,CotA,0.0,1.0,JR/SR Intervention Needed
51464,51464,Registered,FDM,12721,KC,C,D,FDM,FD,202510,SO,FDM 12721,CotA,CotA,1.0,2.0,FR/SO Intervention Needed
51438,51438,Registered,FDM,12721,KC,F,F,FDM,FD,202510,SO,FDM 12721,CotA,CotA,0.0,0.0,FR/SO Intervention Needed
51444,51444,Registered,FDM,12721,KC,B,C,FDM,FD,202510,SO,FDM 12721,CotA,CotA,2.0,3.0,FR/SO Intervention Needed
51449,51449,Registered,FDM,12721,KC,B-,C,FDM,FD,202510,SO,FDM 12721,CotA,CotA,2.0,2.7,FR/SO Intervention Needed
51432,51432,Registered,FDM,12721,KC,F,F,FDM,FD,202510,SO,FDM 12721,CotA,CotA,0.0,0.0,FR/SO Intervention Needed
51435,51435,Stopped Attending - Failed,FDM,12721,KC,SF,SF,FDM,FD,202510,SO,FDM 12721,CotA,CotA,0.0,0.0,FR/SO Intervention Needed
51405,51405,Registered,FDM,12721,KC,B,C,FDM,FD,202510,SO,FDM 12721,CotA,CotA,2.0,3.0,FR/SO Intervention Needed
51418,51418,Registered,FDM,12721,KC,F,F,FDM,FD,202510,JR,FDM 12721,CotA,CotA,0.0,0.0,JR/SR Intervention Needed
9534,9534,Registered,ARCH,13310,KC,F,F,ARCH,ARCH,202510,FR,ARCH 13310,CAED,CAED,0.0,0.0,FR/SO Intervention Needed
9539,9539,Std Withdrawn,ARCH,13310,KC,W,F,ARCH,ARCH,202510,FR,ARCH 13310,CAED,CAED,0.0,0.0,FR/SO Intervention Needed
9543,9543,Registered,ARCH,13310,KC,C,F,ARCH,ARCH,202510,FR,ARCH 13310,CAED,CAED,0.0,2.0,FR/SO Intervention Needed
61209,61209,Registered,MDJ,15027,KC,B,F,MDJ,COMM,202510,JR,MDJ 15027,CCI,CCI,0.0,3.0,JR/SR Intervention Needed
9561,9561,Registered,ARCH,13310,KC,C,D+,ARCH,ARCH,202510,FR,ARCH 13310,CAED,CAED,1.3,2.0,FR/SO Intervention Needed
9550,9550,Registered,ARCH,13310,KC,B,C,ARCH,ARCH,202510,FR,ARCH 13310,CAED,CAED,2.0,3.0,FR/SO Intervention Needed
9551,9551,Registered,ARCH,13310,KC,A,C,ARCH,ARCH,202510,FR,ARCH 13310,CAED,CAED,2.0,4.0,FR/SO Intervention Needed
9556,9556,Registered,ARCH,13310,KC,D,F,ARCH,ARCH,202510,SO,ARCH 13310,CAED,CAED,0.0,1.0,FR/SO Intervention Needed
61253,61253,Registered,MDJ,15027,KC,B+,F,MDJ,VCD,202510,SO,MDJ 15027,CCI,CCI,0.0,3.3,FR/SO Intervention Needed
61277,61277,Registered,MDJ,15027,KC,F,F,MDJ,FM,202510,SO,MDJ 15027,CotA,CCI,0.0,0.0,FR/SO Intervention Needed
61263,61263,Registered,MDJ,15027,KC,D+,C,MDJ,VCD,202510,SO,MDJ 15027,CCI,CCI,2.0,1.3,FR/SO Intervention Needed
61325,61325,Registered,MDJ,15027,KC,D,F,MDJ,JNL,202510,SO,MDJ 15027,CCI,CCI,0.0,1.0,FR/SO Intervention Needed
61330,61330,Stopped Attending - Failed,MDJ,15027,KC,SF,SF,MDJ,DMP,202510,SO,MDJ 15027,CCI,CCI,0.0,0.0,FR/SO Intervention Needed
61311,61311,Registered,MDJ,15027,KC,C+,C-,MDJ,ADV,202510,SO,MDJ 15027,CCI,CCI,1.7,2.3,FR/SO Intervention Needed
61312,61312,Registered,MDJ,15027,KC,A-,C-,MDJ,VCD,202510,FR,MDJ 15027,CCI,CCI,1.7,3.7,FR/SO Intervention Needed
61351,61351,Registered,MDJ,15027,KC,F,F,MDJ,DMP,202510,FR,MDJ 15027,CCI,CCI,0.0,0.0,FR/SO Intervention Needed
61365,61365,Registered,MDJ,15027,KC,C,F,MDJ,COMM,202510,JR,MDJ 15027,CCI,CCI,0.0,2.0,JR/SR Intervention Needed
61368,61368,Std Withdrawn,MDJ,15027,KC,W,C,MDJ,COMM,202510,SO,MDJ 15027,CCI,CCI,2.0,0.0,FR/SO Intervention Needed
61343,61343,Registered,MDJ,15027,KC,C,C,MDJ,COMM,202510,FR,MDJ 15027,CCI,CCI,2.0,2.0,FR/SO Intervention Needed
61405,61405,Registered,MDJ,15027,KC,C,C-,MDJ,VCD,202510,SO,MDJ 15027,CCI,CCI,1.7,2.0,FR/SO Intervention Needed
61374,61374,Registered,MDJ,15027,KC,B+,C,MDJ,DMP,202510,FR,MDJ 15027,CCI,CCI,2.0,3.3,FR/SO Intervention Needed
61375,61375,Registered,MDJ,15027,KC,C,F,MDJ,PR,202510,FR,MDJ 15027,CCI,CCI,0.0,2.0,FR/SO Intervention Needed
61392,61392,Registered,MDJ,15027,KC,D+,F,MDJ,COMM,202510,SO,MDJ 15027,CCI,CCI,0.0,1.3,FR/SO Intervention Needed
61449,61449,Registered,MDJ,15027,KC,D+,D,MDJ,THEA,202510,SO,MDJ 15027,CotA,CCI,1.0,1.3,FR/SO Intervention Needed
61423,61423,Registered,MDJ,15027,KC,C+,C-,MDJ,COMM,202510,SO,MDJ 15027,CCI,CCI,1.7,2.3,FR/SO Intervention Needed
61464,61464,Registered,MDJ,15027,KC,D+,D,MDJ,PR,202510,SO,MDJ 15027,CCI,CCI,1.0,1.3,FR/SO Intervention Needed
61498,61498,Registered,MDJ,15027,KC,F,F,MDJ,COMM,202510,SR,MDJ 15027,CCI,CCI,0.0,0.0,JR/SR Intervention Needed
61521,61521,Stopped Attending - Failed,MDJ,15027,KC,SF,F,MDJ,FM,202510,SO,MDJ 15027,CotA,CCI,0.0,0.0,FR/SO Intervention Needed
61520,61520,Registered,MDJ,15027,KC,A,C,MDJ,FM,202510,SO,MDJ 15027,CotA,CCI,2.0,4.0,FR/SO Intervention Needed
61637,61637,Std Withdrawn,MDJ,15027,KC,W,D,MDJ,ID,202510,SO,MDJ 15027,CAED,CCI,1.0,0.0,FR/SO Intervention Needed
9581,9581,Std Withdrawn,ARCH,13310,KC,W,F,ARCH,ARCH,202510,SO,ARCH 13310,CAED,CAED,0.0,0.0,FR/SO Intervention Needed
9592,9592,Registered,ARCH,13310,KC,F,F,ARCH,ARCH,202510,SO,ARCH 13310,CAED,CAED,0.0,0.0,FR/SO Intervention Needed
9605,9605,Registered,ARCH,13310,KC,C,D,ARCH,COMA,202510,FR,ARCH 13310,CAED,CAED,1.0,2.0,FR/SO Intervention Needed
9607,9607,Registered,ARCH,13310,KC,B,C,ARCH,ARCH,202510,FR,ARCH 13310,CAED,CAED,2.0,3.0,FR/SO Intervention Needed
9585,9585,Registered,ARCH,13310,KC,D+,C,ARCH,ARCH,202510,SO,ARCH 13310,CAED,CAED,2.0,1.3,FR/SO Intervention Needed
70657,70657,Stopped Attending - Failed,MUS,12716,KC,SF,C-,MUS,PR,202510,FR,MUS 12716,CCI,CotA,1.7,0.0,FR/SO Intervention Needed
70305,70305,Registered,MUS,12716,KC,B-,C-,MUS,VCD,202510,SO,MUS 12716,CCI,CotA,1.7,2.7,FR/SO Intervention Needed
70239,70239,Registered,MUS,12716,KC,F,F,MUS,MUT,202510,SR,MUS 12716,CotA,CotA,0.0,0.0,JR/SR Intervention Needed
70282,70282,Registered,MUS,12716,KC,D,F,MUS,JNL,202510,FR,MUS 12716,CCI,CotA,0.0,1.0,FR/SO Intervention Needed
70236,70236,Registered,MUS,12716,KC,B,D,MUS,COMM,202510,SO,MUS 12716,CCI,CotA,1.0,3.0,FR/SO Intervention Needed
43564,43564,Registered,FDM,25884,KC,C-,C,FDM,FD,202510,FR,FDM 25884,CotA,CotA,2.0,1.7,FR/SO Intervention Needed
43559,43559,Registered,FDM,25884,KC,A-,F,FDM,FM,202510,FR,FDM 25884,CotA,CotA,0.0,3.7,FR/SO Intervention Needed
43574,43574,Registered,FDM,25884,KC,B-,C,FDM,FD,202510,FR,FDM 25884,CotA,CotA,2.0,2.7,FR/SO Intervention Needed
43577,43577,Registered,FDM,25884,KC,B-,D,FDM,FM,202510,FR,FDM 25884,CotA,CotA,1.0,2.7,FR/SO Intervention Needed
43590,43590,Registered,FDM,25884,KC,C,F,FDM,FD,202510,JR,FDM 25884,CotA,CotA,0.0,2.0,JR/SR Intervention Needed
43593,43593,Registered,FDM,25884,KC,,C-,FDM,FM,202510,FR,FDM 25884,CotA,CotA,1.7,,FR/SO Intervention Needed
43600,43600,Registered,FDM,25884,KC,C+,C,FDM,FD,202510,FR,FDM 25884,CotA,CotA,2.0,2.3,FR/SO Intervention Needed
43604,43604,Registered,FDM,25884,KC,D+,D,FDM,FD,202510,FR,FDM 25884,CotA,CotA,1.0,1.3,FR/SO Intervention Needed
43636,43636,Registered,FDM,25884,KC,C,C,FDM,FM,202510,SO,FDM 25884,CotA,CotA,2.0,2.0,FR/SO Intervention Needed
43642,43642,Registered,FDM,25884,KC,C+,C-,FDM,FD,202510,FR,FDM 25884,CotA,CotA,1.7,2.3,FR/SO Intervention Needed
43680,43680,Registered,FDM,25884,KC,B-,D+,FDM,FD,202510,SO,FDM 25884,CotA,CotA,1.3,2.7,FR/SO Intervention Needed
43654,43654,Registered,FDM,25884,KC,B,C,FDM,FM,202510,SO,FDM 25884,CotA,CotA,2.0,3.0,FR/SO Intervention Needed
43685,43685,Std Withdrawn,FDM,25884,KC,W,F,FDM,FD,202510,FR,FDM 25884,CotA,CotA,0.0,0.0,FR/SO Intervention Needed
43671,43671,Registered,FDM,25884,KC,C-,F,FDM,FM,202510,JR,FDM 25884,CotA,CotA,0.0,1.7,JR/SR Intervention Needed
43672,43672,Registered,FDM,25884,KC,D+,F,FDM,FM,202510,FR,FDM 25884,CotA,CotA,0.0,1.3,FR/SO Intervention Needed
27819,27819,Registered,COMM,17591,KC,B-,C,COMM,DMP,202510,FR,COMM 17591,CCI,CCI,2.0,2.7,FR/SO Intervention Needed
27802,27802,Std Withdrawn,COMM,17591,KC,W,D+,COMM,ID,202510,FR,COMM 17591,CAED,CCI,1.3,0.0,FR/SO Intervention Needed
27787,27787,Registered,COMM,17591,KC,B,C,COMM,ID,202510,FR,COMM 17591,CAED,CCI,2.0,3.0,FR/SO Intervention Needed
9958,9958,Registered,ARCS,29348,KC,C,D+,ARCH,ARCS,202510,SO,ARCS 29348,CAED,CAED,1.3,2.0,FR/SO Intervention Needed
27740,27740,Registered,COMM,17591,KC,F,F,COMM,ARTE,202510,SO,COMM 17591,CotA,CCI,0.0,0.0,FR/SO Intervention Needed
10306,10306,Stopped Attending - Failed,ART,29123,KC,SF,D,ART,SART,202510,FR,ART 29123,CotA,CotA,1.0,0.0,FR/SO Intervention Needed
27699,27699,Registered,COMM,17591,KC,B,F,COMM,ARTE,202510,SO,COMM 17591,CotA,CCI,0.0,3.0,FR/SO Intervention Needed
27681,27681,Registered,COMM,17591,KC,C-,C-,COMM,ID,202510,FR,COMM 17591,CAED,CCI,1.7,1.7,FR/SO Intervention Needed
27682,27682,Stopped Attending - Failed,COMM,17591,KC,SF,F,COMM,JNL,202510,SO,COMM 17591,CCI,CCI,0.0,0.0,FR/SO Intervention Needed
10323,10323,Registered,ART,29123,KC,B-,C,ART,SART,202510,FR,ART 29123,CotA,CotA,2.0,2.7,FR/SO Intervention Needed
10359,10359,Registered,ART,29123,KC,B-,F,ART,VCD,202510,SO,ART 29123,CCI,CotA,0.0,2.7,FR/SO Intervention Needed
27685,27685,Registered,COMM,17591,KC,C-,C,COMM,SART,202510,FR,COMM 17591,CotA,CCI,2.0,1.7,FR/SO Intervention Needed
27671,27671,Registered,COMM,17591,KC,B,C,COMM,ID,202510,FR,COMM 17591,CAED,CCI,2.0,3.0,FR/SO Intervention Needed
27674,27674,Registered,COMM,17591,KC,B+,D+,COMM,ID,202510,SO,COMM 17591,CAED,CCI,1.3,3.3,FR/SO Intervention Needed
27676,27676,Registered,COMM,17591,KC,B,C,COMM,FM,202510,FR,COMM 17591,CotA,CCI,2.0,3.0,FR/SO Intervention Needed
15609,15609,Stopped Attending - Failed,ARTH,17400,KC,SF,F,ART,ID,202510,FR,ARTH 17400,CAED,CotA,0.0,0.0,FR/SO Intervention Needed
15587,15587,Registered,ARTH,17400,KC,A,C,ART,ARTH,202510,SO,ARTH 17400,CotA,CotA,2.0,4.0,FR/SO Intervention Needed
62779,62779,Std Withdrawn,MDJ,11788,KC,W,F,MDJ,VCD,202510,SR,MDJ 11788,CCI,CCI,0.0,0.0,JR/SR Intervention Needed
15532,15532,Registered,ARTH,17400,KC,C,F,ART,FD,202510,FR,ARTH 17400,CotA,CotA,0.0,2.0,FR/SO Intervention Needed
15505,15505,Registered,ARTH,17400,KC,C,C,ART,SART,202510,FR,ARTH 17400,CotA,CotA,2.0,2.0,FR/SO Intervention Needed
15511,15511,Registered,ARTH,17400,KC,C,C,ART,ID,202510,FR,ARTH 17400,CAED,CotA,2.0,2.0,FR/SO Intervention Needed
15493,15493,Registered,ARTH,17400,KC,F,F,ART,ID,202510,FR,ARTH 17400,CAED,CotA,0.0,0.0,FR/SO Intervention Needed
15494,15494,Registered,ARTH,17400,KC,F,D,ART,SART,202510,FR,ARTH 17400,CotA,CotA,1.0,0.0,FR/SO Intervention Needed
15495,15495,Registered,ARTH,17400,KC,F,D+,ART,ADV,202510,FR,ARTH 17400,CCI,CotA,1.3,0.0,FR/SO Intervention Needed
15472,15472,Registered,ARTH,17400,KC,D,C,ART,SART,202510,FR,ARTH 17400,CotA,CotA,2.0,1.0,FR/SO Intervention Needed
15466,15466,Registered,ARTH,17400,KC,C-,C-,ART,ID,202510,SO,ARTH 17400,CAED,CotA,1.7,1.7,FR/SO Intervention Needed
15436,15436,Registered,ARTH,17400,KC,C-,C,ART,ID,202510,FR,ARTH 17400,CAED,CotA,2.0,1.7,FR/SO Intervention Needed
15441,15441,Stopped Attending - Failed,ARTH,17400,KC,SF,F,ART,FD,202510,FR,ARTH 17400,CotA,CotA,0.0,0.0,FR/SO Intervention Needed
15422,15422,Std Withdrawn,ARTH,17400,KC,W,C,ART,ARCS,202510,SO,ARTH 17400,CAED,CotA,2.0,0.0,FR/SO Intervention Needed
27599,27599,Stopped Attending - Failed,COMM,17591,KC,SF,D,COMM,VCD,202510,FR,COMM 17591,CCI,CCI,1.0,0.0,FR/SO Intervention Needed
10805,10805,Registered,ART,21467,KC,,D,ART,ARTE,202510,FR,ART 21467,CotA,CotA,1.0,,FR/SO Intervention Needed
10785,10785,Registered,ART,21467,KC,C,F,ART,SART,202510,JR,ART 21467,CotA,CotA,0.0,2.0,JR/SR Intervention Needed
10786,10786,Registered,ART,21467,KC,B-,C-,ART,SART,202510,FR,ART 21467,CotA,CotA,1.7,2.7,FR/SO Intervention Needed
63045,63045,Registered,MDJ,28436,KC,B-,D,MDJ,ADV,202510,SO,MDJ 28436,CCI,CCI,1.0,2.7,FR/SO Intervention Needed
63058,63058,Registered,MDJ,28436,KC,A,C,MDJ,PR,202510,SO,MDJ 28436,CCI,CCI,2.0,4.0,FR/SO Intervention Needed
63072,63072,Registered,MDJ,28436,KC,C-,F,MDJ,ADV,202510,SO,MDJ 28436,CCI,CCI,0.0,1.7,FR/SO Intervention Needed
27514,27514,Registered,COMM,17591,KC,B,F,COMM,ARTE,202510,SO,COMM 17591,CotA,CCI,0.0,3.0,FR/SO Intervention Needed
27481,27481,Registered,COMM,17591,KC,F,F,COMM,VCD,202510,SO,COMM 17591,CCI,CCI,0.0,0.0,FR/SO Intervention Needed
11159,11159,Registered,ART,20725,KC,F,F,ART,ARTE,202510,SO,ART 20725,CotA,CotA,0.0,0.0,FR/SO Intervention Needed
15405,15405,Registered,ARTH,17400,KC,F,F,ART,FD,202510,SO,ARTH 17400,CotA,CotA,0.0,0.0,FR/SO Intervention Needed
15364,15364,Registered,ARTH,17400,KC,D,F,ART,ARCS,202510,SR,ARTH 17400,CAED,CotA,0.0,1.0,JR/SR Intervention Needed
15372,15372,Std Withdrawn,ARTH,17400,KC,W,F,ART,TDTP,202510,FR,ARTH 17400,CotA,CotA,0.0,0.0,FR/SO Intervention Needed
15318,15318,Registered,ARTH,17400,KC,B,C-,ART,FD,202510,SO,ARTH 17400,CotA,CotA,1.7,3.0,FR/SO Intervention Needed
15357,15357,Registered,ARTH,17400,KC,C,C-,ART,ARTE,202510,FR,ARTH 17400,CotA,CotA,1.7,2.0,FR/SO Intervention Needed
15341,15341,Registered,ARTH,17400,KC,F,D,ART,ARTE,202510,FR,ARTH 17400,CotA,CotA,1.0,0.0,FR/SO Intervention Needed
15343,15343,Registered,ARTH,17400,KC,A,C,ART,FD,202510,FR,ARTH 17400,CotA,CotA,2.0,4.0,FR/SO Intervention Needed
11172,11172,Registered,ART,20725,KC,F,F,ART,SART,202510,SO,ART 20725,CotA,CotA,0.0,0.0,FR/SO Intervention Needed
15307,15307,Registered,ARTH,17400,KC,B,C,ART,FD,202510,FR,ARTH 17400,CotA,CotA,2.0,3.0,FR/SO Intervention Needed
45114,45114,Registered,FDM,13023,KC,D,C,FDM,FM,202510,FR,FDM 13023,CotA,CotA,2.0,1.0,FR/SO Intervention Needed
11168,11168,Registered,ART,20725,KC,,F,ART,ARTE,202510,SO,ART 20725,CotA,CotA,0.0,,FR/SO Intervention Needed
50911,50911,Registered,FDM,17764,KC,F,F,FDM,FD,202510,JR,FDM 17764,CotA,CotA,0.0,0.0,JR/SR Intervention Needed
45122,45122,Registered,FDM,13023,KC,C,C,FDM,FD,202510,FR,FDM 13023,CotA,CotA,2.0,2.0,FR/SO Intervention Needed
45126,45126,Registered,FDM,13023,KC,F,F,FDM,FD,202510,FR,FDM 13023,CotA,CotA,0.0,0.0,FR/SO Intervention Needed
45164,45164,Registered,FDM,13023,KC,C,C,FDM,FM,202510,FR,FDM 13023,CotA,CotA,2.0,2.0,FR/SO Intervention Needed
45169,45169,Registered,FDM,13023,KC,D,F,FDM,FM,202510,FR,FDM 13023,CotA,CotA,0.0,1.0,FR/SO Intervention Needed
45151,45151,Registered,FDM,13023,KC,C-,D,FDM,FD,202510,SO,FDM 13023,CotA,CotA,1.0,1.7,FR/SO Intervention Needed
45177,45177,Std Withdrawn,FDM,13023,KC,W,SF,FDM,FM,202510,SO,FDM 13023,CotA,CotA,0.0,0.0,FR/SO Intervention Needed
45227,45227,Registered,FDM,13023,KC,C+,D+,FDM,FD,202510,FR,FDM 13023,CotA,CotA,1.3,2.3,FR/SO Intervention Needed
45202,45202,Registered,FDM,13023,KC,C+,C,FDM,FD,202510,SO,FDM 13023,CotA,CotA,2.0,2.3,FR/SO Intervention Needed
45203,45203,Registered,FDM,13023,KC,B+,C,FDM,FD,202510,FR,FDM 13023,CotA,CotA,2.0,3.3,FR/SO Intervention Needed
45221,45221,Registered,FDM,13023,KC,B+,D,FDM,FM,202510,SO,FDM 13023,CotA,CotA,1.0,3.3,FR/SO Intervention Needed
45224,45224,Registered,FDM,13023,KC,B+,C-,FDM,FM,202510,FR,FDM 13023,CotA,CotA,1.7,3.3,FR/SO Intervention Needed
45260,45260,Registered,FDM,13023,KC,A,C,FDM,FM,202510,FR,FDM 13023,CotA,CotA,2.0,4.0,FR/SO Intervention Needed
45241,45241,Registered,FDM,13023,KC,C,D+,FDM,FM,202510,FR,FDM 13023,CotA,CotA,1.3,2.0,FR/SO Intervention Needed
45256,45256,Registered,FDM,13023,KC,C+,C,FDM,FM,202510,SO,FDM 13023,CotA,CotA,2.0,2.3,FR/SO Intervention Needed
50193,50193,Registered,FDM,27868,KC,B,C,FDM,FD,202510,SO,FDM 27868,CotA,CotA,2.0,3.0,FR/SO Intervention Needed
50178,50178,Registered,FDM,27868,KC,C+,F,FDM,FD,202510,SO,FDM 27868,CotA,CotA,0.0,2.3,FR/SO Intervention Needed
50160,50160,Registered,FDM,27868,KC,A,C,FDM,FD,202510,SO,FDM 27868,CotA,CotA,2.0,4.0,FR/SO Intervention Needed
50161,50161,Registered,FDM,27868,KC,F,C-,FDM,FD,202510,SO,FDM 27868,CotA,CotA,1.7,0.0,FR/SO Intervention Needed
50165,50165,Registered,FDM,27868,KC,C,C,FDM,FD,202510,SO,FDM 27868,CotA,CotA,2.0,2.0,FR/SO Intervention Needed
50142,50142,Registered,FDM,27868,KC,D,F,FDM,FD,202510,SO,FDM 27868,CotA,CotA,0.0,1.0,FR/SO Intervention Needed
50145,50145,Registered,FDM,27868,KC,B,D+,FDM,FD,202510,SO,FDM 27868,CotA,CotA,1.3,3.0,FR/SO Intervention Needed
50147,50147,Registered,FDM,27868,KC,F,F,FDM,FD,202510,SR,FDM 27868,CotA,CotA,0.0,0.0,JR/SR Intervention Needed
50153,50153,Registered,FDM,27868,KC,B,D+,FDM,FD,202510,SO,FDM 27868,CotA,CotA,1.3,3.0,FR/SO Intervention Needed
50133,50133,Registered,FDM,27868,KC,C,C,FDM,FD,202510,SO,FDM 27868,CotA,CotA,2.0,2.0,FR/SO Intervention Needed
50135,50135,Registered,FDM,27868,KC,C-,C,FDM,FD,202510,SO,FDM 27868,CotA,CotA,2.0,1.7,FR/SO Intervention Needed
63551,63551,Registered,MDJ,13358,KC,C,C,MDJ,DMP,202510,FR,MDJ 13358,CCI,CCI,2.0,2.0,FR/SO Intervention Needed
63559,63559,Registered,MDJ,13358,KC,B+,C,MDJ,DMP,202510,SO,MDJ 13358,CCI,CCI,2.0,3.3,FR/SO Intervention Needed
63566,63566,Registered,MDJ,13358,KC,C,D,MDJ,JNL,202510,FR,MDJ 13358,CCI,CCI,1.0,2.0,FR/SO Intervention Needed
63567,63567,Registered,MDJ,13358,KC,A,C,MDJ,DMP,202510,FR,MDJ 13358,CCI,CCI,2.0,4.0,FR/SO Intervention Needed
63575,63575,Registered,MDJ,13358,KC,B,F,MDJ,DMP,202510,SO,MDJ 13358,CCI,CCI,0.0,3.0,FR/SO Intervention Needed
50138,50138,Registered,FDM,27868,KC,B-,C-,FDM,FD,202510,SO,FDM 27868,CotA,CotA,1.7,2.7,FR/SO Intervention Needed
63587,63587,Registered,MDJ,13358,KC,B,C,MDJ,DMP,202510,FR,MDJ 13358,CCI,CCI,2.0,3.0,FR/SO Intervention Needed
63599,63599,Registered,MDJ,13358,KC,A,C,MDJ,VCD,202510,FR,MDJ 13358,CCI,CCI,2.0,4.0,FR/SO Intervention Needed
63616,63616,Registered,MDJ,13358,KC,B,C,MDJ,DMP,202510,FR,MDJ 13358,CCI,CCI,2.0,3.0,FR/SO Intervention Needed
67974,67974,Stopped Attending - Failed,MUS,28740,KC,SF,F,MUS,MUS,202510,SO,MUS 28740,CotA,CotA,0.0,0.0,FR/SO Intervention Needed
67977,67977,Std Withdrawn,MUS,28740,KC,W,F,MUS,MUED,202510,JR,MUS 28740,CotA,CotA,0.0,0.0,JR/SR Intervention Needed
67985,67985,Registered,MUS,28740,KC,A-,C,MUS,MUED,202510,SO,MUS 28740,CotA,CotA,2.0,3.7,FR/SO Intervention Needed
67950,67950,Registered,MUS,28740,KC,B-,F,MUS,MUED,202510,JR,MUS 28740,CotA,CotA,0.0,2.7,JR/SR Intervention Needed
50110,50110,Registered,FDM,27868,KC,B,C,FDM,FD,202510,SO,FDM 27868,CotA,CotA,2.0,3.0,FR/SO Intervention Needed
67518,67518,Registered,MUS,20682,KC,C+,D,MUS,MUED,202510,FR,MUS 20682,CotA,CotA,1.0,2.3,FR/SO Intervention Needed
67521,67521,Registered,MUS,20682,KC,A-,C-,MUS,MUED,202510,SO,MUS 20682,CotA,CotA,1.7,3.7,FR/SO Intervention Needed
27357,27357,Registered,COMM,17591,KC,C,C,COMM,ID,202510,FR,COMM 17591,CAED,CCI,2.0,2.0,FR/SO Intervention Needed
67517,67517,Registered,MUS,20682,KC,D+,F,MUS,MUS,202510,SO,MUS 20682,CotA,CotA,0.0,1.3,FR/SO Intervention Needed
50118,50118,Registered,FDM,27868,KC,F,F,FDM,FD,202510,SO,FDM 27868,CotA,CotA,0.0,0.0,FR/SO Intervention Needed
50119,50119,Registered,FDM,27868,KC,F,F,FDM,FD,202510,SO,FDM 27868,CotA,CotA,0.0,0.0,FR/SO Intervention Needed
12812,12812,Registered,ARTH,12842,KC,C+,C-,ART,ARTE,202510,SO,ARTH 12842,CotA,CotA,1.7,2.3,FR/SO Intervention Needed
12837,12837,Registered,ARTH,12842,KC,D,F,ART,ARTE,202510,FR,ARTH 12842,CotA,CotA,0.0,1.0,FR/SO Intervention Needed
67369,67369,Registered,MUS,10469,KC,F,F,MUS,MUS,202510,SO,MUS 10469,CotA,CotA,0.0,0.0,FR/SO Intervention Needed
67385,67385,Registered,MUS,10469,KC,F,D+,MUS,MUED,202510,FR,MUS 10469,CotA,CotA,1.3,0.0,FR/SO Intervention Needed
67375,67375,Registered,MUS,10469,KC,F,F,MUS,MUS,202510,SO,MUS 10469,CotA,CotA,0.0,0.0,FR/SO Intervention Needed
67363,67363,Registered,MUS,10469,KC,B,C-,MUS,MUS,202510,SO,MUS 10469,CotA,CotA,1.7,3.0,FR/SO Intervention Needed
67338,67338,Registered,MUS,10469,KC,B-,D+,MUS,MUED,202510,SO,MUS 10469,CotA,CotA,1.3,2.7,FR/SO Intervention Needed
49501,49501,Registered,FDM,20907,KC,B,F,FDM,FM,202510,SO,FDM 20907,CotA,CotA,0.0,3.0,FR/SO Intervention Needed
49512,49512,Registered,FDM,20907,KC,B+,C,FDM,FM,202510,SO,FDM 20907,CotA,CotA,2.0,3.3,FR/SO Intervention Needed
49498,49498,Registered,FDM,20907,KC,B-,C-,FDM,FM,202510,SO,FDM 20907,CotA,CotA,1.7,2.7,FR/SO Intervention Needed
49511,49511,Registered,FDM,20907,KC,B-,D+,FDM,FM,202510,SO,FDM 20907,CotA,CotA,1.3,2.7,FR/SO Intervention Needed
49477,49477,Registered,FDM,20907,KC,C,F,FDM,FM,202510,SO,FDM 20907,CotA,CotA,0.0,2.0,FR/SO Intervention Needed
49453,49453,Registered,FDM,20907,KC,F,F,FDM,FM,202510,SO,FDM 20907,CotA,CotA,0.0,0.0,FR/SO Intervention Needed
49460,49460,Registered,FDM,20907,KC,F,F,FDM,FM,202510,SO,FDM 20907,CotA,CotA,0.0,0.0,FR/SO Intervention Needed
49421,49421,Registered,FDM,20907,KC,D+,C-,FDM,FM,202510,SO,FDM 20907,CotA,CotA,1.7,1.3,FR/SO Intervention Needed
49456,49456,Registered,FDM,20907,KC,A,F,FDM,FM,202510,SO,FDM 20907,CotA,CotA,0.0,4.0,FR/SO Intervention Needed
49430,49430,Registered,FDM,20907,KC,F,F,FDM,FM,202510,SO,FDM 20907,CotA,CotA,0.0,0.0,FR/SO Intervention Needed
49408,49408,Std Withdrawn,FDM,20907,KC,W,F,FDM,FM,202510,SO,FDM 20907,CotA,CotA,0.0,0.0,FR/SO Intervention Needed
49390,49390,Registered,FDM,20907,KC,C,D,FDM,FM,202510,SO,FDM 20907,CotA,CotA,1.0,2.0,FR/SO Intervention Needed
49404,49404,Std Withdrawn,FDM,20907,KC,W,SF,FDM,FM,202510,SR,FDM 20907,CotA,CotA,0.0,0.0,JR/SR Intervention Needed
49376,49376,Registered,FDM,20907,KC,B-,F,FDM,FM,202510,JR,FDM 20907,CotA,CotA,0.0,2.7,JR/SR Intervention Needed
49380,49380,Registered,FDM,20907,KC,D+,D+,FDM,FM,202510,SO,FDM 20907,CotA,CotA,1.3,1.3,FR/SO Intervention Needed
49383,49383,Registered,FDM,20907,KC,B-,C,FDM,FM,202510,SO,FDM 20907,CotA,CotA,2.0,2.7,FR/SO Intervention Needed
12874,12874,Registered,ARTH,12842,KC,A,C,ART,ARTH,202510,FR,ARTH 12842,CotA,CotA,2.0,4.0,FR/SO Intervention Needed
12868,12868,Registered,ARTH,12842,KC,F,D,ART,FD,202510,SO,ARTH 12842,CotA,CotA,1.0,0.0,FR/SO Intervention Needed
12850,12850,Registered,ARTH,12842,KC,F,F,ART,FD,202510,FR,ARTH 12842,CotA,CotA,0.0,0.0,FR/SO Intervention Needed
46739,46739,Std Withdrawn,FDM,11617,KC,W,F,FDM,FM,202510,SO,FDM 11617,CotA,CotA,0.0,0.0,FR/SO Intervention Needed
46743,46743,Registered,FDM,11617,KC,F,F,FDM,FM,202510,SO,FDM 11617,CotA,CotA,0.0,0.0,FR/SO Intervention Needed
46736,46736,Registered,FDM,11617,KC,F,F,FDM,FM,202510,FR,FDM 11617,CotA,CotA,0.0,0.0,FR/SO Intervention Needed
12890,12890,Registered,ARTH,12842,KC,C-,D+,ART,FM,202510,SO,ARTH 12842,CotA,CotA,1.3,1.7,FR/SO Intervention Needed
12893,12893,Registered,ARTH,12842,KC,C+,D,ART,FD,202510,SO,ARTH 12842,CotA,CotA,1.0,2.3,FR/SO Intervention Needed
46745,46745,Std Withdrawn,FDM,11617,KC,W,F,FDM,FD,202510,JR,FDM 11617,CotA,CotA,0.0,0.0,JR/SR Intervention Needed
46748,46748,Stopped Attending - Failed,FDM,11617,KC,SF,SF,FDM,FD,202510,FR,FDM 11617,CotA,CotA,0.0,0.0,FR/SO Intervention Needed
46730,46730,Registered,FDM,11617,KC,F,D,FDM,FD,202510,SO,FDM 11617,CotA,CotA,1.0,0.0,FR/SO Intervention Needed
46731,46731,Std Withdrawn,FDM,11617,KC,W,F,FDM,FD,202510,SO,FDM 11617,CotA,CotA,0.0,0.0,FR/SO Intervention Needed
46735,46735,Registered,FDM,11617,KC,C+,C-,FDM,FM,202510,SO,FDM 11617,CotA,CotA,1.7,2.3,FR/SO Intervention Needed
12898,12898,Registered,ARTH,12842,KC,D,F,ART,VCD,202510,SO,ARTH 12842,CCI,CotA,0.0,1.0,FR/SO Intervention Needed
12942,12942,Registered,ARTH,12842,KC,B-,C,ART,FD,202510,FR,ARTH 12842,CotA,CotA,2.0,2.7,FR/SO Intervention Needed
12943,12943,Registered,ARTH,12842,KC,F,D,ART,ARTE,202510,SO,ARTH 12842,CotA,CotA,1.0,0.0,FR/SO Intervention Needed
12918,12918,Registered,ARTH,12842,KC,B-,F,ART,THEA,202510,JR,ARTH 12842,CotA,CotA,0.0,2.7,JR/SR Intervention Needed
12921,12921,Registered,ARTH,12842,KC,A-,F,ART,FD,202510,FR,ARTH 12842,CotA,CotA,0.0,3.7,FR/SO Intervention Needed
12956,12956,Registered,ARTH,12842,KC,C,C-,ART,PHOT,202510,SO,ARTH 12842,CCI,CotA,1.7,2.0,FR/SO Intervention Needed
12959,12959,Registered,ARTH,12842,KC,B+,D+,ART,ARTE,202510,FR,ARTH 12842,CotA,CotA,1.3,3.3,FR/SO Intervention Needed
12960,12960,Registered,ARTH,12842,KC,C,D,ART,VCD,202510,SO,ARTH 12842,CCI,CotA,1.0,2.0,FR/SO Intervention Needed
12932,12932,Registered,ARTH,12842,KC,B-,C,ART,SART,202510,FR,ARTH 12842,CotA,CotA,2.0,2.7,FR/SO Intervention Needed
12974,12974,Registered,ARTH,12842,KC,A,C-,ART,PR,202510,FR,ARTH 12842,CCI,CotA,1.7,4.0,FR/SO Intervention Needed
48704,48704,Registered,FDM,29003,KC,D+,F,FDM,FD,202510,JR,FDM 29003,CotA,CotA,0.0,1.3,JR/SR Intervention Needed
48682,48682,Registered,FDM,29003,KC,A,F,FDM,FD,202510,JR,FDM 29003,CotA,CotA,0.0,4.0,JR/SR Intervention Needed
48663,48663,Registered,FDM,29003,KC,C+,C,FDM,FD,202510,SO,FDM 29003,CotA,CotA,2.0,2.3,FR/SO Intervention Needed
48638,48638,Registered,FDM,29003,KC,A-,C,FDM,FD,202510,SO,FDM 29003,CotA,CotA,2.0,3.7,FR/SO Intervention Needed
48674,48674,Registered,FDM,29003,KC,B,C,FDM,FD,202510,SO,FDM 29003,CotA,CotA,2.0,3.0,FR/SO Intervention Needed
48675,48675,Registered,FDM,29003,KC,B-,C,FDM,FD,202510,SO,FDM 29003,CotA,CotA,2.0,2.7,FR/SO Intervention Needed
48645,48645,Registered,FDM,29003,KC,D+,F,FDM,FD,202510,SO,FDM 29003,CotA,CotA,0.0,1.3,FR/SO Intervention Needed
48647,48647,Registered,FDM,29003,KC,B-,F,FDM,FD,202510,JR,FDM 29003,CotA,CotA,0.0,2.7,JR/SR Intervention Needed
48650,48650,Registered,FDM,29003,KC,B,C,FDM,FD,202510,SO,FDM 29003,CotA,CotA,2.0,3.0,FR/SO Intervention Needed
64508,64508,Registered,MDJ,20627,KC,F,F,MDJ,DMP,202510,FR,MDJ 20627,CCI,CCI,0.0,0.0,FR/SO Intervention Needed
48641,48641,Registered,FDM,29003,KC,D,C,FDM,FD,202510,SO,FDM 29003,CotA,CotA,2.0,1.0,FR/SO Intervention Needed
48643,48643,Registered,FDM,29003,KC,C-,F,FDM,FD,202510,SO,FDM 29003,CotA,CotA,0.0,1.7,FR/SO Intervention Needed
64485,64485,Registered,MDJ,20627,KC,C,D,MDJ,DMP,202510,FR,MDJ 20627,CCI,CCI,1.0,2.0,FR/SO Intervention Needed
64495,64495,Registered,MDJ,20627,KC,C+,F,MDJ,DMP,202510,JR,MDJ 20627,CCI,CCI,0.0,2.3,JR/SR Intervention Needed
48624,48624,Registered,FDM,29003,KC,B+,D+,FDM,FD,202510,SO,FDM 29003,CotA,CotA,1.3,3.3,FR/SO Intervention Needed
64504,64504,Registered,MDJ,20627,KC,B-,F,MDJ,DMP,202510,FR,MDJ 20627,CCI,CCI,0.0,2.7,FR/SO Intervention Needed
64510,64510,Std Withdrawn,MDJ,20627,KC,W,F,MDJ,DMP,202510,FR,MDJ 20627,CCI,CCI,0.0,0.0,FR/SO Intervention Needed
64525,64525,Registered,MDJ,20627,KC,C-,D,MDJ,DMP,202510,FR,MDJ 20627,CCI,CCI,1.0,1.7,FR/SO Intervention Needed
64534,64534,Registered,MDJ,20627,KC,B,C,MDJ,DMP,202510,FR,MDJ 20627,CCI,CCI,2.0,3.0,FR/SO Intervention Needed
64536,64536,Registered,MDJ,20627,KC,C-,F,MDJ,DMP,202510,SO,MDJ 20627,CCI,CCI,0.0,1.7,FR/SO Intervention Needed
64515,64515,Registered,MDJ,20627,KC,B,C,MDJ,DMP,202510,FR,MDJ 20627,CCI,CCI,2.0,3.0,FR/SO Intervention Needed
12952,12952,Registered,ARTH,12842,KC,D,C-,ART,FD,202510,SO,ARTH 12842,CotA,CotA,1.7,1.0,FR/SO Intervention Needed
12999,12999,Registered,ARTH,12842,KC,B-,C,ART,FD,202510,FR,ARTH 12842,CotA,CotA,2.0,2.7,FR/SO Intervention Needed
64547,64547,Registered,MDJ,20627,KC,B-,F,MDJ,DMP,202510,FR,MDJ 20627,CCI,CCI,0.0,2.7,FR/SO Intervention Needed
64548,64548,Registered,MDJ,20627,KC,A,D+,MDJ,DMP,202510,SO,MDJ 20627,CCI,CCI,1.3,4.0,FR/SO Intervention Needed
64549,64549,Std Withdrawn,MDJ,20627,KC,W,SF,MDJ,JNL,202510,JR,MDJ 20627,CCI,CCI,0.0,0.0,JR/SR Intervention Needed
66999,66999,Registered,MDJ,12683,KC,C-,F,MDJ,COMM,202510,SO,MDJ 12683,CCI,CCI,0.0,1.7,FR/SO Intervention Needed
67012,67012,Registered,MDJ,12683,KC,F,F,MDJ,PR,202510,JR,MDJ 12683,CCI,CCI,0.0,0.0,JR/SR Intervention Needed
67002,67002,Registered,MDJ,12683,KC,C,D,MDJ,PR,202510,FR,MDJ 12683,CCI,CCI,1.0,2.0,FR/SO Intervention Needed
66974,66974,Registered,MDJ,12683,KC,C-,F,MDJ,FM,202510,SR,MDJ 12683,CotA,CCI,0.0,1.7,JR/SR Intervention Needed
66975,66975,Registered,MDJ,12683,KC,C-,F,MDJ,ADV,202510,SR,MDJ 12683,CCI,CCI,0.0,1.7,JR/SR Intervention Needed
46787,46787,Registered,FDM,11617,KC,A-,D,FDM,FD,202510,SO,FDM 11617,CotA,CotA,1.0,3.7,FR/SO Intervention Needed
46788,46788,Registered,FDM,11617,KC,A-,C,FDM,FM,202510,FR,FDM 11617,CotA,CotA,2.0,3.7,FR/SO Intervention Needed
46777,46777,Registered,FDM,11617,KC,B,C-,FDM,FD,202510,SO,FDM 11617,CotA,CotA,1.7,3.0,FR/SO Intervention Needed
46752,46752,Registered,FDM,11617,KC,B,C-,FDM,FD,202510,FR,FDM 11617,CotA,CotA,1.7,3.0,FR/SO Intervention Needed
46785,46785,Registered,FDM,11617,KC,A,C-,FDM,FM,202510,FR,FDM 11617,CotA,CotA,1.7,4.0,FR/SO Intervention Needed
46839,46839,Std Withdrawn,FDM,11617,KC,W,F,FDM,FM,202510,FR,FDM 11617,CotA,CotA,0.0,0.0,FR/SO Intervention Needed
13008,13008,Registered,ARTH,12842,KC,D+,D,ART,SART,202510,SO,ARTH 12842,CotA,CotA,1.0,1.3,FR/SO Intervention Needed
48603,48603,Registered,FDM,29003,KC,C,C,FDM,FD,202510,SO,FDM 29003,CotA,CotA,2.0,2.0,FR/SO Intervention Needed
48558,48558,Registered,FDM,29003,KC,D,F,FDM,FD,202510,SR,FDM 29003,CotA,CotA,0.0,1.0,JR/SR Intervention Needed
48571,48571,Registered,FDM,29003,KC,B-,C,FDM,FD,202510,SO,FDM 29003,CotA,CotA,2.0,2.7,FR/SO Intervention Needed
48580,48580,Registered,FDM,29003,KC,C,F,FDM,FD,202510,JR,FDM 29003,CotA,CotA,0.0,2.0,JR/SR Intervention Needed
46838,46838,Registered,FDM,11617,KC,A-,C,FDM,FD,202510,FR,FDM 11617,CotA,CotA,2.0,3.7,FR/SO Intervention Needed
46835,46835,Registered,FDM,11617,KC,F,F,FDM,FD,202510,FR,FDM 11617,CotA,CotA,0.0,0.0,FR/SO Intervention Needed
13061,13061,Registered,ARTH,12842,KC,F,F,ART,FD,202510,FR,ARTH 12842,CotA,CotA,0.0,0.0,FR/SO Intervention Needed
46874,46874,Registered,FDM,11617,KC,D,F,FDM,FD,202510,FR,FDM 11617,CotA,CotA,0.0,1.0,FR/SO Intervention Needed
46875,46875,Registered,FDM,11617,KC,F,F,FDM,FM,202510,SO,FDM 11617,CotA,CotA,0.0,0.0,FR/SO Intervention Needed
66579,66579,Registered,MDJ,21449,KC,F,F,MDJ,PR,202510,JR,MDJ 21449,CCI,CCI,0.0,0.0,JR/SR Intervention Needed
46872,46872,Registered,FDM,11617,KC,F,C-,FDM,FD,202510,FR,FDM 11617,CotA,CotA,1.7,0.0,FR/SO Intervention Needed
66553,66553,Registered,MDJ,21449,KC,D+,F,MDJ,DMP,202510,SO,MDJ 21449,CCI,CCI,0.0,1.3,FR/SO Intervention Needed
66567,66567,Registered,MDJ,21449,KC,F,F,MDJ,PR,202510,SO,MDJ 21449,CCI,CCI,0.0,0.0,FR/SO Intervention Needed
66568,66568,Registered,MDJ,21449,KC,C-,F,MDJ,JNL,202510,JR,MDJ 21449,CCI,CCI,0.0,1.7,JR/SR Intervention Needed
46864,46864,Registered,FDM,11617,KC,B,D+,FDM,FM,202510,FR,FDM 11617,CotA,CotA,1.3,3.0,FR/SO Intervention Needed
46878,46878,Std Withdrawn,FDM,11617,KC,W,F,FDM,FD,202510,FR,FDM 11617,CotA,CotA,0.0,0.0,FR/SO Intervention Needed
46880,46880,Registered,FDM,11617,KC,F,D,FDM,FM,202510,SO,FDM 11617,CotA,CotA,1.0,0.0,FR/SO Intervention Needed
64975,64975,Registered,MDJ,22796,KC,B,C,MDJ,DMP,202510,SO,MDJ 22796,CCI,CCI,2.0,3.0,FR/SO Intervention Needed
64953,64953,Registered,MDJ,22796,KC,S,U,MDJ,DMP,202510,SO,MDJ 22796,CCI,CCI,0.0,4.0,FR/SO Intervention Needed
64954,64954,Registered,MDJ,22796,KC,C,F,MDJ,DMP,202510,JR,MDJ 22796,CCI,CCI,0.0,2.0,JR/SR Intervention Needed
66331,66331,Registered,MDJ,25865,KC,C+,D,MDJ,JNL,202510,SO,MDJ 25865,CCI,CCI,1.0,2.3,FR/SO Intervention Needed
66336,66336,Registered,MDJ,25865,KC,B-,C-,MDJ,JNL,202510,FR,MDJ 25865,CCI,CCI,1.7,2.7,FR/SO Intervention Needed
66338,66338,Std Withdrawn,MDJ,25865,KC,W,F,MDJ,JNL,202510,FR,MDJ 25865,CCI,CCI,0.0,0.0,FR/SO Intervention Needed
66341,66341,Std Withdrawn,MDJ,25865,KC,W,D+,MDJ,JNL,202510,FR,MDJ 25865,CCI,CCI,1.3,0.0,FR/SO Intervention Needed
66328,66328,Registered,MDJ,25865,KC,F,F,MDJ,JNL,202510,FR,MDJ 25865,CCI,CCI,0.0,0.0,FR/SO Intervention Needed
65859,65859,Registered,MDJ,28984,KC,D,C-,MDJ,COMM,202510,SO,MDJ 28984,CCI,CCI,1.7,1.0,FR/SO Intervention Needed
65845,65845,Registered,MDJ,28984,KC,B+,F,MDJ,VCD,202510,JR,MDJ 28984,CCI,CCI,0.0,3.3,JR/SR Intervention Needed
65854,65854,Std Withdrawn,MDJ,28984,KC,W,D+,MDJ,JNL,202510,FR,MDJ 28984,CCI,CCI,1.3,0.0,FR/SO Intervention Needed
65865,65865,Registered,MDJ,28984,KC,A-,C,MDJ,COMM,202510,SO,MDJ 28984,CCI,CCI,2.0,3.7,FR/SO Intervention Needed
65803,65803,Registered,MDJ,28984,KC,C+,C,MDJ,PR,202510,SO,MDJ 28984,CCI,CCI,2.0,2.3,FR/SO Intervention Needed
65806,65806,Registered,MDJ,28984,KC,A,C,MDJ,PR,202510,SO,MDJ 28984,CCI,CCI,2.0,4.0,FR/SO Intervention Needed
47973,47973,Registered,FDM,12681,KC,B+,C,FDM,FD,202510,SO,FDM 12681,CotA,CotA,2.0,3.3,FR/SO Intervention Needed
47913,47913,Registered,FDM,12681,KC,B,C,FDM,FD,202510,SO,FDM 12681,CotA,CotA,2.0,3.0,FR/SO Intervention Needed
47931,47931,Stopped Attending - Failed,FDM,12681,KC,SF,D+,FDM,FD,202510,FR,FDM 12681,CotA,CotA,1.3,0.0,FR/SO Intervention Needed
47970,47970,Registered,FDM,12681,KC,D,F,FDM,FD,202510,FR,FDM 12681,CotA,CotA,0.0,1.0,FR/SO Intervention Needed
47953,47953,Registered,FDM,12681,KC,A,C,FDM,FD,202510,FR,FDM 12681,CotA,CotA,2.0,4.0,FR/SO Intervention Needed
47956,47956,Registered,FDM,12681,KC,C+,C,FDM,FD,202510,FR,FDM 12681,CotA,CotA,2.0,2.3,FR/SO Intervention Needed
47958,47958,Registered,FDM,12681,KC,D,C,FDM,FD,202510,FR,FDM 12681,CotA,CotA,2.0,1.0,FR/SO Intervention Needed
47966,47966,Registered,FDM,12681,KC,B,C-,FDM,FD,202510,FR,FDM 12681,CotA,CotA,1.7,3.0,FR/SO Intervention Needed
47938,47938,Registered,FDM,12681,KC,C+,C,FDM,FD,202510,SO,FDM 12681,CotA,CotA,2.0,2.3,FR/SO Intervention Needed
47943,47943,Registered,FDM,12681,KC,B,D+,FDM,FD,202510,FR,FDM 12681,CotA,CotA,1.3,3.0,FR/SO Intervention Needed
47917,47917,Registered,FDM,12681,KC,D+,D,FDM,FD,202510,SO,FDM 12681,CotA,CotA,1.0,1.3,FR/SO Intervention Needed
47923,47923,Registered,FDM,12681,KC,F,F,FDM,FD,202510,SO,FDM 12681,CotA,CotA,0.0,0.0,FR/SO Intervention Needed
47926,47926,Registered,FDM,12681,KC,B-,D,FDM,FD,202510,FR,FDM 12681,CotA,CotA,1.0,2.7,FR/SO Intervention Needed
47928,47928,Registered,FDM,12681,KC,C-,C,FDM,FM,202510,SO,FDM 12681,CotA,CotA,2.0,1.7,FR/SO Intervention Needed
47961,47961,Registered,FDM,12681,KC,A,F,FDM,FD,202510,FR,FDM 12681,CotA,CotA,0.0,4.0,FR/SO Intervention Needed
34257,34257,Registered,FDM,12670,KC,B,F,FDM,FM,202510,FR,FDM 12670,CotA,CotA,0.0,3.0,FR/SO Intervention Needed
34260,34260,Registered,FDM,12670,KC,B,D,FDM,FM,202510,FR,FDM 12670,CotA,CotA,1.0,3.0,FR/SO Intervention Needed
34299,34299,Registered,FDM,12670,KC,F,F,FDM,FD,202510,FR,FDM 12670,CotA,CotA,0.0,0.0,FR/SO Intervention Needed
34247,34247,Registered,FDM,12670,KC,A,C-,FDM,FD,202510,FR,FDM 12670,CotA,CotA,1.7,4.0,FR/SO Intervention Needed
20018,20018,Registered,CMGT,16841,KC,B+,F,ARCH,COMA,202580,FR,CMGT 16841,CAED,CAED,0.0,3.3,FR/SO Intervention Needed
20005,20005,Std Withdrawn,CMGT,16841,KC,W,F,ARCH,ID,202580,SR,CMGT 16841,CAED,CAED,0.0,0.0,JR/SR Intervention Needed
19998,19998,Registered,CMGT,16841,KC,B,C,ARCH,COMA,202580,FR,CMGT 16841,CAED,CAED,2.0,3.0,FR/SO Intervention Needed
19988,19988,Registered,CMGT,16841,KC,C,D,ARCH,COMA,202580,FR,CMGT 16841,CAED,CAED,1.0,2.0,FR/SO Intervention Needed
19990,19990,Registered,CMGT,16841,KC,D+,F,ARCH,COMA,202580,JR,CMGT 16841,CAED,CAED,0.0,1.3,JR/SR Intervention Needed
47983,47983,Registered,FDM,12681,KC,C-,C,FDM,FD,202580,FR,FDM 12681,CotA,CotA,2.0,1.7,FR/SO Intervention Needed
77556,77556,Registered,THEA,20655,KC,B+,C,THDN,TDTP,202580,FR,THEA 20655,CotA,CotA,2.0,3.3,FR/SO Intervention Needed
5722,5722,Registered,ARCH,11467,KC,C+,C-,ARCH,ID,202580,SO,ARCH 11467,CAED,CAED,1.7,2.3,FR/SO Intervention Needed
5692,5692,Registered,ARCH,11467,KC,C,C,ARCH,ARCH,202580,FR,ARCH 11467,CAED,CAED,2.0,2.0,FR/SO Intervention Needed
5699,5699,Registered,ARCH,11467,KC,F,F,ARCH,VCD,202580,FR,ARCH 11467,CCI,CAED,0.0,0.0,FR/SO Intervention Needed
5683,5683,Registered,ARCH,11467,KC,B-,F,ARCH,ID,202580,SO,ARCH 11467,CAED,CAED,0.0,2.7,FR/SO Intervention Needed
5678,5678,Registered,ARCH,11467,KC,A-,C,ARCH,ID,202580,SO,ARCH 11467,CAED,CAED,2.0,3.7,FR/SO Intervention Needed
5620,5620,Registered,ARCH,11467,KC,F,F,ARCH,ARCH,202580,FR,ARCH 11467,CAED,CAED,0.0,0.0,FR/SO Intervention Needed
5626,5626,Registered,ARCH,11467,KC,B-,D,ARCH,ARCH,202580,FR,ARCH 11467,CAED,CAED,1.0,2.7,FR/SO Intervention Needed
5627,5627,Registered,ARCH,11467,KC,D,F,ARCH,ARCH,202580,FR,ARCH 11467,CAED,CAED,0.0,1.0,FR/SO Intervention Needed
5631,5631,Registered,ARCH,11467,KC,B-,C,ARCH,ARCH,202580,FR,ARCH 11467,CAED,CAED,2.0,2.7,FR/SO Intervention Needed
5606,5606,Registered,ARCH,11467,KC,B-,D+,ARCH,ARCH,202580,FR,ARCH 11467,CAED,CAED,1.3,2.7,FR/SO Intervention Needed
5645,5645,Registered,ARCH,11467,KC,D,F,ARCH,ARCH,202580,FR,ARCH 11467,CAED,CAED,0.0,1.0,FR/SO Intervention Needed
5619,5619,Registered,ARCH,11467,KC,B,C-,ARCH,ID,202580,SO,ARCH 11467,CAED,CAED,1.7,3.0,FR/SO Intervention Needed
5629,5629,Registered,ARCH,11467,KC,D,D,ARCH,ARCH,202580,FR,ARCH 11467,CAED,CAED,1.0,1.0,FR/SO Intervention Needed
5601,5601,Registered,ARCH,11467,KC,F,F,ARCH,ARCH,202580,FR,ARCH 11467,CAED,CAED,0.0,0.0,FR/SO Intervention Needed
5613,5613,Registered,ARCH,11467,KC,B,C,ARCH,ARCH,202580,FR,ARCH 11467,CAED,CAED,2.0,3.0,FR/SO Intervention Needed
5597,5597,Registered,ARCH,11467,KC,D,D,ARCH,ID,202580,SO,ARCH 11467,CAED,CAED,1.0,1.0,FR/SO Intervention Needed
17260,17260,Registered,ARTS,28507,KC,C,F,ART,SART,202580,JR,ARTS 28507,CotA,CotA,0.0,2.0,JR/SR Intervention Needed
17253,17253,Registered,ARTS,28507,KC,B+,C-,ART,ARTE,202580,FR,ARTS 28507,CotA,CotA,1.7,3.3,FR/SO Intervention Needed
17256,17256,Registered,ARTS,28507,KC,B-,C-,ART,ARTE,202580,FR,ARTS 28507,CotA,CotA,1.7,2.7,FR/SO Intervention Needed
5565,5565,Registered,ARCH,11467,KC,B,C,ARCH,ARCH,202580,SO,ARCH 11467,CAED,CAED,2.0,3.0,FR/SO Intervention Needed
5571,5571,Registered,ARCH,11467,KC,D,F,ARCH,ID,202580,SO,ARCH 11467,CAED,CAED,0.0,1.0,FR/SO Intervention Needed
5541,5541,Registered,ARCH,11467,KC,F,F,ARCH,ARCH,202580,FR,ARCH 11467,CAED,CAED,0.0,0.0,FR/SO Intervention Needed
5560,5560,Registered,ARCH,11467,KC,C+,C-,ARCH,ID,202580,SO,ARCH 11467,CAED,CAED,1.7,2.3,FR/SO Intervention Needed
5543,5543,Registered,ARCH,11467,KC,C-,D,ARCH,ARCH,202580,FR,ARCH 11467,CAED,CAED,1.0,1.7,FR/SO Intervention Needed
5530,5530,Registered,ARCH,11467,KC,C-,D,ARCH,ARCH,202580,FR,ARCH 11467,CAED,CAED,1.0,1.7,FR/SO Intervention Needed
53564,53564,Registered,FDM,23628,KC,B,C-,FDM,FM,202580,SO,FDM 23628,CotA,CotA,1.7,3.0,FR/SO Intervention Needed
53590,53590,Registered,FDM,23628,KC,C-,C-,FDM,FM,202580,SO,FDM 23628,CotA,CotA,1.7,1.7,FR/SO Intervention Needed
53595,53595,Registered,FDM,23628,KC,F,C,FDM,FM,202580,SO,FDM 23628,CotA,CotA,2.0,0.0,FR/SO Intervention Needed
53565,53565,Registered,FDM,23628,KC,B,C,FDM,FM,202580,SO,FDM 23628,CotA,CotA,2.0,3.0,FR/SO Intervention Needed
53566,53566,Registered,FDM,23628,KC,C,D,FDM,FM,202580,SO,FDM 23628,CotA,CotA,1.0,2.0,FR/SO Intervention Needed
53568,53568,Registered,FDM,23628,KC,C+,C-,FDM,FM,202580,SO,FDM 23628,CotA,CotA,1.7,2.3,FR/SO Intervention Needed
53612,53612,Registered,FDM,23628,KC,C-,D+,FDM,FM,202580,SO,FDM 23628,CotA,CotA,1.3,1.7,FR/SO Intervention Needed
78520,78520,Stopped Attending - Failed,THEA,24282,KC,SF,SF,THDN,TDTP,202580,FR,THEA 24282,CotA,CotA,0.0,0.0,FR/SO Intervention Needed
78586,78586,Registered,THEA,10123,KC,C,D+,THDN,MUT,202580,SO,THEA 10123,CotA,CotA,1.3,2.0,FR/SO Intervention Needed
78579,78579,Registered,THEA,10123,KC,C+,D,THDN,MUT,202580,SO,THEA 10123,CotA,CotA,1.0,2.3,FR/SO Intervention Needed
78581,78581,Registered,THEA,10123,KC,C-,D,THDN,MUT,202580,SO,THEA 10123,CotA,CotA,1.0,1.7,FR/SO Intervention Needed
78584,78584,Registered,THEA,10123,KC,D,C-,THDN,MUT,202580,SO,THEA 10123,CotA,CotA,1.7,1.0,FR/SO Intervention Needed
78741,78741,Registered,THEA,25303,KC,C+,F,THDN,MUT,202580,JR,THEA 25303,CotA,CotA,0.0,2.3,JR/SR Intervention Needed
78757,78757,Registered,THEA,11844,KC,A,C-,THDN,MUT,202580,SO,THEA 11844,CotA,CotA,1.7,4.0,FR/SO Intervention Needed
78732,78732,Registered,THEA,25303,KC,D+,D,THDN,MUT,202580,SO,THEA 25303,CotA,CotA,1.0,1.3,FR/SO Intervention Needed
78747,78747,Registered,THEA,25303,KC,F,F,THDN,MUT,202580,SO,THEA 25303,CotA,CotA,0.0,0.0,FR/SO Intervention Needed
78765,78765,Registered,THEA,11844,KC,C+,D,THDN,MUT,202580,SO,THEA 11844,CotA,CotA,1.0,2.3,FR/SO Intervention Needed
78766,78766,Registered,THEA,11844,KC,B,D+,THDN,MUT,202580,SO,THEA 11844,CotA,CotA,1.3,3.0,FR/SO Intervention Needed
78763,78763,Std Withdrawn,THEA,11844,KC,W,D+,THDN,MUT,202580,SO,THEA 11844,CotA,CotA,1.3,0.0,FR/SO Intervention Needed
39260,39260,Registered,FDM,14111,KC,F,F,FDM,FD,202580,FR,FDM 14111,CotA,CotA,0.0,0.0,FR/SO Intervention Needed
39237,39237,Registered,FDM,14111,KC,F,C-,FDM,FD,202580,FR,FDM 14111,CotA,CotA,1.7,0.0,FR/SO Intervention Needed
39242,39242,Registered,FDM,14111,KC,F,D,FDM,FD,202580,SO,FDM 14111,CotA,CotA,1.0,0.0,FR/SO Intervention Needed
47039,47039,Registered,FDM,11617,KC,F,F,FDM,FD,202580,FR,FDM 11617,CotA,CotA,0.0,0.0,FR/SO Intervention Needed
47042,47042,Registered,FDM,11617,KC,F,F,FDM,FD,202580,FR,FDM 11617,CotA,CotA,0.0,0.0,FR/SO Intervention Needed
47082,47082,Registered,FDM,11617,KC,C,C,FDM,FD,202580,FR,FDM 11617,CotA,CotA,2.0,2.0,FR/SO Intervention Needed
47026,47026,Registered,FDM,11617,KC,F,F,FDM,FD,202580,FR,FDM 11617,CotA,CotA,0.0,0.0,FR/SO Intervention Needed
47022,47022,Registered,FDM,11617,KC,F,F,FDM,FD,202580,FR,FDM 11617,CotA,CotA,0.0,0.0,FR/SO Intervention Needed
46998,46998,Registered,FDM,11617,KC,C,D,FDM,FD,202580,FR,FDM 11617,CotA,CotA,1.0,2.0,FR/SO Intervention Needed
47034,47034,Registered,FDM,11617,KC,B-,D,FDM,FM,202580,SO,FDM 11617,CotA,CotA,1.0,2.7,FR/SO Intervention Needed
47984,47984,Registered,FDM,12681,KC,C,C-,FDM,FD,202580,SO,FDM 12681,CotA,CotA,1.7,2.0,FR/SO Intervention Needed
47991,47991,Registered,FDM,12681,KC,C+,C,FDM,FD,202580,FR,FDM 12681,CotA,CotA,2.0,2.3,FR/SO Intervention Needed
48027,48027,Registered,FDM,12681,KC,D,D+,FDM,FD,202580,FR,FDM 12681,CotA,CotA,1.3,1.0,FR/SO Intervention Needed
47999,47999,Registered,FDM,12681,KC,B,C,FDM,FD,202580,SO,FDM 12681,CotA,CotA,2.0,3.0,FR/SO Intervention Needed
47016,47016,Registered,FDM,11617,KC,C,C,FDM,FD,202580,FR,FDM 11617,CotA,CotA,2.0,2.0,FR/SO Intervention Needed
47019,47019,Registered,FDM,11617,KC,D,F,FDM,FD,202580,FR,FDM 11617,CotA,CotA,0.0,1.0,FR/SO Intervention Needed
48002,48002,Registered,FDM,12681,KC,C,C,FDM,FD,202580,SO,FDM 12681,CotA,CotA,2.0,2.0,FR/SO Intervention Needed
48043,48043,Registered,FDM,12681,KC,C,C,FDM,FD,202580,FR,FDM 12681,CotA,CotA,2.0,2.0,FR/SO Intervention Needed
48018,48018,Registered,FDM,12681,KC,B+,C,FDM,FD,202580,FR,FDM 12681,CotA,CotA,2.0,3.3,FR/SO Intervention Needed
48038,48038,Registered,FDM,12681,KC,F,F,FDM,FD,202580,FR,FDM 12681,CotA,CotA,0.0,0.0,FR/SO Intervention Needed
48046,48046,Registered,FDM,12681,KC,B-,C-,FDM,FD,202580,FR,FDM 12681,CotA,CotA,1.7,2.7,FR/SO Intervention Needed
48056,48056,Registered,FDM,12681,KC,D+,C-,FDM,FD,202580,FR,FDM 12681,CotA,CotA,1.7,1.3,FR/SO Intervention Needed
39207,39207,Registered,FDM,14111,KC,B,C,FDM,FD,202580,FR,FDM 14111,CotA,CotA,2.0,3.0,FR/SO Intervention Needed
39182,39182,Registered,FDM,14111,KC,F,F,FDM,FD,202580,FR,FDM 14111,CotA,CotA,0.0,0.0,FR/SO Intervention Needed
65903,65903,Registered,MDJ,28984,KC,B,C,MDJ,JNL,202580,FR,MDJ 28984,CCI,CCI,2.0,3.0,FR/SO Intervention Needed
65904,65904,Registered,MDJ,28984,KC,C,D,MDJ,JNL,202580,SO,MDJ 28984,CCI,CCI,1.0,2.0,FR/SO Intervention Needed
65891,65891,Registered,MDJ,28984,KC,B-,F,MDJ,FM,202580,SO,MDJ 28984,CotA,CCI,0.0,2.7,FR/SO Intervention Needed
65895,65895,Registered,MDJ,28984,KC,C,C-,MDJ,FM,202580,SO,MDJ 28984,CotA,CCI,1.7,2.0,FR/SO Intervention Needed
65962,65962,Registered,MDJ,28984,KC,B-,D,MDJ,PR,202580,FR,MDJ 28984,CCI,CCI,1.0,2.7,FR/SO Intervention Needed
65910,65910,Registered,MDJ,28984,KC,C+,D+,MDJ,THEA,202580,SO,MDJ 28984,CotA,CCI,1.3,2.3,FR/SO Intervention Needed
65978,65978,Registered,MDJ,28984,KC,C,F,MDJ,COMM,202580,SO,MDJ 28984,CCI,CCI,0.0,2.0,FR/SO Intervention Needed
65994,65994,Registered,MDJ,28984,KC,B-,F,MDJ,JNL,202580,FR,MDJ 28984,CCI,CCI,0.0,2.7,FR/SO Intervention Needed
65981,65981,Std Withdrawn,MDJ,28984,KC,W,F,MDJ,JNL,202580,SO,MDJ 28984,CCI,CCI,0.0,0.0,FR/SO Intervention Needed
39187,39187,Registered,FDM,14111,KC,F,F,FDM,ARTE,202580,SO,FDM 14111,CotA,CotA,0.0,0.0,FR/SO Intervention Needed
65987,65987,Registered,MDJ,28984,KC,C,C,MDJ,JNL,202580,SO,MDJ 28984,CCI,CCI,2.0,2.0,FR/SO Intervention Needed
39165,39165,Registered,FDM,14111,KC,F,C-,FDM,FD,202580,FR,FDM 14111,CotA,CotA,1.7,0.0,FR/SO Intervention Needed
66038,66038,Registered,MDJ,28984,KC,C,F,MDJ,FM,202580,SO,MDJ 28984,CotA,CCI,0.0,2.0,FR/SO Intervention Needed
39159,39159,Registered,FDM,14111,KC,D+,D+,FDM,FM,202580,FR,FDM 14111,CotA,CotA,1.3,1.3,FR/SO Intervention Needed
39167,39167,Registered,FDM,14111,KC,B,C,FDM,FM,202580,SO,FDM 14111,CotA,CotA,2.0,3.0,FR/SO Intervention Needed
39144,39144,Registered,FDM,14111,KC,C,D,FDM,FM,202580,FR,FDM 14111,CotA,CotA,1.0,2.0,FR/SO Intervention Needed
39148,39148,Std Withdrawn,FDM,14111,KC,W,C,FDM,FD,202580,SO,FDM 14111,CotA,CotA,2.0,0.0,FR/SO Intervention Needed
39133,39133,Registered,FDM,14111,KC,F,F,FDM,FD,202580,FR,FDM 14111,CotA,CotA,0.0,0.0,FR/SO Intervention Needed
13330,13330,Registered,ARTH,12842,KC,C-,D,ART,FD,202580,FR,ARTH 12842,CotA,CotA,1.0,1.7,FR/SO Intervention Needed
13313,13313,Registered,ARTH,12842,KC,A,C,ART,FD,202580,FR,ARTH 12842,CotA,CotA,2.0,4.0,FR/SO Intervention Needed
13319,13319,Registered,ARTH,12842,KC,C+,F,ART,FD,202580,FR,ARTH 12842,CotA,CotA,0.0,2.3,FR/SO Intervention Needed
13341,13341,Registered,ARTH,12842,KC,F,C-,ART,FD,202580,SO,ARTH 12842,CotA,CotA,1.7,0.0,FR/SO Intervention Needed
13283,13283,Registered,ARTH,12842,KC,A,F,ART,SART,202580,FR,ARTH 12842,CotA,CotA,0.0,4.0,FR/SO Intervention Needed
46985,46985,Stopped Attending - Failed,FDM,11617,KC,SF,C,FDM,FD,202580,FR,FDM 11617,CotA,CotA,2.0,0.0,FR/SO Intervention Needed
46972,46972,Std Withdrawn,FDM,11617,KC,W,D+,FDM,FD,202580,SO,FDM 11617,CotA,CotA,1.3,0.0,FR/SO Intervention Needed
46976,46976,Registered,FDM,11617,KC,B-,F,FDM,FD,202580,SO,FDM 11617,CotA,CotA,0.0,2.7,FR/SO Intervention Needed
46959,46959,Registered,FDM,11617,KC,B+,D,FDM,FM,202580,SO,FDM 11617,CotA,CotA,1.0,3.3,FR/SO Intervention Needed
64995,64995,Registered,MDJ,22796,KC,C,D+,MDJ,DMP,202580,SO,MDJ 22796,CCI,CCI,1.3,2.0,FR/SO Intervention Needed
65016,65016,Registered,MDJ,22796,KC,D+,D+,MDJ,DMP,202580,SO,MDJ 22796,CCI,CCI,1.3,1.3,FR/SO Intervention Needed
79196,79196,Registered,THEA,22478,KC,B+,C,THDN,MUT,202580,FR,THEA 22478,CotA,CotA,2.0,3.3,FR/SO Intervention Needed
66353,66353,Registered,MDJ,25865,KC,B+,C,MDJ,COMM,202580,SO,MDJ 25865,CCI,CCI,2.0,3.3,FR/SO Intervention Needed
66370,66370,Registered,MDJ,25865,KC,F,D+,MDJ,JNL,202580,SO,MDJ 25865,CCI,CCI,1.3,0.0,FR/SO Intervention Needed
79182,79182,Registered,THEA,22478,KC,C+,C,THDN,MUT,202580,FR,THEA 22478,CotA,CotA,2.0,2.3,FR/SO Intervention Needed
79197,79197,Registered,THEA,22478,KC,F,F,THDN,MUT,202580,FR,THEA 22478,CotA,CotA,0.0,0.0,FR/SO Intervention Needed
79200,79200,Registered,THEA,22478,KC,F,D,THDN,MUT,202580,FR,THEA 22478,CotA,CotA,1.0,0.0,FR/SO Intervention Needed
13204,13204,Registered,ARTH,12842,KC,IN,C,ART,SART,202580,FR,ARTH 12842,CotA,CotA,2.0,NaN,FR/SO Intervention Needed
46912,46912,Registered,FDM,11617,KC,A-,C,FDM,FD,202580,FR,FDM 11617,CotA,CotA,2.0,3.7,FR/SO Intervention Needed
46918,46918,Registered,FDM,11617,KC,B,C,FDM,FM,202580,FR,FDM 11617,CotA,CotA,2.0,3.0,FR/SO Intervention Needed
13183,13183,Registered,ARTH,12842,KC,C,C,ART,TDTP,202580,FR,ARTH 12842,CotA,CotA,2.0,2.0,FR/SO Intervention Needed
46896,46896,Registered,FDM,11617,KC,F,F,FDM,FD,202580,SO,FDM 11617,CotA,CotA,0.0,0.0,FR/SO Intervention Needed
46901,46901,Std Withdrawn,FDM,11617,KC,W,F,FDM,FM,202580,SO,FDM 11617,CotA,CotA,0.0,0.0,FR/SO Intervention Needed
13196,13196,Registered,ARTH,12842,KC,C+,D,ART,ARCS,202580,SO,ARTH 12842,CAED,CotA,1.0,2.3,FR/SO Intervention Needed
64986,64986,Registered,MDJ,22796,KC,F,F,MDJ,DMP,202580,SO,MDJ 22796,CCI,CCI,0.0,0.0,FR/SO Intervention Needed
64987,64987,Stopped Attending - Failed,MDJ,22796,KC,SF,F,MDJ,DMP,202580,SO,MDJ 22796,CCI,CCI,0.0,0.0,FR/SO Intervention Needed
46906,46906,Registered,FDM,11617,KC,D,D,FDM,FD,202580,SO,FDM 11617,CotA,CotA,1.0,1.0,FR/SO Intervention Needed
48075,48075,Std Withdrawn,FDM,12681,KC,W,F,FDM,FD,202580,FR,FDM 12681,CotA,CotA,0.0,0.0,FR/SO Intervention Needed
48076,48076,Registered,FDM,12681,KC,B-,F,FDM,FD,202580,FR,FDM 12681,CotA,CotA,0.0,2.7,FR/SO Intervention Needed
46888,46888,Registered,FDM,11617,KC,C+,D,FDM,COMM,202580,FR,FDM 11617,CCI,CotA,1.0,2.3,FR/SO Intervention Needed
46892,46892,Registered,FDM,11617,KC,F,F,FDM,FD,202580,SO,FDM 11617,CotA,CotA,0.0,0.0,FR/SO Intervention Needed
79173,79173,Registered,THEA,22478,KC,C-,C-,THDN,MUT,202580,FR,THEA 22478,CotA,CotA,1.7,1.7,FR/SO Intervention Needed
79174,79174,Std Withdrawn,THEA,22478,KC,W,F,THDN,THEA,202580,SR,THEA 22478,CotA,CotA,0.0,0.0,JR/SR Intervention Needed
79175,79175,Std Withdrawn,THEA,22478,KC,W,D,THDN,MUT,202580,FR,THEA 22478,CotA,CotA,1.0,0.0,FR/SO Intervention Needed
48062,48062,Registered,FDM,12681,KC,B,C,FDM,FD,202580,FR,FDM 12681,CotA,CotA,2.0,3.0,FR/SO Intervention Needed
79191,79191,Stopped Attending - Failed,THEA,22478,KC,SF,F,THDN,MUT,202580,FR,THEA 22478,CotA,CotA,0.0,0.0,FR/SO Intervention Needed
79221,79221,Std Withdrawn,THEA,22478,KC,W,F,THDN,THEA,202580,FR,THEA 22478,CotA,CotA,0.0,0.0,FR/SO Intervention Needed
79205,79205,Registered,THEA,22478,KC,C,D,THDN,MUT,202580,FR,THEA 22478,CotA,CotA,1.0,2.0,FR/SO Intervention Needed
66601,66601,Registered,MDJ,21449,KC,F,F,MDJ,JNL,202580,JR,MDJ 21449,CCI,CCI,0.0,0.0,JR/SR Intervention Needed
13166,13166,Registered,ARTH,12842,KC,F,C-,ART,FD,202580,FR,ARTH 12842,CotA,CotA,1.7,0.0,FR/SO Intervention Needed
13167,13167,Registered,ARTH,12842,KC,A-,F,ART,DMP,202580,SO,ARTH 12842,CCI,CotA,0.0,3.7,FR/SO Intervention Needed
39114,39114,Registered,FDM,14111,KC,D,F,FDM,FM,202580,SO,FDM 14111,CotA,CotA,0.0,1.0,FR/SO Intervention Needed
39129,39129,Std Withdrawn,FDM,14111,KC,W,F,FDM,FD,202580,FR,FDM 14111,CotA,CotA,0.0,0.0,FR/SO Intervention Needed
13152,13152,Stopped Attending - Failed,ARTH,12842,KC,SF,D,ART,ARTE,202580,FR,ARTH 12842,CotA,CotA,1.0,0.0,FR/SO Intervention Needed
13134,13134,Registered,ARTH,12842,KC,F,D+,ART,FD,202580,FR,ARTH 12842,CotA,CotA,1.3,0.0,FR/SO Intervention Needed
13138,13138,Registered,ARTH,12842,KC,B-,C,ART,FD,202580,FR,ARTH 12842,CotA,CotA,2.0,2.7,FR/SO Intervention Needed
13139,13139,Registered,ARTH,12842,KC,A-,C-,ART,SART,202580,FR,ARTH 12842,CotA,CotA,1.7,3.7,FR/SO Intervention Needed
39090,39090,Registered,FDM,14111,KC,C+,D+,FDM,FD,202580,FR,FDM 14111,CotA,CotA,1.3,2.3,FR/SO Intervention Needed
39116,39116,Registered,FDM,14111,KC,D,F,FDM,FD,202580,FR,FDM 14111,CotA,CotA,0.0,1.0,FR/SO Intervention Needed
13145,13145,Registered,ARTH,12842,KC,F,D+,ART,FD,202580,FR,ARTH 12842,CotA,CotA,1.3,0.0,FR/SO Intervention Needed
13097,13097,Registered,ARTH,12842,KC,D+,C,ART,FD,202580,SO,ARTH 12842,CotA,CotA,2.0,1.3,FR/SO Intervention Needed
13101,13101,Registered,ARTH,12842,KC,D,C,ART,SART,202580,FR,ARTH 12842,CotA,CotA,2.0,1.0,FR/SO Intervention Needed
13102,13102,Registered,ARTH,12842,KC,A,D,ART,SART,202580,FR,ARTH 12842,CotA,CotA,1.0,4.0,FR/SO Intervention Needed
13081,13081,Registered,ARTH,12842,KC,,F,ART,FD,202580,SO,ARTH 12842,CotA,CotA,0.0,,FR/SO Intervention Needed
13075,13075,Registered,ARTH,12842,KC,D,F,ART,COMM,202580,SO,ARTH 12842,CCI,CotA,0.0,1.0,FR/SO Intervention Needed
79453,79453,Registered,THEA,29566,KC,B,C,THDN,THEA,202580,SO,THEA 29566,CotA,CotA,2.0,3.0,FR/SO Intervention Needed
79455,79455,Registered,THEA,29566,KC,C-,F,THDN,TDTP,202580,SR,THEA 29566,CotA,CotA,0.0,1.7,JR/SR Intervention Needed
79457,79457,Registered,THEA,29566,KC,C,C,THDN,DMP,202580,SO,THEA 29566,CCI,CotA,2.0,2.0,FR/SO Intervention Needed
64611,64611,Registered,MDJ,20627,KC,C+,C,MDJ,DMP,202580,SO,MDJ 20627,CCI,CCI,2.0,2.3,FR/SO Intervention Needed
64614,64614,Registered,MDJ,20627,KC,B+,F,MDJ,DMP,202580,FR,MDJ 20627,CCI,CCI,0.0,3.3,FR/SO Intervention Needed
64598,64598,Registered,MDJ,20627,KC,F,F,MDJ,DMP,202580,SO,MDJ 20627,CCI,CCI,0.0,0.0,FR/SO Intervention Needed
64583,64583,Registered,MDJ,20627,KC,C+,D+,MDJ,DMP,202580,FR,MDJ 20627,CCI,CCI,1.3,2.3,FR/SO Intervention Needed
64562,64562,Registered,MDJ,20627,KC,C,D,MDJ,DMP,202580,SO,MDJ 20627,CCI,CCI,1.0,2.0,FR/SO Intervention Needed
64557,64557,Registered,MDJ,20627,KC,C,D,MDJ,DMP,202580,FR,MDJ 20627,CCI,CCI,1.0,2.0,FR/SO Intervention Needed
48742,48742,Registered,FDM,29003,KC,B,F,FDM,FD,202580,JR,FDM 29003,CotA,CotA,0.0,3.0,JR/SR Intervention Needed
48745,48745,Registered,FDM,29003,KC,C-,D,FDM,FD,202580,SO,FDM 29003,CotA,CotA,1.0,1.7,FR/SO Intervention Needed
48748,48748,Registered,FDM,29003,KC,B,C-,FDM,FD,202580,SO,FDM 29003,CotA,CotA,1.7,3.0,FR/SO Intervention Needed
48751,48751,Registered,FDM,29003,KC,F,F,FDM,FD,202580,SO,FDM 29003,CotA,CotA,0.0,0.0,FR/SO Intervention Needed
48758,48758,Registered,FDM,29003,KC,B,C,FDM,FD,202580,FR,FDM 29003,CotA,CotA,2.0,3.0,FR/SO Intervention Needed
48787,48787,Stopped Attending - Failed,FDM,29003,KC,SF,F,FDM,FD,202580,JR,FDM 29003,CotA,CotA,0.0,0.0,JR/SR Intervention Needed
48797,48797,Registered,FDM,29003,KC,F,D+,FDM,FD,202580,SO,FDM 29003,CotA,CotA,1.3,0.0,FR/SO Intervention Needed
4050,4050,Registered,ARCH,16841,KC,C-,D+,ARCH,COMA,202580,FR,ARCH 16841,CAED,CAED,1.3,1.7,FR/SO Intervention Needed
67224,67224,Std Withdrawn,MUS,28860,KC,W,SF,MUS,MUED,202580,FR,MUS 28860,CotA,CotA,0.0,0.0,FR/SO Intervention Needed
67200,67200,Registered,MUS,28860,KC,C,C,MUS,MUS,202580,FR,MUS 28860,CotA,CotA,2.0,2.0,FR/SO Intervention Needed
67232,67232,Registered,MUS,28860,KC,F,F,MUS,MUED,202580,FR,MUS 28860,CotA,CotA,0.0,0.0,FR/SO Intervention Needed
67188,67188,Registered,MUS,28860,KC,C,C,MUS,MUS,202580,FR,MUS 28860,CotA,CotA,2.0,2.0,FR/SO Intervention Needed
49520,49520,Registered,FDM,20907,KC,B,C,FDM,FM,202580,SO,FDM 20907,CotA,CotA,2.0,3.0,FR/SO Intervention Needed
49539,49539,Registered,FDM,20907,KC,F,F,FDM,FM,202580,SO,FDM 20907,CotA,CotA,0.0,0.0,FR/SO Intervention Needed
49554,49554,Registered,FDM,20907,KC,B,D,FDM,FM,202580,SO,FDM 20907,CotA,CotA,1.0,3.0,FR/SO Intervention Needed
49566,49566,Registered,FDM,20907,KC,B-,C-,FDM,FD,202580,SO,FDM 20907,CotA,CotA,1.7,2.7,FR/SO Intervention Needed
3974,3974,Registered,ARCH,16841,KC,A,F,ARCH,COMA,202580,FR,ARCH 16841,CAED,CAED,0.0,4.0,FR/SO Intervention Needed
3885,3885,Registered,ARCH,16841,KC,C,C,ARCH,DMP,202580,SO,ARCH 16841,CCI,CAED,2.0,2.0,FR/SO Intervention Needed
3855,3855,Std Withdrawn,ARCH,16841,KC,W,D+,ARCH,COMA,202580,FR,ARCH 16841,CAED,CAED,1.3,0.0,FR/SO Intervention Needed
3846,3846,Registered,ARCH,16841,KC,F,F,ARCH,COMA,202580,FR,ARCH 16841,CAED,CAED,0.0,0.0,FR/SO Intervention Needed
3803,3803,Registered,ARCH,16841,KC,A-,C,ARCH,FD,202580,SO,ARCH 16841,CotA,CAED,2.0,3.7,FR/SO Intervention Needed
67662,67662,Std Withdrawn,MUS,12689,KC,W,F,MUS,MUED,202580,SO,MUS 12689,CotA,CotA,0.0,0.0,FR/SO Intervention Needed
3610,3610,Registered,ARCH,16841,KC,F,F,ARCH,COMA,202580,FR,ARCH 16841,CAED,CAED,0.0,0.0,FR/SO Intervention Needed
3603,3603,Registered,ARCH,16841,KC,A,C,ARCH,COMA,202580,FR,ARCH 16841,CAED,CAED,2.0,4.0,FR/SO Intervention Needed
63698,63698,Registered,MDJ,13358,KC,C+,D,MDJ,PR,202580,SO,MDJ 13358,CCI,CCI,1.0,2.3,FR/SO Intervention Needed
63701,63701,Registered,MDJ,13358,KC,D,F,MDJ,FM,202580,SR,MDJ 13358,CotA,CCI,0.0,1.0,JR/SR Intervention Needed
63674,63674,Registered,MDJ,13358,KC,C+,C,MDJ,DMP,202580,SO,MDJ 13358,CCI,CCI,2.0,2.3,FR/SO Intervention Needed
63677,63677,Registered,MDJ,13358,KC,C,C,MDJ,DMP,202580,SO,MDJ 13358,CCI,CCI,2.0,2.0,FR/SO Intervention Needed
67873,67873,Registered,MUS,25988,KC,F,F,MUS,MUS,202580,JR,MUS 25988,CotA,CotA,0.0,0.0,JR/SR Intervention Needed
67875,67875,Std Withdrawn,MUS,25988,KC,W,F,MUS,MUED,202580,SO,MUS 25988,CotA,CotA,0.0,0.0,FR/SO Intervention Needed
3573,3573,Registered,ARCH,16841,KC,B+,C,ARCH,COMA,202580,FR,ARCH 16841,CAED,CAED,2.0,3.3,FR/SO Intervention Needed
67879,67879,Registered,MUS,25988,KC,C-,D+,MUS,MUS,202580,SO,MUS 25988,CotA,CotA,1.3,1.7,FR/SO Intervention Needed
17957,17957,Registered,ARTS,26965,KC,B-,F,ART,FD,202580,SO,ARTS 26965,CotA,CotA,0.0,2.7,FR/SO Intervention Needed
3498,3498,Registered,ARCH,16841,KC,D,C,ARCH,COMA,202580,FR,ARCH 16841,CAED,CAED,2.0,1.0,FR/SO Intervention Needed
53631,53631,Registered,FDM,23628,KC,B+,F,FDM,FM,202580,JR,FDM 23628,CotA,CotA,0.0,3.3,JR/SR Intervention Needed
58354,58354,Registered,MDJ,28950,KC,C,D,MDJ,DMP,202580,FR,MDJ 28950,CCI,CCI,1.0,2.0,FR/SO Intervention Needed
58355,58355,Registered,MDJ,28950,KC,B-,C,MDJ,DMP,202580,FR,MDJ 28950,CCI,CCI,2.0,2.7,FR/SO Intervention Needed
58335,58335,Registered,MDJ,28950,KC,C,D+,MDJ,DMP,202580,FR,MDJ 28950,CCI,CCI,1.3,2.0,FR/SO Intervention Needed
58320,58320,Registered,MDJ,28950,KC,C,C,MDJ,DMP,202580,FR,MDJ 28950,CCI,CCI,2.0,2.0,FR/SO Intervention Needed
58302,58302,Registered,MDJ,28950,KC,C,D+,MDJ,DMP,202580,FR,MDJ 28950,CCI,CCI,1.3,2.0,FR/SO Intervention Needed
30590,30590,Registered,COMM,21241,KC,B-,C,COMM,COMM,202580,SO,COMM 21241,CCI,CCI,2.0,2.7,FR/SO Intervention Needed
30606,30606,Registered,COMM,21241,KC,B+,F,COMM,PR,202580,SO,COMM 21241,CCI,CCI,0.0,3.3,FR/SO Intervention Needed
58344,58344,Std Withdrawn,MDJ,28950,KC,W,F,MDJ,DMP,202580,SO,MDJ 28950,CCI,CCI,0.0,0.0,FR/SO Intervention Needed
58347,58347,Registered,MDJ,28950,KC,B-,C,MDJ,DMP,202580,FR,MDJ 28950,CCI,CCI,2.0,2.7,FR/SO Intervention Needed
45458,45458,Registered,FDM,13023,KC,F,D,FDM,FM,202580,FR,FDM 13023,CotA,CotA,1.0,0.0,FR/SO Intervention Needed
45460,45460,Registered,FDM,13023,KC,B-,D+,FDM,FM,202580,FR,FDM 13023,CotA,CotA,1.3,2.7,FR/SO Intervention Needed
45442,45442,Registered,FDM,13023,KC,F,D,FDM,FD,202580,FR,FDM 13023,CotA,CotA,1.0,0.0,FR/SO Intervention Needed
45445,45445,Registered,FDM,13023,KC,B,C,FDM,FD,202580,FR,FDM 13023,CotA,CotA,2.0,3.0,FR/SO Intervention Needed
45449,45449,Registered,FDM,13023,KC,B-,C-,FDM,FD,202580,FR,FDM 13023,CotA,CotA,1.7,2.7,FR/SO Intervention Needed
45455,45455,Registered,FDM,13023,KC,C,C,FDM,COMM,202580,FR,FDM 13023,CCI,CotA,2.0,2.0,FR/SO Intervention Needed
45456,45456,Registered,FDM,13023,KC,A,C,FDM,FM,202580,SO,FDM 13023,CotA,CotA,2.0,4.0,FR/SO Intervention Needed
45457,45457,Registered,FDM,13023,KC,B-,C,FDM,FD,202580,FR,FDM 13023,CotA,CotA,2.0,2.7,FR/SO Intervention Needed
45427,45427,Registered,FDM,13023,KC,B-,F,FDM,FD,202580,FR,FDM 13023,CotA,CotA,0.0,2.7,FR/SO Intervention Needed
45417,45417,Registered,FDM,13023,KC,B,C,FDM,FD,202580,FR,FDM 13023,CotA,CotA,2.0,3.0,FR/SO Intervention Needed
45397,45397,Registered,FDM,13023,KC,F,F,FDM,FD,202580,FR,FDM 13023,CotA,CotA,0.0,0.0,FR/SO Intervention Needed
45381,45381,Registered,FDM,13023,KC,C+,F,FDM,FD,202580,FR,FDM 13023,CotA,CotA,0.0,2.3,FR/SO Intervention Needed
45386,45386,Registered,FDM,13023,KC,B,C,FDM,FD,202580,FR,FDM 13023,CotA,CotA,2.0,3.0,FR/SO Intervention Needed
45367,45367,Registered,FDM,13023,KC,B-,C,FDM,FD,202580,SO,FDM 13023,CotA,CotA,2.0,2.7,FR/SO Intervention Needed
45373,45373,Registered,FDM,13023,KC,A-,F,FDM,FD,202580,FR,FDM 13023,CotA,CotA,0.0,3.7,FR/SO Intervention Needed
45352,45352,Registered,FDM,13023,KC,B-,C,FDM,FD,202580,FR,FDM 13023,CotA,CotA,2.0,2.7,FR/SO Intervention Needed
45353,45353,Registered,FDM,13023,KC,D,F,FDM,FM,202580,FR,FDM 13023,CotA,CotA,0.0,1.0,FR/SO Intervention Needed
45335,45335,Std Withdrawn,FDM,13023,KC,W,F,FDM,FD,202580,FR,FDM 13023,CotA,CotA,0.0,0.0,FR/SO Intervention Needed
45337,45337,Registered,FDM,13023,KC,B+,C-,FDM,FD,202580,FR,FDM 13023,CotA,CotA,1.7,3.3,FR/SO Intervention Needed
45371,45371,Registered,FDM,13023,KC,F,F,FDM,FD,202580,FR,FDM 13023,CotA,CotA,0.0,0.0,FR/SO Intervention Needed
45317,45317,Registered,FDM,13023,KC,C+,C,FDM,FD,202580,FR,FDM 13023,CotA,CotA,2.0,2.3,FR/SO Intervention Needed
45282,45282,Registered,FDM,13023,KC,C+,D+,FDM,FD,202580,SO,FDM 13023,CotA,CotA,1.3,2.3,FR/SO Intervention Needed
45283,45283,Registered,FDM,13023,KC,B-,C-,FDM,FD,202580,FR,FDM 13023,CotA,CotA,1.7,2.7,FR/SO Intervention Needed
45323,45323,Registered,FDM,13023,KC,B,C,FDM,FM,202580,FR,FDM 13023,CotA,CotA,2.0,3.0,FR/SO Intervention Needed
45293,45293,Registered,FDM,13023,KC,C-,F,FDM,FD,202580,FR,FDM 13023,CotA,CotA,0.0,1.7,FR/SO Intervention Needed
45270,45270,Registered,FDM,13023,KC,C,D,FDM,FD,202580,SO,FDM 13023,CotA,CotA,1.0,2.0,FR/SO Intervention Needed
45273,45273,Registered,FDM,13023,KC,C-,C-,FDM,FD,202580,SO,FDM 13023,CotA,CotA,1.7,1.7,FR/SO Intervention Needed
45274,45274,Registered,FDM,13023,KC,F,F,FDM,FD,202580,FR,FDM 13023,CotA,CotA,0.0,0.0,FR/SO Intervention Needed
45279,45279,Registered,FDM,13023,KC,A,C,FDM,VCD,202580,SO,FDM 13023,CCI,CotA,2.0,4.0,FR/SO Intervention Needed
50202,50202,Registered,FDM,27868,KC,D,D+,FDM,FD,202580,SO,FDM 27868,CotA,CotA,1.3,1.0,FR/SO Intervention Needed
50211,50211,Std Withdrawn,FDM,27868,KC,W,SF,FDM,FD,202580,SR,FDM 27868,CotA,CotA,0.0,0.0,JR/SR Intervention Needed
50216,50216,Registered,FDM,27868,KC,F,D,FDM,FD,202580,SO,FDM 27868,CotA,CotA,1.0,0.0,FR/SO Intervention Needed
50250,50250,Std Withdrawn,FDM,27868,KC,W,F,FDM,FD,202580,SO,FDM 27868,CotA,CotA,0.0,0.0,FR/SO Intervention Needed
50226,50226,Std Withdrawn,FDM,27868,KC,W,D,FDM,FD,202580,FR,FDM 27868,CotA,CotA,1.0,0.0,FR/SO Intervention Needed
50229,50229,Registered,FDM,27868,KC,B-,F,FDM,FD,202580,JR,FDM 27868,CotA,CotA,0.0,2.7,JR/SR Intervention Needed
50232,50232,Registered,FDM,27868,KC,D+,D,FDM,FD,202580,SO,FDM 27868,CotA,CotA,1.0,1.3,FR/SO Intervention Needed
50238,50238,Registered,FDM,27868,KC,B+,C,FDM,FM,202580,SO,FDM 27868,CotA,CotA,2.0,3.3,FR/SO Intervention Needed
50263,50263,Registered,FDM,27868,KC,B,C-,FDM,FD,202580,SO,FDM 27868,CotA,CotA,1.7,3.0,FR/SO Intervention Needed
30775,30775,Registered,DAN,22742,KC,D,C,THDN,DANC,202580,SO,DAN 22742,CotA,CotA,2.0,1.0,FR/SO Intervention Needed
30777,30777,Registered,DAN,22742,KC,B,C,THDN,DANC,202580,SO,DAN 22742,CotA,CotA,2.0,3.0,FR/SO Intervention Needed
58254,58254,Registered,MDJ,28950,KC,C+,C-,MDJ,ADV,202580,SO,MDJ 28950,CCI,CCI,1.7,2.3,FR/SO Intervention Needed
58263,58263,Registered,MDJ,28950,KC,C,F,MDJ,DMP,202580,JR,MDJ 28950,CCI,CCI,0.0,2.0,JR/SR Intervention Needed
53666,53666,Registered,FDM,23628,KC,C,C,FDM,FD,202580,SO,FDM 23628,CotA,CotA,2.0,2.0,FR/SO Intervention Needed
80853,80853,Std Withdrawn,VCD,19588,KC,W,C,VCD,COMM,202580,SO,VCD 19588,CCI,CCI,2.0,0.0,FR/SO Intervention Needed
80892,80892,Registered,VCD,19588,KC,B,F,VCD,COMM,202580,JR,VCD 19588,CCI,CCI,0.0,3.0,JR/SR Intervention Needed
11192,11192,Registered,ART,20725,KC,D,D,ART,ARTE,202580,SO,ART 20725,CotA,CotA,1.0,1.0,FR/SO Intervention Needed
11194,11194,Registered,ART,20725,KC,B+,D+,ART,SART,202580,SO,ART 20725,CotA,CotA,1.3,3.3,FR/SO Intervention Needed
11177,11177,Std Withdrawn,ART,20725,KC,W,F,ART,SART,202580,FR,ART 20725,CotA,CotA,0.0,0.0,FR/SO Intervention Needed
50933,50933,Registered,FDM,17764,KC,A-,C,FDM,FD,202580,FR,FDM 17764,CotA,CotA,2.0,3.7,FR/SO Intervention Needed
50950,50950,Registered,FDM,17764,KC,F,F,FDM,FD,202580,SO,FDM 17764,CotA,CotA,0.0,0.0,FR/SO Intervention Needed
80881,80881,Registered,VCD,19588,KC,C-,C,VCD,PHOT,202580,FR,VCD 19588,CCI,CCI,2.0,1.7,FR/SO Intervention Needed
80930,80930,Never Attended - Failed,VCD,19588,KC,NF,D+,VCD,VCD,202580,SO,VCD 19588,CCI,CCI,1.3,0.0,FR/SO Intervention Needed
63139,63139,Registered,MDJ,28436,KC,C-,F,MDJ,PR,202580,JR,MDJ 28436,CCI,CCI,0.0,1.7,JR/SR Intervention Needed
80906,80906,Registered,VCD,19588,KC,B+,C,VCD,COMM,202580,SO,VCD 19588,CCI,CCI,2.0,3.3,FR/SO Intervention Needed
80913,80913,Std Withdrawn,VCD,19588,KC,W,F,VCD,VCD,202580,SO,VCD 19588,CCI,CCI,0.0,0.0,FR/SO Intervention Needed
63092,63092,Registered,MDJ,28436,KC,F,F,MDJ,JNL,202580,SR,MDJ 28436,CCI,CCI,0.0,0.0,JR/SR Intervention Needed
63112,63112,Registered,MDJ,28436,KC,B,C,MDJ,ADV,202580,SO,MDJ 28436,CCI,CCI,2.0,3.0,FR/SO Intervention Needed
63097,63097,Registered,MDJ,28436,KC,C-,C,MDJ,PR,202580,SO,MDJ 28436,CCI,CCI,2.0,1.7,FR/SO Intervention Needed
80942,80942,Registered,VCD,19588,KC,C,D,VCD,VCD,202580,SO,VCD 19588,CCI,CCI,1.0,2.0,FR/SO Intervention Needed
80944,80944,Registered,VCD,19588,KC,B+,D+,VCD,VCD,202580,SO,VCD 19588,CCI,CCI,1.3,3.3,FR/SO Intervention Needed
80979,80979,Registered,VCD,19588,KC,F,C,VCD,VCD,202580,SO,VCD 19588,CCI,CCI,2.0,0.0,FR/SO Intervention Needed
80951,80951,Registered,VCD,19588,KC,F,F,VCD,DMP,202580,SO,VCD 19588,CCI,CCI,0.0,0.0,FR/SO Intervention Needed
10881,10881,Registered,ART,21467,KC,B-,D,ART,SART,202580,FR,ART 21467,CotA,CotA,1.0,2.7,FR/SO Intervention Needed
80994,80994,Registered,VCD,19588,KC,D,F,VCD,PR,202580,SO,VCD 19588,CCI,CCI,0.0,1.0,FR/SO Intervention Needed
10865,10865,Registered,ART,21467,KC,A-,C,ART,SART,202580,FR,ART 21467,CotA,CotA,2.0,3.7,FR/SO Intervention Needed
10866,10866,Registered,ART,21467,KC,C,D,ART,SART,202580,SO,ART 21467,CotA,CotA,1.0,2.0,FR/SO Intervention Needed
10859,10859,Registered,ART,21467,KC,C+,F,ART,SART,202580,SO,ART 21467,CotA,CotA,0.0,2.3,FR/SO Intervention Needed
10843,10843,Registered,ART,21467,KC,F,F,ART,SART,202580,JR,ART 21467,CotA,CotA,0.0,0.0,JR/SR Intervention Needed
50963,50963,Registered,FDM,17764,KC,A,F,FDM,FD,202580,SO,FDM 17764,CotA,CotA,0.0,4.0,FR/SO Intervention Needed
50970,50970,Registered,FDM,17764,KC,C,C-,FDM,FD,202580,SO,FDM 17764,CotA,CotA,1.7,2.0,FR/SO Intervention Needed
50975,50975,Std Withdrawn,FDM,17764,KC,W,D,FDM,FD,202580,FR,FDM 17764,CotA,CotA,1.0,0.0,FR/SO Intervention Needed
50988,50988,Registered,FDM,17764,KC,B-,F,FDM,FD,202580,SO,FDM 17764,CotA,CotA,0.0,2.7,FR/SO Intervention Needed
50992,50992,Registered,FDM,17764,KC,B+,F,FDM,FD,202580,SO,FDM 17764,CotA,CotA,0.0,3.3,FR/SO Intervention Needed
50997,50997,Registered,FDM,17764,KC,C,F,FDM,FD,202580,SO,FDM 17764,CotA,CotA,0.0,2.0,FR/SO Intervention Needed
51001,51001,Registered,FDM,17764,KC,D+,D,FDM,FD,202580,SO,FDM 17764,CotA,CotA,1.0,1.3,FR/SO Intervention Needed
51003,51003,Registered,FDM,17764,KC,C+,F,FDM,FD,202580,SO,FDM 17764,CotA,CotA,0.0,2.3,FR/SO Intervention Needed
51004,51004,Registered,FDM,17764,KC,F,F,FDM,FD,202580,SO,FDM 17764,CotA,CotA,0.0,0.0,FR/SO Intervention Needed
51005,51005,Registered,FDM,17764,KC,C,C,FDM,FD,202580,SO,FDM 17764,CotA,CotA,2.0,2.0,FR/SO Intervention Needed
80965,80965,Registered,VCD,19588,KC,C+,D,VCD,SART,202580,SO,VCD 19588,CotA,CCI,1.0,2.3,FR/SO Intervention Needed
51037,51037,Registered,FDM,17764,KC,B-,C-,FDM,FD,202580,SO,FDM 17764,CotA,CotA,1.7,2.7,FR/SO Intervention Needed
51039,51039,Registered,FDM,17764,KC,A-,D,FDM,FD,202580,SO,FDM 17764,CotA,CotA,1.0,3.7,FR/SO Intervention Needed
51044,51044,Registered,FDM,17764,KC,C-,C,FDM,FD,202580,SO,FDM 17764,CotA,CotA,2.0,1.7,FR/SO Intervention Needed
80970,80970,Registered,VCD,19588,KC,C-,C-,VCD,VCD,202580,FR,VCD 19588,CCI,CCI,1.7,1.7,FR/SO Intervention Needed
51060,51060,Registered,FDM,17764,KC,B-,D,FDM,FD,202580,SO,FDM 17764,CotA,CotA,1.0,2.7,FR/SO Intervention Needed
51062,51062,Registered,FDM,17764,KC,F,D,FDM,FD,202580,SO,FDM 17764,CotA,CotA,1.0,0.0,FR/SO Intervention Needed
51064,51064,Registered,FDM,17764,KC,B-,D,FDM,FD,202580,SO,FDM 17764,CotA,CotA,1.0,2.7,FR/SO Intervention Needed
80975,80975,Registered,VCD,19588,KC,C+,F,VCD,VCD,202580,FR,VCD 19588,CCI,CCI,0.0,2.3,FR/SO Intervention Needed
81019,81019,Registered,VCD,19588,KC,B+,C,VCD,PR,202580,SO,VCD 19588,CCI,CCI,2.0,3.3,FR/SO Intervention Needed
81012,81012,Std Withdrawn,VCD,19588,KC,W,D,VCD,PHOT,202580,FR,VCD 19588,CCI,CCI,1.0,0.0,FR/SO Intervention Needed
10445,10445,Registered,ART,29123,KC,C,C,ART,SART,202580,FR,ART 29123,CotA,CotA,2.0,2.0,FR/SO Intervention Needed
10447,10447,Registered,ART,29123,KC,C,F,ART,SART,202580,FR,ART 29123,CotA,CotA,0.0,2.0,FR/SO Intervention Needed
81017,81017,Registered,VCD,19588,KC,B+,C-,VCD,DMP,202580,SO,VCD 19588,CCI,CCI,1.7,3.3,FR/SO Intervention Needed
81018,81018,Registered,VCD,19588,KC,F,F,VCD,PHOT,202580,FR,VCD 19588,CCI,CCI,0.0,0.0,FR/SO Intervention Needed
81022,81022,Registered,VCD,19588,KC,B,C,VCD,VCD,202580,FR,VCD 19588,CCI,CCI,2.0,3.0,FR/SO Intervention Needed
10435,10435,Registered,ART,29123,KC,A,F,ART,SART,202580,FR,ART 29123,CotA,CotA,0.0,4.0,FR/SO Intervention Needed
18214,18214,Registered,ARTS,22958,KC,C,F,ART,ARCS,202580,SR,ARTS 22958,CAED,CotA,0.0,2.0,JR/SR Intervention Needed
10417,10417,Registered,ART,29123,KC,A,D,ART,SART,202580,FR,ART 29123,CotA,CotA,1.0,4.0,FR/SO Intervention Needed
10402,10402,Registered,ART,29123,KC,A,F,ART,SART,202580,FR,ART 29123,CotA,CotA,0.0,4.0,FR/SO Intervention Needed
10393,10393,Registered,ART,29123,KC,B,C,ART,ARTE,202580,FR,ART 29123,CotA,CotA,2.0,3.0,FR/SO Intervention Needed
10396,10396,Registered,ART,29123,KC,C+,D+,ART,ARTE,202580,FR,ART 29123,CotA,CotA,1.3,2.3,FR/SO Intervention Needed
18224,18224,Registered,ARTS,22958,KC,F,F,ART,ARTE,202580,SO,ARTS 22958,CotA,CotA,0.0,0.0,FR/SO Intervention Needed
18248,18248,Registered,ARTS,22958,KC,B,C,ART,ARTE,202580,SO,ARTS 22958,CotA,CotA,2.0,3.0,FR/SO Intervention Needed
18255,18255,Registered,ARTS,22958,KC,C,C,ART,ARTE,202580,SO,ARTS 22958,CotA,CotA,2.0,2.0,FR/SO Intervention Needed
18256,18256,Registered,ARTS,22958,KC,C-,D+,ART,SART,202580,FR,ARTS 22958,CotA,CotA,1.3,1.7,FR/SO Intervention Needed
57809,57809,Registered,MDJ,25946,KC,C-,C-,MDJ,DMP,202580,FR,MDJ 25946,CCI,CCI,1.7,1.7,FR/SO Intervention Needed
57789,57789,Registered,MDJ,25946,KC,F,C,MDJ,DMP,202580,FR,MDJ 25946,CCI,CCI,2.0,0.0,FR/SO Intervention Needed
57794,57794,Registered,MDJ,25946,KC,B,C,MDJ,DMP,202580,FR,MDJ 25946,CCI,CCI,2.0,3.0,FR/SO Intervention Needed
57797,57797,Registered,MDJ,25946,KC,B,F,MDJ,DMP,202580,SO,MDJ 25946,CCI,CCI,0.0,3.0,FR/SO Intervention Needed
57801,57801,Registered,MDJ,25946,KC,C+,C,MDJ,DMP,202580,FR,MDJ 25946,CCI,CCI,2.0,2.3,FR/SO Intervention Needed
57802,57802,Registered,MDJ,25946,KC,B,C-,MDJ,DMP,202580,FR,MDJ 25946,CCI,CCI,1.7,3.0,FR/SO Intervention Needed
57803,57803,Registered,MDJ,25946,KC,F,D,MDJ,JNL,202580,SO,MDJ 25946,CCI,CCI,1.0,0.0,FR/SO Intervention Needed
57777,57777,Std Withdrawn,MDJ,25946,KC,W,F,MDJ,VCD,202580,SO,MDJ 25946,CCI,CCI,0.0,0.0,FR/SO Intervention Needed
57774,57774,Stopped Attending - Failed,MDJ,25946,KC,SF,F,MDJ,ARCH,202580,SO,MDJ 25946,CAED,CCI,0.0,0.0,FR/SO Intervention Needed
57713,57713,Std Withdrawn,MDJ,25946,KC,W,F,MDJ,THEA,202580,FR,MDJ 25946,CotA,CCI,0.0,0.0,FR/SO Intervention Needed
57715,57715,Registered,MDJ,25946,KC,D+,D,MDJ,DMP,202580,SO,MDJ 25946,CCI,CCI,1.0,1.3,FR/SO Intervention Needed
57718,57718,Registered,MDJ,25946,KC,C+,D,MDJ,DMP,202580,FR,MDJ 25946,CCI,CCI,1.0,2.3,FR/SO Intervention Needed
57721,57721,Registered,MDJ,25946,KC,D,F,MDJ,DMP,202580,JR,MDJ 25946,CCI,CCI,0.0,1.0,JR/SR Intervention Needed
57723,57723,Registered,MDJ,25946,KC,C,D+,MDJ,JNL,202580,FR,MDJ 25946,CCI,CCI,1.3,2.0,FR/SO Intervention Needed
57695,57695,Registered,MDJ,25946,KC,C,C-,MDJ,DMP,202580,FR,MDJ 25946,CCI,CCI,1.7,2.0,FR/SO Intervention Needed
57679,57679,Stopped Attending - Failed,MDJ,25946,KC,SF,F,MDJ,DMP,202580,FR,MDJ 25946,CCI,CCI,0.0,0.0,FR/SO Intervention Needed
57682,57682,Registered,MDJ,25946,KC,F,D,MDJ,DMP,202580,FR,MDJ 25946,CCI,CCI,1.0,0.0,FR/SO Intervention Needed
57684,57684,Registered,MDJ,25946,KC,B,C,MDJ,DMP,202580,FR,MDJ 25946,CCI,CCI,2.0,3.0,FR/SO Intervention Needed
57692,57692,Registered,MDJ,25946,KC,B,C-,MDJ,DMP,202580,FR,MDJ 25946,CCI,CCI,1.7,3.0,FR/SO Intervention Needed
57672,57672,Registered,MDJ,25946,KC,B,C,MDJ,DMP,202580,SO,MDJ 25946,CCI,CCI,2.0,3.0,FR/SO Intervention Needed
54329,54329,Registered,FDM,18819,KC,B,C,FDM,FM,202580,FR,FDM 18819,CotA,CotA,2.0,3.0,FR/SO Intervention Needed
54363,54363,Registered,FDM,18819,KC,D+,C,FDM,FM,202580,SO,FDM 18819,CotA,CotA,2.0,1.3,FR/SO Intervention Needed
30976,30976,Registered,EMAT,12670,KC,B,SF,EMAT,EMAT,202580,JR,EMAT 12670,CCI,CCI,0.0,3.0,JR/SR Intervention Needed
54351,54351,Std Withdrawn,FDM,18819,KC,W,F,FDM,FM,202580,SO,FDM 18819,CotA,CotA,0.0,0.0,FR/SO Intervention Needed
54352,54352,Registered,FDM,18819,KC,D,F,FDM,FM,202580,SO,FDM 18819,CotA,CotA,0.0,1.0,FR/SO Intervention Needed
54366,54366,Registered,FDM,18819,KC,F,D,FDM,FM,202580,SO,FDM 18819,CotA,CotA,1.0,0.0,FR/SO Intervention Needed
9852,9852,Registered,ARCS,13373,KC,F,F,ARCH,ARCS,202580,SR,ARCS 13373,CAED,CAED,0.0,0.0,JR/SR Intervention Needed
54381,54381,Registered,FDM,18819,KC,C+,F,FDM,FM,202580,SO,FDM 18819,CotA,CotA,0.0,2.3,FR/SO Intervention Needed
81818,81818,Registered,VCD,28950,KC,A-,C,VCD,PHOT,202580,FR,VCD 28950,CCI,CCI,2.0,3.7,FR/SO Intervention Needed
81812,81812,Registered,VCD,28950,KC,B,D,VCD,PHOT,202580,FR,VCD 28950,CCI,CCI,1.0,3.0,FR/SO Intervention Needed
81826,81826,Admin Dropped,VCD,28950,KC,DR,SF,VCD,VCD,202580,SO,VCD 28950,CCI,CCI,0.0,NaN,FR/SO Intervention Needed
81830,81830,Registered,VCD,28950,KC,B-,C,VCD,VCD,202580,FR,VCD 28950,CCI,CCI,2.0,2.7,FR/SO Intervention Needed
81831,81831,Registered,VCD,28950,KC,C+,C,VCD,VCD,202580,FR,VCD 28950,CCI,CCI,2.0,2.3,FR/SO Intervention Needed
81835,81835,Registered,VCD,28950,KC,A,F,VCD,VCD,202580,FR,VCD 28950,CCI,CCI,0.0,4.0,FR/SO Intervention Needed
81842,81842,Registered,VCD,28950,KC,F,C,VCD,VCD,202580,FR,VCD 28950,CCI,CCI,2.0,0.0,FR/SO Intervention Needed
28050,28050,Registered,COMM,17591,KC,F,F,COMM,FM,202580,FR,COMM 17591,CotA,CCI,0.0,0.0,FR/SO Intervention Needed
28091,28091,Registered,COMM,17591,KC,B-,D+,COMM,JNL,202580,FR,COMM 17591,CCI,CCI,1.3,2.7,FR/SO Intervention Needed
28106,28106,Registered,COMM,17591,KC,B,C-,COMM,FM,202580,SO,COMM 17591,CotA,CCI,1.7,3.0,FR/SO Intervention Needed
81845,81845,Registered,VCD,28950,KC,D+,C,VCD,ADV,202580,SO,VCD 28950,CCI,CCI,2.0,1.3,FR/SO Intervention Needed
81825,81825,Registered,VCD,28950,KC,D+,D,VCD,PHOT,202580,FR,VCD 28950,CCI,CCI,1.0,1.3,FR/SO Intervention Needed
81862,81862,Registered,VCD,28950,KC,A,C,VCD,VCD,202580,FR,VCD 28950,CCI,CCI,2.0,4.0,FR/SO Intervention Needed
81837,81837,Std Withdrawn,VCD,28950,KC,W,F,VCD,VCD,202580,FR,VCD 28950,CCI,CCI,0.0,0.0,FR/SO Intervention Needed
81878,81878,Registered,VCD,28950,KC,D+,D,VCD,VCD,202580,FR,VCD 28950,CCI,CCI,1.0,1.3,FR/SO Intervention Needed
81884,81884,Stopped Attending - Failed,VCD,28950,KC,SF,F,VCD,VCD,202580,JR,VCD 28950,CCI,CCI,0.0,0.0,JR/SR Intervention Needed
81886,81886,Registered,VCD,28950,KC,F,SF,VCD,FM,202580,SR,VCD 28950,CotA,CCI,0.0,0.0,JR/SR Intervention Needed
81901,81901,Registered,VCD,28950,KC,B-,F,VCD,VCD,202580,FR,VCD 28950,CCI,CCI,0.0,2.7,FR/SO Intervention Needed
81902,81902,Std Withdrawn,VCD,28950,KC,W,F,VCD,VCD,202580,FR,VCD 28950,CCI,CCI,0.0,0.0,FR/SO Intervention Needed
81903,81903,Registered,VCD,28950,KC,C+,D+,VCD,VCD,202580,SO,VCD 28950,CCI,CCI,1.3,2.3,FR/SO Intervention Needed
37698,37698,Registered,FDM,20725,KC,D,C,FDM,FD,202580,FR,FDM 20725,CotA,CotA,2.0,1.0,FR/SO Intervention Needed
37679,37679,Registered,FDM,20725,KC,D+,D+,FDM,FD,202580,FR,FDM 20725,CotA,CotA,1.3,1.3,FR/SO Intervention Needed
37685,37685,Registered,FDM,20725,KC,C,C,FDM,FD,202580,FR,FDM 20725,CotA,CotA,2.0,2.0,FR/SO Intervention Needed
37686,37686,Registered,FDM,20725,KC,C-,C,FDM,FD,202580,SO,FDM 20725,CotA,CotA,2.0,1.7,FR/SO Intervention Needed
57155,57155,Registered,ID,13310,KC,C+,D,ARCH,ID,202580,SO,ID 13310,CAED,CAED,1.0,2.3,FR/SO Intervention Needed
57145,57145,Registered,ID,13310,KC,C+,D+,ARCH,ID,202580,SO,ID 13310,CAED,CAED,1.3,2.3,FR/SO Intervention Needed
57132,57132,Registered,ID,13310,KC,C+,C-,ARCH,ID,202580,SO,ID 13310,CAED,CAED,1.7,2.3,FR/SO Intervention Needed
82151,82151,Registered,VCD,18414,KC,B,F,VCD,PHOT,202580,FR,VCD 18414,CCI,CCI,0.0,3.0,FR/SO Intervention Needed
43880,43880,Registered,FDM,25884,KC,C,F,FDM,FD,202580,FR,FDM 25884,CotA,CotA,0.0,2.0,FR/SO Intervention Needed
43881,43881,Registered,FDM,25884,KC,F,D+,FDM,FD,202580,FR,FDM 25884,CotA,CotA,1.3,0.0,FR/SO Intervention Needed
37657,37657,Registered,FDM,20725,KC,C+,C-,FDM,FM,202580,FR,FDM 20725,CotA,CotA,1.7,2.3,FR/SO Intervention Needed
82160,82160,Registered,VCD,18414,KC,C,C,VCD,PHOT,202580,SO,VCD 18414,CCI,CCI,2.0,2.0,FR/SO Intervention Needed
43863,43863,Registered,FDM,25884,KC,B,D,FDM,FD,202580,FR,FDM 25884,CotA,CotA,1.0,3.0,FR/SO Intervention Needed
43844,43844,Registered,FDM,25884,KC,F,D,FDM,FD,202580,FR,FDM 25884,CotA,CotA,1.0,0.0,FR/SO Intervention Needed
43846,43846,Registered,FDM,25884,KC,B,C-,FDM,FM,202580,FR,FDM 25884,CotA,CotA,1.7,3.0,FR/SO Intervention Needed
43848,43848,Registered,FDM,25884,KC,A,C,FDM,FD,202580,SO,FDM 25884,CotA,CotA,2.0,4.0,FR/SO Intervention Needed
43884,43884,Registered,FDM,25884,KC,B+,C,FDM,FD,202580,FR,FDM 25884,CotA,CotA,2.0,3.3,FR/SO Intervention Needed
43855,43855,Std Withdrawn,FDM,25884,KC,W,F,FDM,FM,202580,FR,FDM 25884,CotA,CotA,0.0,0.0,FR/SO Intervention Needed
43841,43841,Registered,FDM,25884,KC,C+,C-,FDM,FD,202580,FR,FDM 25884,CotA,CotA,1.7,2.3,FR/SO Intervention Needed
43852,43852,Std Withdrawn,FDM,25884,KC,W,D,FDM,FD,202580,FR,FDM 25884,CotA,CotA,1.0,0.0,FR/SO Intervention Needed
43806,43806,Registered,FDM,25884,KC,F,F,FDM,FD,202580,FR,FDM 25884,CotA,CotA,0.0,0.0,FR/SO Intervention Needed
43792,43792,Registered,FDM,25884,KC,A,F,FDM,FM,202580,FR,FDM 25884,CotA,CotA,0.0,4.0,FR/SO Intervention Needed
43770,43770,Registered,FDM,25884,KC,B-,C-,FDM,FD,202580,FR,FDM 25884,CotA,CotA,1.7,2.7,FR/SO Intervention Needed
43749,43749,Registered,FDM,25884,KC,B,C,FDM,FM,202580,FR,FDM 25884,CotA,CotA,2.0,3.0,FR/SO Intervention Needed
43754,43754,Registered,FDM,25884,KC,C-,F,FDM,FD,202580,FR,FDM 25884,CotA,CotA,0.0,1.7,FR/SO Intervention Needed
43758,43758,Std Withdrawn,FDM,25884,KC,W,D,FDM,FD,202580,FR,FDM 25884,CotA,CotA,1.0,0.0,FR/SO Intervention Needed
43761,43761,Registered,FDM,25884,KC,B+,F,FDM,FD,202580,FR,FDM 25884,CotA,CotA,0.0,3.3,FR/SO Intervention Needed
43762,43762,Std Withdrawn,FDM,25884,KC,W,F,FDM,FD,202580,FR,FDM 25884,CotA,CotA,0.0,0.0,FR/SO Intervention Needed
43743,43743,Registered,FDM,25884,KC,A-,F,FDM,FM,202580,FR,FDM 25884,CotA,CotA,0.0,3.7,FR/SO Intervention Needed
43744,43744,Registered,FDM,25884,KC,C,D,FDM,FD,202580,SO,FDM 25884,CotA,CotA,1.0,2.0,FR/SO Intervention Needed
43745,43745,Registered,FDM,25884,KC,F,F,FDM,FM,202580,FR,FDM 25884,CotA,CotA,0.0,0.0,FR/SO Intervention Needed
43726,43726,Registered,FDM,25884,KC,D,C-,FDM,FM,202580,FR,FDM 25884,CotA,CotA,1.7,1.0,FR/SO Intervention Needed
43714,43714,Registered,FDM,25884,KC,F,F,FDM,FD,202580,FR,FDM 25884,CotA,CotA,0.0,0.0,FR/SO Intervention Needed
43689,43689,Registered,FDM,25884,KC,B-,C,FDM,FM,202580,FR,FDM 25884,CotA,CotA,2.0,2.7,FR/SO Intervention Needed
43695,43695,Registered,FDM,25884,KC,D+,C-,FDM,FD,202580,FR,FDM 25884,CotA,CotA,1.7,1.3,FR/SO Intervention Needed
43698,43698,Registered,FDM,25884,KC,C,C,FDM,FD,202580,FR,FDM 25884,CotA,CotA,2.0,2.0,FR/SO Intervention Needed
37613,37613,Registered,FDM,20725,KC,B,F,FDM,FM,202580,FR,FDM 20725,CotA,CotA,0.0,3.0,FR/SO Intervention Needed
37603,37603,Registered,FDM,20725,KC,B-,D,FDM,FD,202580,FR,FDM 20725,CotA,CotA,1.0,2.7,FR/SO Intervention Needed
37554,37554,Registered,FDM,20725,KC,B+,D,FDM,FD,202580,FR,FDM 20725,CotA,CotA,1.0,3.3,FR/SO Intervention Needed
37589,37589,Registered,FDM,20725,KC,B-,C,FDM,FD,202580,FR,FDM 20725,CotA,CotA,2.0,2.7,FR/SO Intervention Needed
62221,62221,Registered,MDJ,15027,KC,F,F,MDJ,VCD,202580,FR,MDJ 15027,CCI,CCI,0.0,0.0,FR/SO Intervention Needed
62225,62225,Registered,MDJ,15027,KC,F,F,MDJ,FM,202580,JR,MDJ 15027,CotA,CCI,0.0,0.0,JR/SR Intervention Needed
62171,62171,Registered,MDJ,15027,KC,C,C,MDJ,VCD,202580,SO,MDJ 15027,CCI,CCI,2.0,2.0,FR/SO Intervention Needed
62172,62172,Registered,MDJ,15027,KC,C+,F,MDJ,VCD,202580,FR,MDJ 15027,CCI,CCI,0.0,2.3,FR/SO Intervention Needed
62152,62152,Registered,MDJ,15027,KC,C,D,MDJ,DMP,202580,SO,MDJ 15027,CCI,CCI,1.0,2.0,FR/SO Intervention Needed
62132,62132,Registered,MDJ,15027,KC,C-,C-,MDJ,PHOT,202580,SO,MDJ 15027,CCI,CCI,1.7,1.7,FR/SO Intervention Needed
62122,62122,Registered,MDJ,15027,KC,,C-,MDJ,ARCH,202580,SO,MDJ 15027,CAED,CCI,1.7,,FR/SO Intervention Needed
62101,62101,Registered,MDJ,15027,KC,F,F,MDJ,VCD,202580,JR,MDJ 15027,CCI,CCI,0.0,0.0,JR/SR Intervention Needed
62068,62068,Registered,MDJ,15027,KC,B,C,MDJ,VCD,202580,SO,MDJ 15027,CCI,CCI,2.0,3.0,FR/SO Intervention Needed
61994,61994,Registered,MDJ,15027,KC,C,D,MDJ,DMP,202580,FR,MDJ 15027,CCI,CCI,1.0,2.0,FR/SO Intervention Needed
61971,61971,Registered,MDJ,15027,KC,B-,F,MDJ,DMP,202580,FR,MDJ 15027,CCI,CCI,0.0,2.7,FR/SO Intervention Needed
61973,61973,Registered,MDJ,15027,KC,A,F,MDJ,COMM,202580,FR,MDJ 15027,CCI,CCI,0.0,4.0,FR/SO Intervention Needed
61975,61975,Std Withdrawn,MDJ,15027,KC,W,D,MDJ,PHOT,202580,FR,MDJ 15027,CCI,CCI,1.0,0.0,FR/SO Intervention Needed
61978,61978,Registered,MDJ,15027,KC,C-,D,MDJ,VCD,202580,FR,MDJ 15027,CCI,CCI,1.0,1.7,FR/SO Intervention Needed
61927,61927,Registered,MDJ,15027,KC,B-,C,MDJ,VCD,202580,SO,MDJ 15027,CCI,CCI,2.0,2.7,FR/SO Intervention Needed
61907,61907,Registered,MDJ,15027,KC,B,F,MDJ,JNL,202580,JR,MDJ 15027,CCI,CCI,0.0,3.0,JR/SR Intervention Needed
61894,61894,Std Withdrawn,MDJ,15027,KC,W,F,MDJ,FD,202580,FR,MDJ 15027,CotA,CCI,0.0,0.0,FR/SO Intervention Needed
61897,61897,Registered,MDJ,15027,KC,A,C,MDJ,PR,202580,SO,MDJ 15027,CCI,CCI,2.0,4.0,FR/SO Intervention Needed
61838,61838,Registered,MDJ,15027,KC,B,D+,MDJ,VCD,202580,FR,MDJ 15027,CCI,CCI,1.3,3.0,FR/SO Intervention Needed
61876,61876,Registered,MDJ,15027,KC,F,F,MDJ,PR,202580,SO,MDJ 15027,CCI,CCI,0.0,0.0,FR/SO Intervention Needed
61881,61881,Registered,MDJ,15027,KC,C+,D+,MDJ,THEA,202580,SO,MDJ 15027,CotA,CCI,1.3,2.3,FR/SO Intervention Needed
61822,61822,Std Withdrawn,MDJ,15027,KC,W,F,MDJ,VCD,202580,JR,MDJ 15027,CCI,CCI,0.0,0.0,JR/SR Intervention Needed
61848,61848,Registered,MDJ,15027,KC,A-,C,MDJ,SART,202580,FR,MDJ 15027,CotA,CCI,2.0,3.7,FR/SO Intervention Needed
61827,61827,Registered,MDJ,15027,KC,B,D,MDJ,PR,202580,FR,MDJ 15027,CCI,CCI,1.0,3.0,FR/SO Intervention Needed
61830,61830,Registered,MDJ,15027,KC,F,D,MDJ,JNL,202580,FR,MDJ 15027,CCI,CCI,1.0,0.0,FR/SO Intervention Needed
61810,61810,Registered,MDJ,15027,KC,C-,D,MDJ,JNL,202580,FR,MDJ 15027,CCI,CCI,1.0,1.7,FR/SO Intervention Needed
61793,61793,Registered,MDJ,15027,KC,C,C-,MDJ,JNL,202580,FR,MDJ 15027,CCI,CCI,1.7,2.0,FR/SO Intervention Needed
61783,61783,Registered,MDJ,15027,KC,C,C,MDJ,JNL,202580,FR,MDJ 15027,CCI,CCI,2.0,2.0,FR/SO Intervention Needed
61787,61787,Registered,MDJ,15027,KC,B,C,MDJ,FM,202580,FR,MDJ 15027,CotA,CCI,2.0,3.0,FR/SO Intervention Needed
61772,61772,Registered,MDJ,15027,KC,C,D,MDJ,DMP,202580,FR,MDJ 15027,CCI,CCI,1.0,2.0,FR/SO Intervention Needed
61748,61748,Registered,MDJ,15027,KC,C+,C,MDJ,JNL,202580,FR,MDJ 15027,CCI,CCI,2.0,2.3,FR/SO Intervention Needed
61696,61696,Registered,MDJ,15027,KC,C+,C,MDJ,PHOT,202580,FR,MDJ 15027,CCI,CCI,2.0,2.3,FR/SO Intervention Needed
61729,61729,Std Withdrawn,MDJ,15027,KC,W,C,MDJ,DMP,202580,SO,MDJ 15027,CCI,CCI,2.0,0.0,FR/SO Intervention Needed
70987,70987,Std Withdrawn,MUS,12716,KC,W,SF,MUS,JNL,202580,SO,MUS 12716,CCI,CotA,0.0,0.0,FR/SO Intervention Needed
37574,37574,Registered,FDM,20725,KC,C,C,FDM,FM,202580,FR,FDM 20725,CotA,CotA,2.0,2.0,FR/SO Intervention Needed
37547,37547,Registered,FDM,20725,KC,B,D,FDM,FM,202580,FR,FDM 20725,CotA,CotA,1.0,3.0,FR/SO Intervention Needed
71076,71076,Registered,MUS,12716,KC,C-,D,MUS,JNL,202580,SO,MUS 12716,CCI,CotA,1.0,1.7,FR/SO Intervention Needed
37558,37558,Registered,FDM,20725,KC,F,C,FDM,FM,202580,FR,FDM 20725,CotA,CotA,2.0,0.0,FR/SO Intervention Needed
37561,37561,Registered,FDM,20725,KC,D,C-,FDM,FD,202580,FR,FDM 20725,CotA,CotA,1.7,1.0,FR/SO Intervention Needed
37544,37544,Registered,FDM,20725,KC,B-,C,FDM,FD,202580,SO,FDM 20725,CotA,CotA,2.0,2.7,FR/SO Intervention Needed
57140,57140,Stopped Attending - Failed,ID,13310,KC,SF,D,ARCH,ID,202580,SO,ID 13310,CAED,CAED,1.0,0.0,FR/SO Intervention Needed
57116,57116,Registered,ID,13310,KC,C-,D+,ARCH,ID,202580,SO,ID 13310,CAED,CAED,1.3,1.7,FR/SO Intervention Needed
37516,37516,Registered,FDM,20725,KC,C+,D,FDM,FM,202580,FR,FDM 20725,CotA,CotA,1.0,2.3,FR/SO Intervention Needed
37525,37525,Registered,FDM,20725,KC,C,D,FDM,FD,202580,FR,FDM 20725,CotA,CotA,1.0,2.0,FR/SO Intervention Needed
37527,37527,Registered,FDM,20725,KC,F,F,FDM,FD,202580,FR,FDM 20725,CotA,CotA,0.0,0.0,FR/SO Intervention Needed
37529,37529,Std Withdrawn,FDM,20725,KC,W,D,FDM,FD,202580,FR,FDM 20725,CotA,CotA,1.0,0.0,FR/SO Intervention Needed
37512,37512,Registered,FDM,20725,KC,B,C-,FDM,FM,202580,FR,FDM 20725,CotA,CotA,1.7,3.0,FR/SO Intervention Needed
57122,57122,Registered,ID,13310,KC,F,F,ARCH,ID,202580,JR,ID 13310,CAED,CAED,0.0,0.0,JR/SR Intervention Needed
20425,20425,Registered,CMGT,11015,KC,B,C,ARCH,COMA,202580,SO,CMGT 11015,CAED,CAED,2.0,3.0,FR/SO Intervention Needed
20413,20413,Registered,CMGT,11015,KC,B-,C,ARCH,COMA,202580,SO,CMGT 11015,CAED,CAED,2.0,2.7,FR/SO Intervention Needed
20402,20402,Registered,CMGT,11015,KC,B-,C,ARCH,COMA,202580,FR,CMGT 11015,CAED,CAED,2.0,2.7,FR/SO Intervention Needed
20403,20403,Registered,CMGT,11015,KC,C,C-,ARCH,COMA,202580,SO,CMGT 11015,CAED,CAED,1.7,2.0,FR/SO Intervention Needed
20407,20407,Registered,CMGT,11015,KC,B,F,ARCH,COMA,202580,SR,CMGT 11015,CAED,CAED,0.0,3.0,JR/SR Intervention Needed
82598,82598,Registered,VCD,25988,KC,C+,C,VCD,VCD,202580,SO,VCD 25988,CCI,CCI,2.0,2.3,FR/SO Intervention Needed
82601,82601,Registered,VCD,25988,KC,D+,C-,VCD,VCD,202580,SO,VCD 25988,CCI,CCI,1.7,1.3,FR/SO Intervention Needed
82636,82636,Std Withdrawn,VCD,25988,KC,W,C,VCD,VCD,202580,SO,VCD 25988,CCI,CCI,2.0,0.0,FR/SO Intervention Needed
82630,82630,Registered,VCD,25988,KC,,F,VCD,VCD,202580,JR,VCD 25988,CCI,CCI,0.0,,JR/SR Intervention Needed
82632,82632,Registered,VCD,25988,KC,C,F,VCD,VCD,202580,FR,VCD 25988,CCI,CCI,0.0,2.0,FR/SO Intervention Needed
82607,82607,Registered,VCD,25988,KC,B+,F,VCD,VCD,202580,JR,VCD 25988,CCI,CCI,0.0,3.3,JR/SR Intervention Needed
82608,82608,Registered,VCD,25988,KC,B,F,VCD,VCD,202580,SO,VCD 25988,CCI,CCI,0.0,3.0,FR/SO Intervention Needed
82612,82612,Registered,VCD,25988,KC,D+,C,VCD,VCD,202580,FR,VCD 25988,CCI,CCI,2.0,1.3,FR/SO Intervention Needed
82664,82664,Registered,VCD,25988,KC,C-,F,VCD,VCD,202580,SO,VCD 25988,CCI,CCI,0.0,1.7,FR/SO Intervention Needed
56560,56560,Registered,ID,21822,KC,B,C,ARCH,ID,202580,FR,ID 21822,CAED,CAED,2.0,3.0,FR/SO Intervention Needed
56566,56566,Registered,ID,21822,KC,B+,C,ARCH,ID,202580,SO,ID 21822,CAED,CAED,2.0,3.3,FR/SO Intervention Needed
19383,19383,Stopped Attending - Failed,CCI,11716,KC,SF,F,CCI,VCD,202580,SR,CCI 11716,CCI,CCI,0.0,0.0,JR/SR Intervention Needed
19384,19384,Registered,CCI,11716,KC,C-,F,CCI,VCD,202580,SR,CCI 11716,CCI,CCI,0.0,1.7,JR/SR Intervention Needed
19385,19385,Registered,CCI,11716,KC,A-,C,CCI,VCD,202580,SO,CCI 11716,CCI,CCI,2.0,3.7,FR/SO Intervention Needed
56552,56552,Registered,ID,21822,KC,B-,D+,ARCH,ID,202580,SO,ID 21822,CAED,CAED,1.3,2.7,FR/SO Intervention Needed
56553,56553,Registered,ID,21822,KC,C-,F,ARCH,ID,202580,SO,ID 21822,CAED,CAED,0.0,1.7,FR/SO Intervention Needed
19401,19401,Registered,CCI,11716,KC,B,C,CCI,VCD,202580,SO,CCI 11716,CCI,CCI,2.0,3.0,FR/SO Intervention Needed
56541,56541,Registered,ID,21822,KC,C,C,ARCH,ID,202580,SO,ID 21822,CAED,CAED,2.0,2.0,FR/SO Intervention Needed
56511,56511,Registered,ID,21822,KC,B,C,ARCH,ID,202580,SO,ID 21822,CAED,CAED,2.0,3.0,FR/SO Intervention Needed
56512,56512,Registered,ID,21822,KC,B-,D+,ARCH,ID,202580,SO,ID 21822,CAED,CAED,1.3,2.7,FR/SO Intervention Needed
56517,56517,Registered,ID,21822,KC,C-,F,ARCH,ID,202580,SO,ID 21822,CAED,CAED,0.0,1.7,FR/SO Intervention Needed
56519,56519,Registered,ID,21822,KC,C,D+,ARCH,ID,202580,SO,ID 21822,CAED,CAED,1.3,2.0,FR/SO Intervention Needed
56522,56522,Std Withdrawn,ID,21822,KC,W,F,ARCH,ID,202580,JR,ID 21822,CAED,CAED,0.0,0.0,JR/SR Intervention Needed
56497,56497,Registered,ID,21822,KC,C-,C,ARCH,ID,202580,SO,ID 21822,CAED,CAED,2.0,1.7,FR/SO Intervention Needed
56501,56501,Std Withdrawn,ID,21822,KC,W,D,ARCH,ID,202580,SO,ID 21822,CAED,CAED,1.0,0.0,FR/SO Intervention Needed
19426,19426,Registered,CCI,11716,KC,D,F,CCI,VCD,202580,JR,CCI 11716,CCI,CCI,0.0,1.0,JR/SR Intervention Needed
19427,19427,Registered,CCI,11716,KC,F,F,CCI,PHOT,202580,FR,CCI 11716,CCI,CCI,0.0,0.0,FR/SO Intervention Needed
61714,61714,Registered,MDJ,15027,KC,C+,C,MDJ,DMP,202580,FR,MDJ 15027,CCI,CCI,2.0,2.3,FR/SO Intervention Needed
19415,19415,Registered,CCI,11716,KC,B,F,CCI,VCD,202580,SR,CCI 11716,CCI,CCI,0.0,3.0,JR/SR Intervention Needed
9763,9763,Registered,ARCS,26039,KC,A,C,ARCH,ARCS,202580,FR,ARCS 26039,CAED,CAED,2.0,4.0,FR/SO Intervention Needed
9766,9766,Registered,ARCS,26039,KC,B,C,ARCH,ARCS,202580,FR,ARCS 26039,CAED,CAED,2.0,3.0,FR/SO Intervention Needed
32253,32253,Stopped Attending - Failed,EMAT,19538,KC,SF,F,EMAT,COMM,202580,SO,EMAT 19538,CCI,CCI,0.0,0.0,FR/SO Intervention Needed
32254,32254,Registered,EMAT,19538,KC,B,C,EMAT,FM,202580,SO,EMAT 19538,CotA,CCI,2.0,3.0,FR/SO Intervention Needed
32233,32233,Registered,EMAT,19538,KC,F,C-,EMAT,EMAT,202580,FR,EMAT 19538,CCI,CCI,1.7,0.0,FR/SO Intervention Needed
61719,61719,Registered,MDJ,15027,KC,C,F,MDJ,JNL,202580,SO,MDJ 15027,CCI,CCI,0.0,2.0,FR/SO Intervention Needed
61662,61662,Registered,MDJ,15027,KC,B,C-,MDJ,VCD,202580,FR,MDJ 15027,CCI,CCI,1.7,3.0,FR/SO Intervention Needed
61667,61667,Registered,MDJ,15027,KC,C+,C-,MDJ,DMP,202580,FR,MDJ 15027,CCI,CCI,1.7,2.3,FR/SO Intervention Needed
61669,61669,Registered,MDJ,15027,KC,F,F,MDJ,ARTE,202580,JR,MDJ 15027,CotA,CCI,0.0,0.0,JR/SR Intervention Needed
61674,61674,Registered,MDJ,15027,KC,,F,MDJ,DMP,202580,FR,MDJ 15027,CCI,CCI,0.0,,FR/SO Intervention Needed
61675,61675,Registered,MDJ,15027,KC,C,D+,MDJ,COMM,202580,SO,MDJ 15027,CCI,CCI,1.3,2.0,FR/SO Intervention Needed
32280,32280,Registered,EMAT,19538,KC,B,F,EMAT,PR,202580,SO,EMAT 19538,CCI,CCI,0.0,3.0,FR/SO Intervention Needed
32281,32281,Registered,EMAT,19538,KC,B,C-,EMAT,PR,202580,FR,EMAT 19538,CCI,CCI,1.7,3.0,FR/SO Intervention Needed
32296,32296,Registered,EMAT,19538,KC,B-,D,EMAT,EMAT,202580,FR,EMAT 19538,CCI,CCI,1.0,2.7,FR/SO Intervention Needed
32299,32299,Std Withdrawn,EMAT,19538,KC,W,F,EMAT,ADV,202580,FR,EMAT 19538,CCI,CCI,0.0,0.0,FR/SO Intervention Needed
32344,32344,Registered,EMAT,19538,KC,F,F,EMAT,COMM,202580,SO,EMAT 19538,CCI,CCI,0.0,0.0,FR/SO Intervention Needed
19440,19440,Registered,CCI,11716,KC,F,F,CCI,JNL,202580,JR,CCI 11716,CCI,CCI,0.0,0.0,JR/SR Intervention Needed
9243,9243,Registered,ARCH,19059,KC,C-,C,ARCH,ARCH,202580,SO,ARCH 19059,CAED,CAED,2.0,1.7,FR/SO Intervention Needed
9254,9254,Registered,ARCH,19059,KC,C,D,ARCH,ARCH,202580,FR,ARCH 19059,CAED,CAED,1.0,2.0,FR/SO Intervention Needed
9256,9256,Registered,ARCH,19059,KC,D+,D,ARCH,ARCH,202580,SO,ARCH 19059,CAED,CAED,1.0,1.3,FR/SO Intervention Needed
9227,9227,Registered,ARCH,19059,KC,B-,D,ARCH,ARCH,202580,FR,ARCH 19059,CAED,CAED,1.0,2.7,FR/SO Intervention Needed
9230,9230,Registered,ARCH,19059,KC,B,C-,ARCH,ARCH,202580,FR,ARCH 19059,CAED,CAED,1.7,3.0,FR/SO Intervention Needed
9235,9235,Registered,ARCH,19059,KC,B-,C,ARCH,ARCH,202580,FR,ARCH 19059,CAED,CAED,2.0,2.7,FR/SO Intervention Needed
9236,9236,Registered,ARCH,19059,KC,F,F,ARCH,ARCH,202580,SO,ARCH 19059,CAED,CAED,0.0,0.0,FR/SO Intervention Needed
9215,9215,Registered,ARCH,19059,KC,C,C,ARCH,ARCH,202580,FR,ARCH 19059,CAED,CAED,2.0,2.0,FR/SO Intervention Needed
9217,9217,Registered,ARCH,19059,KC,B-,C,ARCH,ARCH,202580,FR,ARCH 19059,CAED,CAED,2.0,2.7,FR/SO Intervention Needed
9223,9223,Registered,ARCH,19059,KC,B,F,ARCH,ARCH,202580,FR,ARCH 19059,CAED,CAED,0.0,3.0,FR/SO Intervention Needed
9196,9196,Registered,ARCH,19059,KC,C+,D+,ARCH,ARCH,202580,FR,ARCH 19059,CAED,CAED,1.3,2.3,FR/SO Intervention Needed
9198,9198,Registered,ARCH,19059,KC,B-,C-,ARCH,ARCH,202580,FR,ARCH 19059,CAED,CAED,1.7,2.7,FR/SO Intervention Needed
9201,9201,Registered,ARCH,19059,KC,A,C,ARCH,ARCH,202580,SO,ARCH 19059,CAED,CAED,2.0,4.0,FR/SO Intervention Needed
9181,9181,Registered,ARCH,19059,KC,C,F,ARCH,ARCH,202580,FR,ARCH 19059,CAED,CAED,0.0,2.0,FR/SO Intervention Needed
9218,9218,Registered,ARCH,19059,KC,D+,D,ARCH,COMA,202580,FR,ARCH 19059,CAED,CAED,1.0,1.3,FR/SO Intervention Needed
9176,9176,Registered,ARCH,19059,KC,F,F,ARCH,ARCH,202580,FR,ARCH 19059,CAED,CAED,0.0,0.0,FR/SO Intervention Needed
9151,9151,Stopped Attending - Failed,ARCH,19059,KC,SF,D,ARCH,ARCH,202580,FR,ARCH 19059,CAED,CAED,1.0,0.0,FR/SO Intervention Needed
9119,9119,Registered,ARCH,19059,KC,B-,C,ARCH,ARCH,202580,SO,ARCH 19059,CAED,CAED,2.0,2.7,FR/SO Intervention Needed
9128,9128,Registered,ARCH,19059,KC,B,C,ARCH,ARCH,202580,FR,ARCH 19059,CAED,CAED,2.0,3.0,FR/SO Intervention Needed
9111,9111,Registered,ARCH,19059,KC,C,C,ARCH,ARCH,202580,FR,ARCH 19059,CAED,CAED,2.0,2.0,FR/SO Intervention Needed
28336,28336,Registered,COMM,17591,KC,D+,F,COMM,MUS,202580,SR,COMM 17591,CotA,CCI,0.0,1.3,JR/SR Intervention Needed
28389,28389,Registered,COMM,17591,KC,C,D,COMM,DMP,202580,FR,COMM 17591,CCI,CCI,1.0,2.0,FR/SO Intervention Needed
28400,28400,Registered,COMM,17591,KC,C,D+,COMM,ARTE,202580,FR,COMM 17591,CotA,CCI,1.3,2.0,FR/SO Intervention Needed
83436,83436,Registered,VCD,24327,KC,F,F,VCD,FD,202580,JR,VCD 24327,CotA,CCI,0.0,0.0,JR/SR Intervention Needed
83442,83442,Registered,VCD,24327,KC,B,C,VCD,VCD,202580,SO,VCD 24327,CCI,CCI,2.0,3.0,FR/SO Intervention Needed
36110,36110,Registered,FDM,21467,KC,A-,F,FDM,FM,202580,SO,FDM 21467,CotA,CotA,0.0,3.7,FR/SO Intervention Needed
36061,36061,Registered,FDM,21467,KC,C,C,FDM,FD,202580,FR,FDM 21467,CotA,CotA,2.0,2.0,FR/SO Intervention Needed
36097,36097,Registered,FDM,21467,KC,C,F,FDM,FD,202580,FR,FDM 21467,CotA,CotA,0.0,2.0,FR/SO Intervention Needed
36083,36083,Registered,FDM,21467,KC,F,F,FDM,FD,202580,FR,FDM 21467,CotA,CotA,0.0,0.0,FR/SO Intervention Needed
36052,36052,Registered,FDM,21467,KC,B,D+,FDM,FD,202580,FR,FDM 21467,CotA,CotA,1.3,3.0,FR/SO Intervention Needed
36053,36053,Registered,FDM,21467,KC,C-,F,FDM,FM,202580,FR,FDM 21467,CotA,CotA,0.0,1.7,FR/SO Intervention Needed
36035,36035,Registered,FDM,21467,KC,A-,D,FDM,FM,202580,FR,FDM 21467,CotA,CotA,1.0,3.7,FR/SO Intervention Needed
36006,36006,Registered,FDM,21467,KC,C,D+,FDM,FM,202580,SO,FDM 21467,CotA,CotA,1.3,2.0,FR/SO Intervention Needed
36007,36007,Registered,FDM,21467,KC,F,F,FDM,FD,202580,FR,FDM 21467,CotA,CotA,0.0,0.0,FR/SO Intervention Needed
36019,36019,Registered,FDM,21467,KC,D+,C,FDM,FD,202580,FR,FDM 21467,CotA,CotA,2.0,1.3,FR/SO Intervention Needed
36021,36021,Registered,FDM,21467,KC,B-,C,FDM,FD,202580,FR,FDM 21467,CotA,CotA,2.0,2.7,FR/SO Intervention Needed
35990,35990,Registered,FDM,21467,KC,C,C,FDM,FD,202580,FR,FDM 21467,CotA,CotA,2.0,2.0,FR/SO Intervention Needed
28492,28492,Registered,COMM,17591,KC,F,D,COMM,ARTE,202580,FR,COMM 17591,CotA,CCI,1.0,0.0,FR/SO Intervention Needed
28576,28576,Stopped Attending - Failed,COMM,17591,KC,SF,F,COMM,SART,202580,JR,COMM 17591,CotA,CCI,0.0,0.0,JR/SR Intervention Needed
35975,35975,Registered,FDM,21467,KC,B-,F,FDM,FM,202580,FR,FDM 21467,CotA,CotA,0.0,2.7,FR/SO Intervention Needed
35976,35976,Registered,FDM,21467,KC,D,D+,FDM,FD,202580,FR,FDM 21467,CotA,CotA,1.3,1.0,FR/SO Intervention Needed
35977,35977,Registered,FDM,21467,KC,C,C-,FDM,FM,202580,FR,FDM 21467,CotA,CotA,1.7,2.0,FR/SO Intervention Needed
35980,35980,Registered,FDM,21467,KC,B,D+,FDM,FM,202580,FR,FDM 21467,CotA,CotA,1.3,3.0,FR/SO Intervention Needed
35985,35985,Registered,FDM,21467,KC,C-,F,FDM,FD,202580,FR,FDM 21467,CotA,CotA,0.0,1.7,FR/SO Intervention Needed
35959,35959,Registered,FDM,21467,KC,F,C-,FDM,FD,202580,FR,FDM 21467,CotA,CotA,1.7,0.0,FR/SO Intervention Needed
35947,35947,Registered,FDM,21467,KC,A,D,FDM,FM,202580,FR,FDM 21467,CotA,CotA,1.0,4.0,FR/SO Intervention Needed
35957,35957,Registered,FDM,21467,KC,B,D,FDM,FM,202580,SO,FDM 21467,CotA,CotA,1.0,3.0,FR/SO Intervention Needed
35928,35928,Registered,FDM,21467,KC,C+,C-,FDM,FD,202580,FR,FDM 21467,CotA,CotA,1.7,2.3,FR/SO Intervention Needed
35929,35929,Registered,FDM,21467,KC,C,C,FDM,FD,202580,SO,FDM 21467,CotA,CotA,2.0,2.0,FR/SO Intervention Needed
35936,35936,Registered,FDM,21467,KC,C,C,FDM,FD,202580,FR,FDM 21467,CotA,CotA,2.0,2.0,FR/SO Intervention Needed
35938,35938,Registered,FDM,21467,KC,A,F,FDM,FD,202580,SO,FDM 21467,CotA,CotA,0.0,4.0,FR/SO Intervention Needed
22026,22026,Registered,CMGT,23815,KC,A,F,ARCH,COMA,202580,JR,CMGT 23815,CAED,CAED,0.0,4.0,JR/SR Intervention Needed
22001,22001,Registered,CMGT,23815,KC,C-,D,ARCH,COMA,202580,SO,CMGT 23815,CAED,CAED,1.0,1.7,FR/SO Intervention Needed
21979,21979,Registered,CMGT,23815,KC,D,F,ARCH,COMA,202580,FR,CMGT 23815,CAED,CAED,0.0,1.0,FR/SO Intervention Needed
21991,21991,Registered,CMGT,23815,KC,C,D,ARCH,COMA,202580,FR,CMGT 23815,CAED,CAED,1.0,2.0,FR/SO Intervention Needed
21976,21976,Registered,CMGT,23815,KC,C,C,ARCH,COMA,202580,FR,CMGT 23815,CAED,CAED,2.0,2.0,FR/SO Intervention Needed
7919,7919,Registered,ARCH,24669,KC,F,D+,ARCH,ARCH,202580,SO,ARCH 24669,CAED,CAED,1.3,0.0,FR/SO Intervention Needed
7923,7923,Registered,ARCH,24669,KC,D+,D+,ARCH,ARCH,202580,SO,ARCH 24669,CAED,CAED,1.3,1.3,FR/SO Intervention Needed
7908,7908,Registered,ARCH,24669,KC,D,C,ARCH,ARCH,202580,SO,ARCH 24669,CAED,CAED,2.0,1.0,FR/SO Intervention Needed
7900,7900,Registered,ARCH,24669,KC,,C,ARCH,ARCH,202580,SO,ARCH 24669,CAED,CAED,2.0,,FR/SO Intervention Needed
7875,7875,Registered,ARCH,24669,KC,A,C,ARCH,ARCH,202580,SO,ARCH 24669,CAED,CAED,2.0,4.0,FR/SO Intervention Needed
7881,7881,Registered,ARCH,24669,KC,A,F,ARCH,ARCH,202580,SO,ARCH 24669,CAED,CAED,0.0,4.0,FR/SO Intervention Needed
7868,7868,Registered,ARCH,24669,KC,C,C,ARCH,ARCH,202580,SO,ARCH 24669,CAED,CAED,2.0,2.0,FR/SO Intervention Needed
7873,7873,Registered,ARCH,24669,KC,B,F,ARCH,ARCH,202580,SO,ARCH 24669,CAED,CAED,0.0,3.0,FR/SO Intervention Needed
7850,7850,Registered,ARCH,24669,KC,B,F,ARCH,ARCH,202580,SO,ARCH 24669,CAED,CAED,0.0,3.0,FR/SO Intervention Needed
7829,7829,Registered,ARCH,24669,KC,D+,C-,ARCH,ARCH,202580,SO,ARCH 24669,CAED,CAED,1.7,1.3,FR/SO Intervention Needed
7833,7833,Registered,ARCH,24669,KC,F,F,ARCH,ARCH,202580,FR,ARCH 24669,CAED,CAED,0.0,0.0,FR/SO Intervention Needed
7837,7837,Registered,ARCH,24669,KC,D,C-,ARCH,ARCH,202580,SO,ARCH 24669,CAED,CAED,1.7,1.0,FR/SO Intervention Needed
7815,7815,Std Withdrawn,ARCH,24669,KC,W,D,ARCH,ARCH,202580,SO,ARCH 24669,CAED,CAED,1.0,0.0,FR/SO Intervention Needed
28712,28712,Registered,COMM,17591,KC,B-,C,COMM,COMM,202580,SO,COMM 17591,CCI,CCI,2.0,2.7,FR/SO Intervention Needed
32650,32650,Registered,EMAT,17213,KC,A,C,EMAT,EMAT,202580,SO,EMAT 17213,CCI,CCI,2.0,4.0,FR/SO Intervention Needed
32670,32670,Registered,EMAT,17213,KC,F,F,EMAT,VCD,202580,SR,EMAT 17213,CCI,CCI,0.0,0.0,JR/SR Intervention Needed
56035,56035,Registered,ID,11937,KC,F,F,ARCH,ID,202580,SO,ID 11937,CAED,CAED,0.0,0.0,FR/SO Intervention Needed
56017,56017,Registered,ID,11937,KC,B,C-,ARCH,ID,202580,SO,ID 11937,CAED,CAED,1.7,3.0,FR/SO Intervention Needed
32972,32972,Stopped Attending - Failed,EMAT,26013,KC,SF,SF,EMAT,DMP,202580,SO,EMAT 26013,CCI,CCI,0.0,0.0,FR/SO Intervention Needed
32985,32985,Registered,EMAT,26013,KC,C,D+,EMAT,EMAT,202580,SO,EMAT 26013,CCI,CCI,1.3,2.0,FR/SO Intervention Needed
20066,20066,Registered,CMGT,16841,KC,A,C,ARCH,COMA,202580,FR,CMGT 16841,CAED,CAED,2.0,4.0,FR/SO Intervention Needed
52232,52232,Registered,FDM,25693,KC,B,C,FDM,FD,202580,SO,FDM 25693,CotA,CotA,2.0,3.0,FR/SO Intervention Needed
52257,52257,Registered,FDM,25693,KC,D,D,FDM,FD,202580,SO,FDM 25693,CotA,CotA,1.0,1.0,FR/SO Intervention Needed
52266,52266,Registered,FDM,25693,KC,D,F,FDM,FD,202580,SO,FDM 25693,CotA,CotA,0.0,1.0,FR/SO Intervention Needed
52276,52276,Registered,FDM,25693,KC,B,C,FDM,FD,202580,SO,FDM 25693,CotA,CotA,2.0,3.0,FR/SO Intervention Needed
20076,20076,Registered,CMGT,16841,KC,B,F,ARCH,ID,202580,SO,CMGT 16841,CAED,CAED,0.0,3.0,FR/SO Intervention Needed
20064,20064,Std Withdrawn,CMGT,16841,KC,W,F,ARCH,COMA,202580,FR,CMGT 16841,CAED,CAED,0.0,0.0,FR/SO Intervention Needed
84411,84411,Registered,VCD,18839,KC,C+,C,VCD,PHOT,202580,SO,VCD 18839,CCI,CCI,2.0,2.3,FR/SO Intervention Needed
55445,55445,Registered,ID,24050,KC,B,F,ARCH,ID,202580,FR,ID 24050,CAED,CAED,0.0,3.0,FR/SO Intervention Needed
84425,84425,Registered,VCD,18839,KC,F,D,VCD,VCD,202580,FR,VCD 18839,CCI,CCI,1.0,0.0,FR/SO Intervention Needed
84398,84398,Registered,VCD,18839,KC,B-,D,VCD,VCD,202580,SO,VCD 18839,CCI,CCI,1.0,2.7,FR/SO Intervention Needed
84429,84429,Registered,VCD,18839,KC,B,C,VCD,VCD,202580,SO,VCD 18839,CCI,CCI,2.0,3.0,FR/SO Intervention Needed
84418,84418,Std Withdrawn,VCD,18839,KC,W,SF,VCD,VCD,202580,SO,VCD 18839,CCI,CCI,0.0,0.0,FR/SO Intervention Needed
34623,34623,Registered,FDM,12670,KC,B,C,FDM,FD,202580,FR,FDM 12670,CotA,CotA,2.0,3.0,FR/SO Intervention Needed
34624,34624,Registered,FDM,12670,KC,A-,C-,FDM,FD,202580,SO,FDM 12670,CotA,CotA,1.7,3.7,FR/SO Intervention Needed
34626,34626,Registered,FDM,12670,KC,B-,C,FDM,FD,202580,SO,FDM 12670,CotA,CotA,2.0,2.7,FR/SO Intervention Needed
34630,34630,Std Withdrawn,FDM,12670,KC,W,F,FDM,FD,202580,FR,FDM 12670,CotA,CotA,0.0,0.0,FR/SO Intervention Needed
34564,34564,Registered,FDM,12670,KC,B,C,FDM,JNL,202580,SO,FDM 12670,CCI,CotA,2.0,3.0,FR/SO Intervention Needed
34601,34601,Registered,FDM,12670,KC,D+,F,FDM,FD,202580,FR,FDM 12670,CotA,CotA,0.0,1.3,FR/SO Intervention Needed
42306,42306,Registered,FDM,29298,KC,,C,FDM,FM,202580,FR,FDM 29298,CotA,CotA,2.0,,FR/SO Intervention Needed
34545,34545,Registered,FDM,12670,KC,B-,C-,FDM,FD,202580,FR,FDM 12670,CotA,CotA,1.7,2.7,FR/SO Intervention Needed
34546,34546,Registered,FDM,12670,KC,C+,F,FDM,FD,202580,SO,FDM 12670,CotA,CotA,0.0,2.3,FR/SO Intervention Needed
34548,34548,Registered,FDM,12670,KC,C,C,FDM,FD,202580,FR,FDM 12670,CotA,CotA,2.0,2.0,FR/SO Intervention Needed
42287,42287,Registered,FDM,29298,KC,D,F,FDM,FD,202580,FR,FDM 29298,CotA,CotA,0.0,1.0,FR/SO Intervention Needed
42288,42288,Stopped Attending - Failed,FDM,29298,KC,SF,F,FDM,FD,202580,FR,FDM 29298,CotA,CotA,0.0,0.0,FR/SO Intervention Needed
42289,42289,Registered,FDM,29298,KC,B-,F,FDM,FD,202580,FR,FDM 29298,CotA,CotA,0.0,2.7,FR/SO Intervention Needed
42328,42328,Registered,FDM,29298,KC,F,D+,FDM,FM,202580,FR,FDM 29298,CotA,CotA,1.3,0.0,FR/SO Intervention Needed
42257,42257,Registered,FDM,29298,KC,C+,C,FDM,FM,202580,FR,FDM 29298,CotA,CotA,2.0,2.3,FR/SO Intervention Needed
42294,42294,Registered,FDM,29298,KC,C,C-,FDM,FM,202580,FR,FDM 29298,CotA,CotA,1.7,2.0,FR/SO Intervention Needed
42277,42277,Registered,FDM,29298,KC,C-,C,FDM,FM,202580,SO,FDM 29298,CotA,CotA,2.0,1.7,FR/SO Intervention Needed
42205,42205,Registered,FDM,29298,KC,D+,C-,FDM,FM,202580,SO,FDM 29298,CotA,CotA,1.7,1.3,FR/SO Intervention Needed
42206,42206,Registered,FDM,29298,KC,B,C,FDM,FD,202580,FR,FDM 29298,CotA,CotA,2.0,3.0,FR/SO Intervention Needed
42207,42207,Std Withdrawn,FDM,29298,KC,W,C-,FDM,FD,202580,FR,FDM 29298,CotA,CotA,1.7,0.0,FR/SO Intervention Needed
42212,42212,Std Withdrawn,FDM,29298,KC,W,F,FDM,FD,202580,FR,FDM 29298,CotA,CotA,0.0,0.0,FR/SO Intervention Needed
42245,42245,Registered,FDM,29298,KC,B,C,FDM,FD,202580,FR,FDM 29298,CotA,CotA,2.0,3.0,FR/SO Intervention Needed
42246,42246,Registered,FDM,29298,KC,F,F,FDM,FD,202580,FR,FDM 29298,CotA,CotA,0.0,0.0,FR/SO Intervention Needed
42191,42191,Registered,FDM,29298,KC,F,F,FDM,FM,202580,FR,FDM 29298,CotA,CotA,0.0,0.0,FR/SO Intervention Needed
42196,42196,Registered,FDM,29298,KC,B,D+,FDM,FD,202580,FR,FDM 29298,CotA,CotA,1.3,3.0,FR/SO Intervention Needed
42231,42231,Registered,FDM,29298,KC,B,C,FDM,FD,202580,SO,FDM 29298,CotA,CotA,2.0,3.0,FR/SO Intervention Needed
42235,42235,Registered,FDM,29298,KC,A-,C-,FDM,FM,202580,FR,FDM 29298,CotA,CotA,1.7,3.7,FR/SO Intervention Needed
42173,42173,Registered,FDM,29298,KC,B,C,FDM,FM,202580,SO,FDM 29298,CotA,CotA,2.0,3.0,FR/SO Intervention Needed
42158,42158,Registered,FDM,29298,KC,B-,C,FDM,FD,202580,FR,FDM 29298,CotA,CotA,2.0,2.7,FR/SO Intervention Needed
42199,42199,Registered,FDM,29298,KC,C+,C,FDM,FM,202580,SO,FDM 29298,CotA,CotA,2.0,2.3,FR/SO Intervention Needed
42201,42201,Registered,FDM,29298,KC,C-,F,FDM,FM,202580,FR,FDM 29298,CotA,CotA,0.0,1.7,FR/SO Intervention Needed
42202,42202,Registered,FDM,29298,KC,B-,C,FDM,FD,202580,SO,FDM 29298,CotA,CotA,2.0,2.7,FR/SO Intervention Needed
42144,42144,Registered,FDM,29298,KC,C,D,FDM,FD,202580,FR,FDM 29298,CotA,CotA,1.0,2.0,FR/SO Intervention Needed
42165,42165,Std Withdrawn,FDM,29298,KC,W,C-,FDM,JNL,202580,FR,FDM 29298,CCI,CotA,1.7,0.0,FR/SO Intervention Needed
52294,52294,Registered,FDM,25693,KC,C,C,FDM,FD,202580,SO,FDM 25693,CotA,CotA,2.0,2.0,FR/SO Intervention Needed
52269,52269,Registered,FDM,25693,KC,C,D,FDM,FD,202580,SO,FDM 25693,CotA,CotA,1.0,2.0,FR/SO Intervention Needed
42152,42152,Registered,FDM,29298,KC,C,C,FDM,FM,202580,FR,FDM 29298,CotA,CotA,2.0,2.0,FR/SO Intervention Needed
52329,52329,Registered,FDM,25693,KC,C,C-,FDM,FD,202580,SO,FDM 25693,CotA,CotA,1.7,2.0,FR/SO Intervention Needed
52338,52338,Registered,FDM,25693,KC,B,C-,FDM,FD,202580,SO,FDM 25693,CotA,CotA,1.7,3.0,FR/SO Intervention Needed
52344,52344,Registered,FDM,25693,KC,F,F,FDM,FD,202580,FR,FDM 25693,CotA,CotA,0.0,0.0,FR/SO Intervention Needed
52333,52333,Stopped Attending - Failed,FDM,25693,KC,SF,F,FDM,FD,202580,SR,FDM 25693,CotA,CotA,0.0,0.0,JR/SR Intervention Needed
34586,34586,Registered,FDM,12670,KC,A-,C,FDM,FD,202580,FR,FDM 12670,CotA,CotA,2.0,3.7,FR/SO Intervention Needed
34567,34567,Stopped Attending - Failed,FDM,12670,KC,SF,F,FDM,FD,202580,FR,FDM 12670,CotA,CotA,0.0,0.0,FR/SO Intervention Needed
34568,34568,Registered,FDM,12670,KC,A,F,FDM,FM,202580,FR,FDM 12670,CotA,CotA,0.0,4.0,FR/SO Intervention Needed
52349,52349,Registered,FDM,25693,KC,C,F,FDM,FD,202580,FR,FDM 25693,CotA,CotA,0.0,2.0,FR/SO Intervention Needed
34514,34514,Registered,FDM,12670,KC,D,D,FDM,FM,202580,FR,FDM 12670,CotA,CotA,1.0,1.0,FR/SO Intervention Needed
34551,34551,Registered,FDM,12670,KC,B-,F,FDM,FM,202580,JR,FDM 12670,CotA,CotA,0.0,2.7,JR/SR Intervention Needed
34494,34494,Registered,FDM,12670,KC,B,D+,FDM,FD,202580,FR,FDM 12670,CotA,CotA,1.3,3.0,FR/SO Intervention Needed
34535,34535,Registered,FDM,12670,KC,B+,F,FDM,FM,202580,FR,FDM 12670,CotA,CotA,0.0,3.3,FR/SO Intervention Needed
34481,34481,Stopped Attending - Failed,FDM,12670,KC,SF,F,FDM,FM,202580,FR,FDM 12670,CotA,CotA,0.0,0.0,FR/SO Intervention Needed
34523,34523,Registered,FDM,12670,KC,B+,C,FDM,FD,202580,FR,FDM 12670,CotA,CotA,2.0,3.3,FR/SO Intervention Needed
28801,28801,Registered,COMM,17591,KC,C,C-,COMM,UXDE,202580,FR,COMM 17591,CCI,CCI,1.7,2.0,FR/SO Intervention Needed
28832,28832,Registered,COMM,17591,KC,C+,C,COMM,DMP,202580,FR,COMM 17591,CCI,CCI,2.0,2.3,FR/SO Intervention Needed
28839,28839,Registered,COMM,17591,KC,F,F,COMM,DMP,202580,SR,COMM 17591,CCI,CCI,0.0,0.0,JR/SR Intervention Needed
28924,28924,Registered,COMM,17591,KC,C,C,COMM,COMM,202580,FR,COMM 17591,CCI,CCI,2.0,2.0,FR/SO Intervention Needed
28949,28949,Stopped Attending - Failed,COMM,17591,KC,SF,F,COMM,VCD,202580,FR,COMM 17591,CCI,CCI,0.0,0.0,FR/SO Intervention Needed
29042,29042,Registered,COMM,17591,KC,F,D,COMM,COMM,202580,FR,COMM 17591,CCI,CCI,1.0,0.0,FR/SO Intervention Needed
29175,29175,Registered,COMM,17591,KC,B,D,COMM,JNL,202580,FR,COMM 17591,CCI,CCI,1.0,3.0,FR/SO Intervention Needed
29233,29233,Registered,COMM,17591,KC,A,C,COMM,VCD,202580,FR,COMM 17591,CCI,CCI,2.0,4.0,FR/SO Intervention Needed
29265,29265,Registered,COMM,17591,KC,D+,D,COMM,COMM,202580,FR,COMM 17591,CCI,CCI,1.0,1.3,FR/SO Intervention Needed
29238,29238,Registered,COMM,17591,KC,C,C,COMM,VCD,202580,FR,COMM 17591,CCI,CCI,2.0,2.0,FR/SO Intervention Needed
29282,29282,Registered,COMM,17591,KC,B+,D+,COMM,VCD,202580,FR,COMM 17591,CCI,CCI,1.3,3.3,FR/SO Intervention Needed
34466,34466,Registered,FDM,12670,KC,B-,C,FDM,FM,202580,SO,FDM 12670,CotA,CotA,2.0,2.7,FR/SO Intervention Needed
34506,34506,Registered,FDM,12670,KC,A,D,FDM,FM,202580,FR,FDM 12670,CotA,CotA,1.0,4.0,FR/SO Intervention Needed
34507,34507,Registered,FDM,12670,KC,B-,D,FDM,FM,202580,FR,FDM 12670,CotA,CotA,1.0,2.7,FR/SO Intervention Needed
55457,55457,Registered,ID,24050,KC,A,C-,ARCH,ID,202580,SO,ID 24050,CAED,CAED,1.7,4.0,FR/SO Intervention Needed
34475,34475,Registered,FDM,12670,KC,B+,C-,FDM,FD,202580,FR,FDM 12670,CotA,CotA,1.7,3.3,FR/SO Intervention Needed
34461,34461,Registered,FDM,12670,KC,C+,D,FDM,FD,202580,FR,FDM 12670,CotA,CotA,1.0,2.3,FR/SO Intervention Needed
34471,34471,Registered,FDM,12670,KC,C,C,FDM,FD,202580,SO,FDM 12670,CotA,CotA,2.0,2.0,FR/SO Intervention Needed
34474,34474,Registered,FDM,12670,KC,C-,D,FDM,FD,202580,FR,FDM 12670,CotA,CotA,1.0,1.7,FR/SO Intervention Needed
55454,55454,Std Withdrawn,ID,24050,KC,W,F,ARCH,ID,202580,FR,ID 24050,CAED,CAED,0.0,0.0,FR/SO Intervention Needed
84835,84835,Registered,VCD,13182,KC,F,F,VCD,VCD,202580,FR,VCD 13182,CCI,CCI,0.0,0.0,FR/SO Intervention Needed
84840,84840,Registered,VCD,13182,KC,B,C,VCD,VCD,202580,SO,VCD 13182,CCI,CCI,2.0,3.0,FR/SO Intervention Needed
84855,84855,Registered,VCD,13182,KC,C+,D+,VCD,VCD,202580,FR,VCD 13182,CCI,CCI,1.3,2.3,FR/SO Intervention Needed
84858,84858,Registered,VCD,13182,KC,C,F,VCD,VCD,202580,SO,VCD 13182,CCI,CCI,0.0,2.0,FR/SO Intervention Needed
55516,55516,Registered,ID,24050,KC,A,F,ARCH,ID,202580,FR,ID 24050,CAED,CAED,0.0,4.0,FR/SO Intervention Needed
55486,55486,Registered,ID,24050,KC,D,F,ARCH,ID,202580,SO,ID 24050,CAED,CAED,0.0,1.0,FR/SO Intervention Needed
55487,55487,Registered,ID,24050,KC,C+,D+,ARCH,ID,202580,SO,ID 24050,CAED,CAED,1.3,2.3,FR/SO Intervention Needed
84849,84849,Registered,VCD,13182,KC,A-,F,VCD,VCD,202580,SO,VCD 13182,CCI,CCI,0.0,3.7,FR/SO Intervention Needed
34449,34449,Registered,FDM,12670,KC,B,C,FDM,FM,202580,FR,FDM 12670,CotA,CotA,2.0,3.0,FR/SO Intervention Needed
34434,34434,Registered,FDM,12670,KC,A-,D,FDM,FD,202580,FR,FDM 12670,CotA,CotA,1.0,3.7,FR/SO Intervention Needed
34438,34438,Registered,FDM,12670,KC,F,F,FDM,FD,202580,FR,FDM 12670,CotA,CotA,0.0,0.0,FR/SO Intervention Needed
34414,34414,Registered,FDM,12670,KC,D,F,FDM,FM,202580,FR,FDM 12670,CotA,CotA,0.0,1.0,FR/SO Intervention Needed
34457,34457,Registered,FDM,12670,KC,D+,D,FDM,FM,202580,SO,FDM 12670,CotA,CotA,1.0,1.3,FR/SO Intervention Needed
34441,34441,Std Withdrawn,FDM,12670,KC,W,C,FDM,FD,202580,FR,FDM 12670,CotA,CotA,2.0,0.0,FR/SO Intervention Needed
34418,34418,Registered,FDM,12670,KC,B-,F,FDM,FM,202580,FR,FDM 12670,CotA,CotA,0.0,2.7,FR/SO Intervention Needed
34404,34404,Registered,FDM,12670,KC,C+,C,FDM,FM,202580,FR,FDM 12670,CotA,CotA,2.0,2.3,FR/SO Intervention Needed
34405,34405,Registered,FDM,12670,KC,D,C,FDM,FM,202580,FR,FDM 12670,CotA,CotA,2.0,1.0,FR/SO Intervention Needed
15677,15677,Registered,ARTH,17400,KC,B-,C-,ART,ARTE,202580,SO,ARTH 17400,CotA,CotA,1.7,2.7,FR/SO Intervention Needed
15680,15680,Registered,ARTH,17400,KC,B,F,ART,ARTE,202580,FR,ARTH 17400,CotA,CotA,0.0,3.0,FR/SO Intervention Needed
15711,15711,Registered,ARTH,17400,KC,C,C,ART,SART,202580,FR,ARTH 17400,CotA,CotA,2.0,2.0,FR/SO Intervention Needed
15737,15737,Std Withdrawn,ARTH,17400,KC,W,D+,ART,ID,202580,FR,ARTH 17400,CAED,CotA,1.3,0.0,FR/SO Intervention Needed
15778,15778,Std Withdrawn,ARTH,17400,KC,W,F,ART,FD,202580,JR,ARTH 17400,CotA,CotA,0.0,0.0,JR/SR Intervention Needed
15854,15854,Registered,ARTH,17400,KC,A,F,ART,ARTE,202580,SR,ARTH 17400,CotA,CotA,0.0,4.0,JR/SR Intervention Needed
15890,15890,Std Withdrawn,ARTH,17400,KC,W,C,ART,PHOT,202580,FR,ARTH 17400,CCI,CotA,2.0,0.0,FR/SO Intervention Needed
15864,15864,Registered,ARTH,17400,KC,C,D,ART,ID,202580,FR,ARTH 17400,CAED,CotA,1.0,2.0,FR/SO Intervention Needed
15899,15899,Registered,ARTH,17400,KC,B,C-,ART,FD,202580,SO,ARTH 17400,CotA,CotA,1.7,3.0,FR/SO Intervention Needed
15902,15902,Registered,ARTH,17400,KC,D,C,ART,ID,202580,FR,ARTH 17400,CAED,CotA,2.0,1.0,FR/SO Intervention Needed
15931,15931,Registered,ARTH,17400,KC,F,D,ART,ID,202580,FR,ARTH 17400,CAED,CotA,1.0,0.0,FR/SO Intervention Needed
15934,15934,Registered,ARTH,17400,KC,B-,C,ART,ID,202580,FR,ARTH 17400,CAED,CotA,2.0,2.7,FR/SO Intervention Needed
15938,15938,Registered,ARTH,17400,KC,F,D,ART,ID,202580,FR,ARTH 17400,CAED,CotA,1.0,0.0,FR/SO Intervention Needed
15940,15940,Registered,ARTH,17400,KC,D,C,ART,ID,202580,FR,ARTH 17400,CAED,CotA,2.0,1.0,FR/SO Intervention Needed
15962,15962,Registered,ARTH,17400,KC,B-,D+,ART,FD,202580,FR,ARTH 17400,CotA,CotA,1.3,2.7,FR/SO Intervention Needed
15965,15965,Registered,ARTH,17400,KC,B-,C,ART,ID,202580,FR,ARTH 17400,CAED,CotA,2.0,2.7,FR/SO Intervention Needed
15969,15969,Registered,ARTH,17400,KC,F,F,ART,ADV,202580,SO,ARTH 17400,CCI,CotA,0.0,0.0,FR/SO Intervention Needed
34385,34385,Registered,FDM,12670,KC,C-,C,FDM,FD,202580,FR,FDM 12670,CotA,CotA,2.0,1.7,FR/SO Intervention Needed
34368,34368,Registered,FDM,12670,KC,F,D+,FDM,FM,202580,FR,FDM 12670,CotA,CotA,1.3,0.0,FR/SO Intervention Needed
34370,34370,Std Withdrawn,FDM,12670,KC,W,D,FDM,FD,202580,FR,FDM 12670,CotA,CotA,1.0,0.0,FR/SO Intervention Needed
85100,85100,Registered,VCD,17656,KC,B-,D,VCD,PHOT,202580,SO,VCD 17656,CCI,CCI,1.0,2.7,FR/SO Intervention Needed
34374,34374,Registered,FDM,12670,KC,D,D,FDM,FD,202580,FR,FDM 12670,CotA,CotA,1.0,1.0,FR/SO Intervention Needed
361,361,Registered,AED,22860,KC,C-,F,ARCH,ID,202580,FR,AED 22860,CAED,CAED,0.0,1.7,FR/SO Intervention Needed
362,362,Registered,AED,22860,KC,A-,C,ARCH,ID,202580,SO,AED 22860,CAED,CAED,2.0,3.7,FR/SO Intervention Needed
350,350,Registered,AED,22860,KC,A,C,ARCH,ID,202580,FR,AED 22860,CAED,CAED,2.0,4.0,FR/SO Intervention Needed
353,353,Registered,AED,22860,KC,D,C,ARCH,ID,202580,FR,AED 22860,CAED,CAED,2.0,1.0,FR/SO Intervention Needed
326,326,Registered,AED,22860,KC,B-,D,ARCH,ID,202580,FR,AED 22860,CAED,CAED,1.0,2.7,FR/SO Intervention Needed
335,335,Registered,AED,22860,KC,A-,F,ARCH,ID,202580,FR,AED 22860,CAED,CAED,0.0,3.7,FR/SO Intervention Needed
339,339,Registered,AED,22860,KC,C-,F,ARCH,ID,202580,FR,AED 22860,CAED,CAED,0.0,1.7,FR/SO Intervention Needed
34361,34361,Registered,FDM,12670,KC,B,C,FDM,FD,202580,FR,FDM 12670,CotA,CotA,2.0,3.0,FR/SO Intervention Needed
323,323,Registered,AED,22860,KC,C+,C,ARCH,ID,202580,FR,AED 22860,CAED,CAED,2.0,2.3,FR/SO Intervention Needed
34356,34356,Registered,FDM,12670,KC,B-,C-,FDM,FD,202580,FR,FDM 12670,CotA,CotA,1.7,2.7,FR/SO Intervention Needed
55525,55525,Registered,ID,24050,KC,D,D,ARCH,ID,202580,FR,ID 24050,CAED,CAED,1.0,1.0,FR/SO Intervention Needed
20022,20022,Std Withdrawn,CMGT,16841,KC,W,F,ARCH,COMA,202580,FR,CMGT 16841,CAED,CAED,0.0,0.0,FR/SO Intervention Needed
75069,75069,Registered,MUS,23241,KC,C,C,MUS,DMP,202580,FR,MUS 23241,CCI,CotA,2.0,2.0,FR/SO Intervention Needed
75073,75073,Registered,MUS,23241,KC,B-,C-,MUS,DMP,202580,SO,MUS 23241,CCI,CotA,1.7,2.7,FR/SO Intervention Needed
75217,75217,Registered,MUS,23241,KC,F,D,MUS,FM,202580,SO,MUS 23241,CotA,CotA,1.0,0.0,FR/SO Intervention Needed
75321,75321,Registered,MUS,23241,KC,C,C,MUS,FM,202580,SO,MUS 23241,CotA,CotA,2.0,2.0,FR/SO Intervention Needed
75281,75281,Registered,MUS,23241,KC,D,F,MUS,DMP,202580,SO,MUS 23241,CCI,CotA,0.0,1.0,FR/SO Intervention Needed
75295,75295,Registered,MUS,23241,KC,C,C,MUS,THEA,202580,FR,MUS 23241,CotA,CotA,2.0,2.0,FR/SO Intervention Needed
75350,75350,Std Withdrawn,MUS,23241,KC,W,F,MUS,DMP,202580,JR,MUS 23241,CCI,CotA,0.0,0.0,JR/SR Intervention Needed
75329,75329,Registered,MUS,23241,KC,F,C,MUS,FM,202580,SO,MUS 23241,CotA,CotA,2.0,0.0,FR/SO Intervention Needed
75405,75405,Registered,MUS,23241,KC,C+,D+,MUS,VCD,202580,SO,MUS 23241,CCI,CotA,1.3,2.3,FR/SO Intervention Needed
75396,75396,Registered,MUS,23241,KC,B,D,MUS,VCD,202580,SO,MUS 23241,CCI,CotA,1.0,3.0,FR/SO Intervention Needed
75505,75505,Registered,MUS,23241,KC,C+,C-,MUS,FM,202580,FR,MUS 23241,CotA,CotA,1.7,2.3,FR/SO Intervention Needed
40799,40799,Registered,FDM,24923,KC,B-,D+,FDM,FM,202580,FR,FDM 24923,CotA,CotA,1.3,2.7,FR/SO Intervention Needed
76199,76199,Registered,MUS,22669,KC,F,F,MUS,MUED,202580,FR,MUS 22669,CotA,CotA,0.0,0.0,FR/SO Intervention Needed
76203,76203,Registered,MUS,22669,KC,D+,C-,MUS,MUED,202580,FR,MUS 22669,CotA,CotA,1.7,1.3,FR/SO Intervention Needed
76175,76175,Registered,MUS,22669,KC,D,C,MUS,MUED,202580,FR,MUS 22669,CotA,CotA,2.0,1.0,FR/SO Intervention Needed
76191,76191,Registered,MUS,22669,KC,B-,D,MUS,MUED,202580,FR,MUS 22669,CotA,CotA,1.0,2.7,FR/SO Intervention Needed
76234,76234,Registered,MUS,12459,KC,F,D,MUS,MUED,202580,FR,MUS 12459,CotA,CotA,1.0,0.0,FR/SO Intervention Needed
76173,76173,Registered,MUS,22669,KC,D,C,MUS,MUED,202580,FR,MUS 22669,CotA,CotA,2.0,1.0,FR/SO Intervention Needed
76244,76244,Registered,MUS,12459,KC,C,C,MUS,MUED,202580,SO,MUS 12459,CotA,CotA,2.0,2.0,FR/SO Intervention Needed
76250,76250,Registered,MUS,12459,KC,C,C,MUS,MUED,202580,SO,MUS 12459,CotA,CotA,2.0,2.0,FR/SO Intervention Needed
76189,76189,Registered,MUS,22669,KC,F,C-,MUS,MUS,202580,FR,MUS 22669,CotA,CotA,1.7,0.0,FR/SO Intervention Needed
40766,40766,Registered,FDM,24923,KC,B+,C-,FDM,FD,202580,FR,FDM 24923,CotA,CotA,1.7,3.3,FR/SO Intervention Needed
40787,40787,Registered,FDM,24923,KC,C-,C-,FDM,FD,202580,FR,FDM 24923,CotA,CotA,1.7,1.7,FR/SO Intervention Needed
7058,7058,Never Attended - Failed,ARCH,22860,KC,NF,F,ARCH,ARCH,202580,FR,ARCH 22860,CAED,CAED,0.0,0.0,FR/SO Intervention Needed
40768,40768,Registered,FDM,24923,KC,C,D,FDM,FD,202580,FR,FDM 24923,CotA,CotA,1.0,2.0,FR/SO Intervention Needed
7072,7072,Registered,ARCH,22860,KC,C-,F,ARCH,ARCH,202580,FR,ARCH 22860,CAED,CAED,0.0,1.7,FR/SO Intervention Needed
7055,7055,Registered,ARCH,22860,KC,F,F,ARCH,ARCH,202580,SO,ARCH 22860,CAED,CAED,0.0,0.0,FR/SO Intervention Needed
7013,7013,Registered,ARCH,22860,KC,D,C-,ARCH,ARCH,202580,FR,ARCH 22860,CAED,CAED,1.7,1.0,FR/SO Intervention Needed
7050,7050,Registered,ARCH,22860,KC,D+,F,ARCH,ARCH,202580,FR,ARCH 22860,CAED,CAED,0.0,1.3,FR/SO Intervention Needed
6979,6979,Stopped Attending - Failed,ARCH,22860,KC,SF,SF,ARCH,ARCH,202580,SO,ARCH 22860,CAED,CAED,0.0,0.0,FR/SO Intervention Needed
7021,7021,Registered,ARCH,22860,KC,C+,C-,ARCH,ARCH,202580,SO,ARCH 22860,CAED,CAED,1.7,2.3,FR/SO Intervention Needed
6986,6986,Registered,ARCH,22860,KC,B+,D+,ARCH,ARCH,202580,FR,ARCH 22860,CAED,CAED,1.3,3.3,FR/SO Intervention Needed
6988,6988,Std Withdrawn,ARCH,22860,KC,W,F,ARCH,ARCH,202580,FR,ARCH 22860,CAED,CAED,0.0,0.0,FR/SO Intervention Needed
6961,6961,Registered,ARCH,22860,KC,F,F,ARCH,ARCH,202580,FR,ARCH 22860,CAED,CAED,0.0,0.0,FR/SO Intervention Needed
6967,6967,Registered,ARCH,22860,KC,C+,C-,ARCH,ARCH,202580,FR,ARCH 22860,CAED,CAED,1.7,2.3,FR/SO Intervention Needed
6944,6944,Registered,ARCH,22860,KC,B-,C,ARCH,ARCH,202580,FR,ARCH 22860,CAED,CAED,2.0,2.7,FR/SO Intervention Needed
6956,6956,Registered,ARCH,22860,KC,D+,D+,ARCH,ARCH,202580,FR,ARCH 22860,CAED,CAED,1.3,1.3,FR/SO Intervention Needed
40750,40750,Registered,FDM,24923,KC,B,C,FDM,FM,202580,SO,FDM 24923,CotA,CotA,2.0,3.0,FR/SO Intervention Needed
40752,40752,Registered,FDM,24923,KC,F,F,FDM,FD,202580,JR,FDM 24923,CotA,CotA,0.0,0.0,JR/SR Intervention Needed
40753,40753,Std Withdrawn,FDM,24923,KC,W,F,FDM,FD,202580,SO,FDM 24923,CotA,CotA,0.0,0.0,FR/SO Intervention Needed
40732,40732,Registered,FDM,24923,KC,C,C,FDM,FD,202580,FR,FDM 24923,CotA,CotA,2.0,2.0,FR/SO Intervention Needed
40709,40709,Registered,FDM,24923,KC,B,C,FDM,FD,202580,FR,FDM 24923,CotA,CotA,2.0,3.0,FR/SO Intervention Needed
40717,40717,Std Withdrawn,FDM,24923,KC,W,D+,FDM,FD,202580,SO,FDM 24923,CotA,CotA,1.3,0.0,FR/SO Intervention Needed
40723,40723,Registered,FDM,24923,KC,A,D,FDM,FD,202580,FR,FDM 24923,CotA,CotA,1.0,4.0,FR/SO Intervention Needed
40693,40693,Registered,FDM,24923,KC,F,D+,FDM,FD,202580,FR,FDM 24923,CotA,CotA,1.3,0.0,FR/SO Intervention Needed
40681,40681,Registered,FDM,24923,KC,F,D+,FDM,FD,202580,FR,FDM 24923,CotA,CotA,1.3,0.0,FR/SO Intervention Needed
40686,40686,Registered,FDM,24923,KC,B-,C,FDM,FM,202580,SO,FDM 24923,CotA,CotA,2.0,2.7,FR/SO Intervention Needed
40660,40660,Registered,FDM,24923,KC,B-,F,FDM,FM,202580,SO,FDM 24923,CotA,CotA,0.0,2.7,FR/SO Intervention Needed
40664,40664,Registered,FDM,24923,KC,D,C,FDM,FM,202580,SO,FDM 24923,CotA,CotA,2.0,1.0,FR/SO Intervention Needed
40667,40667,Registered,FDM,24923,KC,C-,C,FDM,FD,202580,SO,FDM 24923,CotA,CotA,2.0,1.7,FR/SO Intervention Needed
40674,40674,Registered,FDM,24923,KC,C,C-,FDM,FM,202580,SO,FDM 24923,CotA,CotA,1.7,2.0,FR/SO Intervention Needed
40647,40647,Registered,FDM,24923,KC,D,C,FDM,FM,202580,SO,FDM 24923,CotA,CotA,2.0,1.0,FR/SO Intervention Needed
40649,40649,Registered,FDM,24923,KC,D+,F,FDM,FM,202580,FR,FDM 24923,CotA,CotA,0.0,1.3,FR/SO Intervention Needed
40658,40658,Registered,FDM,24923,KC,A-,D,FDM,FM,202580,SO,FDM 24923,CotA,CotA,1.0,3.7,FR/SO Intervention Needed
40631,40631,Registered,FDM,24923,KC,C,C,FDM,FM,202580,SO,FDM 24923,CotA,CotA,2.0,2.0,FR/SO Intervention Needed
40637,40637,Registered,FDM,24923,KC,F,F,FDM,FM,202580,SO,FDM 24923,CotA,CotA,0.0,0.0,FR/SO Intervention Needed
40639,40639,Registered,FDM,24923,KC,F,D,FDM,FM,202580,SO,FDM 24923,CotA,CotA,1.0,0.0,FR/SO Intervention Needed
40642,40642,Registered,FDM,24923,KC,C+,C,FDM,FM,202580,SO,FDM 24923,CotA,CotA,2.0,2.3,FR/SO Intervention Needed
40608,40608,Registered,FDM,24923,KC,B+,C,FDM,FM,202580,SO,FDM 24923,CotA,CotA,2.0,3.3,FR/SO Intervention Needed
76995,76995,Registered,THEA,10321,KC,B-,C,THDN,MUT,202580,FR,THEA 10321,CotA,CotA,2.0,2.7,FR/SO Intervention Needed
76991,76991,Stopped Attending - Failed,THEA,10321,KC,SF,F,THDN,MUT,202580,FR,THEA 10321,CotA,CotA,0.0,0.0,FR/SO Intervention Needed
76994,76994,Registered,THEA,10321,KC,C,C-,THDN,MUT,202580,SO,THEA 10321,CotA,CotA,1.7,2.0,FR/SO Intervention Needed
76982,76982,Stopped Attending - Failed,THEA,10321,KC,SF,F,THDN,MUT,202580,FR,THEA 10321,CotA,CotA,0.0,0.0,FR/SO Intervention Needed
17152,17152,Registered,ARTS,28507,KC,C,F,ART,ARTE,202580,FR,ARTS 28507,CotA,CotA,0.0,2.0,FR/SO Intervention Needed
17164,17164,Registered,ARTS,28507,KC,B,C,ART,SART,202580,FR,ARTS 28507,CotA,CotA,2.0,3.0,FR/SO Intervention Needed
17168,17168,Registered,ARTS,28507,KC,B,C,ART,SART,202580,FR,ARTS 28507,CotA,CotA,2.0,3.0,FR/SO Intervention Needed
17142,17142,Registered,ARTS,28507,KC,C,F,ART,ARTE,202580,FR,ARTS 28507,CotA,CotA,0.0,2.0,FR/SO Intervention Needed
17143,17143,Registered,ARTS,28507,KC,C-,D,ART,ARTE,202580,FR,ARTS 28507,CotA,CotA,1.0,1.7,FR/SO Intervention Needed
17145,17145,Registered,ARTS,28507,KC,B-,D,ART,SART,202580,FR,ARTS 28507,CotA,CotA,1.0,2.7,FR/SO Intervention Needed
17198,17198,Registered,ARTS,28507,KC,B-,D+,ART,DMP,202580,SO,ARTS 28507,CCI,CotA,1.3,2.7,FR/SO Intervention Needed
17176,17176,Registered,ARTS,28507,KC,F,F,ART,SART,202580,FR,ARTS 28507,CotA,CotA,0.0,0.0,FR/SO Intervention Needed
77175,77175,Registered,THEA,29275,KC,C-,C,THDN,TDTP,202580,FR,THEA 29275,CotA,CotA,2.0,1.7,FR/SO Intervention Needed
77208,77208,Registered,THEA,29275,KC,F,D,THDN,THEA,202580,FR,THEA 29275,CotA,CotA,1.0,0.0,FR/SO Intervention Needed
77220,77220,Registered,THEA,29275,KC,C+,C,THDN,TDTP,202580,FR,THEA 29275,CotA,CotA,2.0,2.3,FR/SO Intervention Needed
77169,77169,Std Withdrawn,THEA,29275,KC,W,F,THDN,MUT,202580,FR,THEA 29275,CotA,CotA,0.0,0.0,FR/SO Intervention Needed
77206,77206,Registered,THEA,29275,KC,C,C-,THDN,TDTP,202580,FR,THEA 29275,CotA,CotA,1.7,2.0,FR/SO Intervention Needed
77184,77184,Registered,THEA,29275,KC,F,D+,THDN,TDTP,202580,FR,THEA 29275,CotA,CotA,1.3,0.0,FR/SO Intervention Needed
77214,77214,Registered,THEA,29275,KC,B,C,THDN,TDTP,202580,FR,THEA 29275,CotA,CotA,2.0,3.0,FR/SO Intervention Needed
77221,77221,Registered,THEA,29275,KC,F,F,THDN,MUT,202580,FR,THEA 29275,CotA,CotA,0.0,0.0,FR/SO Intervention Needed
5850,5850,Registered,ARCH,11467,KC,C,D+,ARCH,ARCH,202580,SO,ARCH 11467,CAED,CAED,1.3,2.0,FR/SO Intervention Needed
5860,5860,Registered,ARCH,11467,KC,C,F,ARCH,ID,202580,SO,ARCH 11467,CAED,CAED,0.0,2.0,FR/SO Intervention Needed
5833,5833,Registered,ARCH,11467,KC,F,F,ARCH,ARCH,202580,FR,ARCH 11467,CAED,CAED,0.0,0.0,FR/SO Intervention Needed
5845,5845,Registered,ARCH,11467,KC,C,C,ARCH,ARCH,202580,SO,ARCH 11467,CAED,CAED,2.0,2.0,FR/SO Intervention Needed
5839,5839,Registered,ARCH,11467,KC,D,D,ARCH,ID,202580,SO,ARCH 11467,CAED,CAED,1.0,1.0,FR/SO Intervention Needed
5809,5809,Registered,ARCH,11467,KC,A,F,ARCH,ID,202580,SO,ARCH 11467,CAED,CAED,0.0,4.0,FR/SO Intervention Needed
5776,5776,Registered,ARCH,11467,KC,C,D,ARCH,ARCH,202580,FR,ARCH 11467,CAED,CAED,1.0,2.0,FR/SO Intervention Needed
5780,5780,Registered,ARCH,11467,KC,B,C-,ARCH,ID,202580,SO,ARCH 11467,CAED,CAED,1.7,3.0,FR/SO Intervention Needed
5745,5745,Registered,ARCH,11467,KC,F,F,ARCH,ID,202580,JR,ARCH 11467,CAED,CAED,0.0,0.0,JR/SR Intervention Needed
5766,5766,Registered,ARCH,11467,KC,B+,F,ARCH,ARCH,202580,FR,ARCH 11467,CAED,CAED,0.0,3.3,FR/SO Intervention Needed
5768,5768,Registered,ARCH,11467,KC,C+,C,ARCH,ARCH,202580,FR,ARCH 11467,CAED,CAED,2.0,2.3,FR/SO Intervention Needed
5744,5744,Std Withdrawn,ARCH,11467,KC,W,F,ARCH,VCD,202580,JR,ARCH 11467,CCI,CAED,0.0,0.0,JR/SR Intervention Needed
5737,5737,Registered,ARCH,11467,KC,C,C-,ARCH,ARCH,202580,FR,ARCH 11467,CAED,CAED,1.7,2.0,FR/SO Intervention Needed
77497,77497,Registered,THEA,28661,KC,C+,C,THDN,TDTP,202580,SO,THEA 28661,CotA,CotA,2.0,2.3,FR/SO Intervention Needed
77500,77500,Registered,THEA,28661,KC,F,C,THDN,TDTP,202580,FR,THEA 28661,CotA,CotA,2.0,0.0,FR/SO Intervention Needed
77516,77516,Registered,THEA,20655,KC,F,F,THDN,FM,202580,JR,THEA 20655,CotA,CotA,0.0,0.0,JR/SR Intervention Needed
77522,77522,Registered,THEA,20655,KC,B+,C,THDN,TDTP,202580,FR,THEA 20655,CotA,CotA,2.0,3.3,FR/SO Intervention Needed
47262,47262,Registered,FDM,11617,KC,,D+,FDM,FM,202610,FR,FDM 11617,CotA,CotA,1.3,,FR/SO Intervention Needed
47283,47283,Registered,FDM,11617,KC,,D+,FDM,FM,202610,FR,FDM 11617,CotA,CotA,1.3,,FR/SO Intervention Needed
47288,47288,Registered,FDM,11617,KC,,F,FDM,FM,202610,FR,FDM 11617,CotA,CotA,0.0,,FR/SO Intervention Needed
47271,47271,Registered,FDM,11617,KC,,D+,FDM,FM,202610,FR,FDM 11617,CotA,CotA,1.3,,FR/SO Intervention Needed
13548,13548,Registered,ARTH,12842,KC,,F,ART,FD,202610,SO,ARTH 12842,CotA,CotA,0.0,,FR/SO Intervention Needed
13553,13553,Registered,ARTH,12842,KC,,F,ART,FD,202610,SO,ARTH 12842,CotA,CotA,0.0,,FR/SO Intervention Needed
13532,13532,Registered,ARTH,12842,KC,,D+,ART,COMM,202610,SO,ARTH 12842,CCI,CotA,1.3,,FR/SO Intervention Needed
13533,13533,Std Withdrawn,ARTH,12842,KC,W,D,ART,FD,202610,FR,ARTH 12842,CotA,CotA,1.0,0.0,FR/SO Intervention Needed
13522,13522,Registered,ARTH,12842,KC,,F,ART,FD,202610,FR,ARTH 12842,CotA,CotA,0.0,,FR/SO Intervention Needed
13488,13488,Registered,ARTH,12842,KC,,F,ART,ARTH,202610,SO,ARTH 12842,CotA,CotA,0.0,,FR/SO Intervention Needed
13451,13451,Registered,ARTH,12842,KC,,F,ART,ARTE,202610,FR,ARTH 12842,CotA,CotA,0.0,,FR/SO Intervention Needed
13455,13455,Registered,ARTH,12842,KC,,D+,ART,FD,202610,FR,ARTH 12842,CotA,CotA,1.3,,FR/SO Intervention Needed
13436,13436,Registered,ARTH,12842,KC,,F,ART,FD,202610,FR,ARTH 12842,CotA,CotA,0.0,,FR/SO Intervention Needed
13479,13479,Registered,ARTH,12842,KC,,F,ART,PHOT,202610,FR,ARTH 12842,CCI,CotA,0.0,,FR/SO Intervention Needed
13480,13480,Registered,ARTH,12842,KC,,D,ART,TDTP,202610,SO,ARTH 12842,CotA,CotA,1.0,,FR/SO Intervention Needed
13424,13424,Registered,ARTH,12842,KC,,F,ART,ARTE,202610,FR,ARTH 12842,CotA,CotA,0.0,,FR/SO Intervention Needed
13402,13402,Registered,ARTH,12842,KC,,F,ART,FD,202610,SO,ARTH 12842,CotA,CotA,0.0,,FR/SO Intervention Needed
13407,13407,Registered,ARTH,12842,KC,,F,ART,FD,202610,FR,ARTH 12842,CotA,CotA,0.0,,FR/SO Intervention Needed
13386,13386,Registered,ARTH,12842,KC,,F,ART,FD,202610,FR,ARTH 12842,CotA,CotA,0.0,,FR/SO Intervention Needed
13388,13388,Std Withdrawn,ARTH,12842,KC,W,F,ART,SART,202610,SR,ARTH 12842,CotA,CotA,0.0,0.0,JR/SR Intervention Needed
13391,13391,Registered,ARTH,12842,KC,,D,ART,FD,202610,FR,ARTH 12842,CotA,CotA,1.0,,FR/SO Intervention Needed
47249,47249,Registered,FDM,11617,KC,,F,FDM,FM,202610,FR,FDM 11617,CotA,CotA,0.0,,FR/SO Intervention Needed
47232,47232,Registered,FDM,11617,KC,,F,FDM,FD,202610,FR,FDM 11617,CotA,CotA,0.0,,FR/SO Intervention Needed
47234,47234,Registered,FDM,11617,KC,,D,FDM,FD,202610,FR,FDM 11617,CotA,CotA,1.0,,FR/SO Intervention Needed
47215,47215,Std Withdrawn,FDM,11617,KC,W,F,FDM,FD,202610,FR,FDM 11617,CotA,CotA,0.0,0.0,FR/SO Intervention Needed
47217,47217,Std Withdrawn,FDM,11617,KC,W,F,FDM,FD,202610,FR,FDM 11617,CotA,CotA,0.0,0.0,FR/SO Intervention Needed
47218,47218,Registered,FDM,11617,KC,,D+,FDM,FM,202610,FR,FDM 11617,CotA,CotA,1.3,,FR/SO Intervention Needed
47223,47223,Registered,FDM,11617,KC,,F,FDM,FM,202610,FR,FDM 11617,CotA,CotA,0.0,,FR/SO Intervention Needed
47172,47172,Registered,FDM,11617,KC,,F,FDM,FM,202610,JR,FDM 11617,CotA,CotA,0.0,,JR/SR Intervention Needed
47151,47151,Registered,FDM,11617,KC,,D+,FDM,FD,202610,SO,FDM 11617,CotA,CotA,1.3,,FR/SO Intervention Needed
47153,47153,Registered,FDM,11617,KC,,F,FDM,FD,202610,FR,FDM 11617,CotA,CotA,0.0,,FR/SO Intervention Needed
47156,47156,Registered,FDM,11617,KC,,F,FDM,FM,202610,FR,FDM 11617,CotA,CotA,0.0,,FR/SO Intervention Needed
47158,47158,Registered,FDM,11617,KC,,F,FDM,FD,202610,FR,FDM 11617,CotA,CotA,0.0,,FR/SO Intervention Needed
47142,47142,Registered,FDM,11617,KC,,F,FDM,FM,202610,FR,FDM 11617,CotA,CotA,0.0,,FR/SO Intervention Needed
47162,47162,Std Withdrawn,FDM,11617,KC,W,F,FDM,FM,202610,FR,FDM 11617,CotA,CotA,0.0,0.0,FR/SO Intervention Needed
47146,47146,Registered,FDM,11617,KC,,D+,FDM,FM,202610,FR,FDM 11617,CotA,CotA,1.3,,FR/SO Intervention Needed
47112,47112,Registered,FDM,11617,KC,,D+,FDM,FD,202610,FR,FDM 11617,CotA,CotA,1.3,,FR/SO Intervention Needed
47100,47100,Registered,FDM,11617,KC,,F,FDM,FM,202610,FR,FDM 11617,CotA,CotA,0.0,,FR/SO Intervention Needed
65026,65026,Registered,MDJ,22796,KC,,F,MDJ,DMP,202610,SO,MDJ 22796,CCI,CCI,0.0,,FR/SO Intervention Needed
66040,66040,Registered,MDJ,28984,KC,,D,MDJ,ADV,202610,SO,MDJ 28984,CCI,CCI,1.0,,FR/SO Intervention Needed
66041,66041,Registered,MDJ,28984,KC,,D,MDJ,PR,202610,FR,MDJ 28984,CCI,CCI,1.0,,FR/SO Intervention Needed
66046,66046,Registered,MDJ,28984,KC,,D,MDJ,FM,202610,SO,MDJ 28984,CotA,CCI,1.0,,FR/SO Intervention Needed
66108,66108,Registered,MDJ,28984,KC,,F,MDJ,PR,202610,FR,MDJ 28984,CCI,CCI,0.0,,FR/SO Intervention Needed
66080,66080,Registered,MDJ,28984,KC,,F,MDJ,FM,202610,JR,MDJ 28984,CotA,CCI,0.0,,JR/SR Intervention Needed
66130,66130,Registered,MDJ,28984,KC,,D+,MDJ,FM,202610,SO,MDJ 28984,CotA,CCI,1.3,,FR/SO Intervention Needed
66112,66112,Registered,MDJ,28984,KC,,F,MDJ,PR,202610,FR,MDJ 28984,CCI,CCI,0.0,,FR/SO Intervention Needed
66118,66118,Registered,MDJ,28984,KC,,F,MDJ,FM,202610,SO,MDJ 28984,CotA,CCI,0.0,,FR/SO Intervention Needed
66128,66128,Registered,MDJ,28984,KC,,F,MDJ,FM,202610,JR,MDJ 28984,CotA,CCI,0.0,,JR/SR Intervention Needed
65051,65051,Registered,MDJ,22796,KC,,F,MDJ,DMP,202610,JR,MDJ 22796,CCI,CCI,0.0,,JR/SR Intervention Needed
65028,65028,Std Withdrawn,MDJ,22796,KC,W,F,MDJ,DMP,202610,JR,MDJ 22796,CCI,CCI,0.0,0.0,JR/SR Intervention Needed
65035,65035,Registered,MDJ,22796,KC,,F,MDJ,DMP,202610,JR,MDJ 22796,CCI,CCI,0.0,,JR/SR Intervention Needed
66375,66375,Registered,MDJ,25865,KC,,D,MDJ,JNL,202610,FR,MDJ 25865,CCI,CCI,1.0,,FR/SO Intervention Needed
66376,66376,Registered,MDJ,25865,KC,,D,MDJ,JNL,202610,SO,MDJ 25865,CCI,CCI,1.0,,FR/SO Intervention Needed
66405,66405,Std Withdrawn,MDJ,25865,KC,W,F,MDJ,PR,202610,SO,MDJ 25865,CCI,CCI,0.0,0.0,FR/SO Intervention Needed
48090,48090,Registered,FDM,12681,KC,,D+,FDM,FD,202610,SO,FDM 12681,CotA,CotA,1.3,,FR/SO Intervention Needed
48092,48092,Registered,FDM,12681,KC,,F,FDM,FD,202610,SO,FDM 12681,CotA,CotA,0.0,,FR/SO Intervention Needed
48102,48102,Std Withdrawn,FDM,12681,KC,W,F,FDM,FD,202610,FR,FDM 12681,CotA,CotA,0.0,0.0,FR/SO Intervention Needed
48104,48104,Registered,FDM,12681,KC,,F,FDM,FD,202610,FR,FDM 12681,CotA,CotA,0.0,,FR/SO Intervention Needed
48106,48106,Registered,FDM,12681,KC,,F,FDM,FD,202610,FR,FDM 12681,CotA,CotA,0.0,,FR/SO Intervention Needed
48107,48107,Registered,FDM,12681,KC,,F,FDM,FD,202610,SO,FDM 12681,CotA,CotA,0.0,,FR/SO Intervention Needed
48108,48108,Registered,FDM,12681,KC,,D,FDM,FD,202610,SO,FDM 12681,CotA,CotA,1.0,,FR/SO Intervention Needed
48116,48116,Registered,FDM,12681,KC,,D,FDM,FD,202610,FR,FDM 12681,CotA,CotA,1.0,,FR/SO Intervention Needed
66639,66639,Std Withdrawn,MDJ,21449,KC,W,F,MDJ,PR,202610,JR,MDJ 21449,CCI,CCI,0.0,0.0,JR/SR Intervention Needed
66641,66641,Registered,MDJ,21449,KC,,D,MDJ,JNL,202610,SO,MDJ 21449,CCI,CCI,1.0,,FR/SO Intervention Needed
48122,48122,Registered,FDM,12681,KC,,D+,FDM,FD,202610,FR,FDM 12681,CotA,CotA,1.3,,FR/SO Intervention Needed
48130,48130,Registered,FDM,12681,KC,,F,FDM,FD,202610,SO,FDM 12681,CotA,CotA,0.0,,FR/SO Intervention Needed
48149,48149,Registered,FDM,12681,KC,,F,FDM,FD,202610,SO,FDM 12681,CotA,CotA,0.0,,FR/SO Intervention Needed
48155,48155,Registered,FDM,12681,KC,,D,FDM,FD,202610,SO,FDM 12681,CotA,CotA,1.0,,FR/SO Intervention Needed
48129,48129,Registered,FDM,12681,KC,,D,FDM,FD,202610,SO,FDM 12681,CotA,CotA,1.0,,FR/SO Intervention Needed
48167,48167,Registered,FDM,12681,KC,,D+,FDM,FD,202610,FR,FDM 12681,CotA,CotA,1.3,,FR/SO Intervention Needed
48168,48168,Registered,FDM,12681,KC,,D,FDM,FD,202610,FR,FDM 12681,CotA,CotA,1.0,,FR/SO Intervention Needed
48187,48187,Registered,FDM,12681,KC,,D+,FDM,FD,202610,FR,FDM 12681,CotA,CotA,1.3,,FR/SO Intervention Needed
48191,48191,Registered,FDM,12681,KC,,F,FDM,FD,202610,FR,FDM 12681,CotA,CotA,0.0,,FR/SO Intervention Needed
64708,64708,Registered,MDJ,20627,KC,,F,MDJ,DMP,202610,FR,MDJ 20627,CCI,CCI,0.0,,FR/SO Intervention Needed
64675,64675,Registered,MDJ,20627,KC,,F,MDJ,DMP,202610,SO,MDJ 20627,CCI,CCI,0.0,,FR/SO Intervention Needed
64658,64658,Registered,MDJ,20627,KC,,F,MDJ,DMP,202610,SO,MDJ 20627,CCI,CCI,0.0,,FR/SO Intervention Needed
64697,64697,Registered,MDJ,20627,KC,,F,MDJ,DMP,202610,SO,MDJ 20627,CCI,CCI,0.0,,FR/SO Intervention Needed
64654,64654,Registered,MDJ,20627,KC,,D,MDJ,DMP,202610,SO,MDJ 20627,CCI,CCI,1.0,,FR/SO Intervention Needed
48810,48810,Registered,FDM,29003,KC,,F,FDM,FM,202610,JR,FDM 29003,CotA,CotA,0.0,,JR/SR Intervention Needed
48823,48823,Registered,FDM,29003,KC,,F,FDM,FD,202610,JR,FDM 29003,CotA,CotA,0.0,,JR/SR Intervention Needed
48828,48828,Registered,FDM,29003,KC,,F,FDM,FD,202610,SO,FDM 29003,CotA,CotA,0.0,,FR/SO Intervention Needed
48842,48842,Registered,FDM,29003,KC,,F,FDM,FD,202610,SO,FDM 29003,CotA,CotA,0.0,,FR/SO Intervention Needed
48891,48891,Registered,FDM,29003,KC,,D,FDM,FD,202610,SO,FDM 29003,CotA,CotA,1.0,,FR/SO Intervention Needed
48898,48898,Registered,FDM,29003,KC,,F,FDM,FD,202610,JR,FDM 29003,CotA,CotA,0.0,,JR/SR Intervention Needed
48877,48877,Registered,FDM,29003,KC,,F,FDM,FD,202610,SO,FDM 29003,CotA,CotA,0.0,,FR/SO Intervention Needed
49570,49570,Registered,FDM,20907,KC,,F,FDM,FM,202610,SO,FDM 20907,CotA,CotA,0.0,,FR/SO Intervention Needed
67394,67394,Registered,MUS,10469,KC,,D,MUS,MUED,202610,FR,MUS 10469,CotA,CotA,1.0,,FR/SO Intervention Needed
67423,67423,Registered,MUS,10469,KC,,D+,MUS,MUED,202610,FR,MUS 10469,CotA,CotA,1.3,,FR/SO Intervention Needed
67399,67399,Registered,MUS,10469,KC,,F,MUS,MUED,202610,SO,MUS 10469,CotA,CotA,0.0,,FR/SO Intervention Needed
67412,67412,Registered,MUS,10469,KC,,F,MUS,MUS,202610,JR,MUS 10469,CotA,CotA,0.0,,JR/SR Intervention Needed
67433,67433,Registered,MUS,10469,KC,,F,MUS,MUS,202610,FR,MUS 10469,CotA,CotA,0.0,,FR/SO Intervention Needed
49600,49600,Registered,FDM,20907,KC,,F,FDM,FM,202610,SO,FDM 20907,CotA,CotA,0.0,,FR/SO Intervention Needed
49611,49611,Registered,FDM,20907,KC,,F,FDM,FM,202610,SO,FDM 20907,CotA,CotA,0.0,,FR/SO Intervention Needed
49615,49615,Registered,FDM,20907,KC,,F,FDM,FM,202610,SO,FDM 20907,CotA,CotA,0.0,,FR/SO Intervention Needed
49620,49620,Registered,FDM,20907,KC,,F,FDM,FM,202610,SO,FDM 20907,CotA,CotA,0.0,,FR/SO Intervention Needed
49647,49647,Registered,FDM,20907,KC,,F,FDM,FM,202610,JR,FDM 20907,CotA,CotA,0.0,,JR/SR Intervention Needed
49654,49654,Registered,FDM,20907,KC,,F,FDM,FD,202610,SO,FDM 20907,CotA,CotA,0.0,,FR/SO Intervention Needed
49655,49655,Registered,FDM,20907,KC,,D,FDM,FM,202610,SO,FDM 20907,CotA,CotA,1.0,,FR/SO Intervention Needed
67550,67550,Registered,MUS,20682,KC,,F,MUS,MUED,202610,SR,MUS 20682,CotA,CotA,0.0,,JR/SR Intervention Needed
67563,67563,Registered,MUS,20682,KC,,F,MUS,MUT,202610,JR,MUS 20682,CotA,CotA,0.0,,JR/SR Intervention Needed
67567,67567,Registered,MUS,20682,KC,,F,MUS,MUT,202610,JR,MUS 20682,CotA,CotA,0.0,,JR/SR Intervention Needed
67586,67586,Registered,MUS,20682,KC,,D+,MUS,MUT,202610,FR,MUS 20682,CotA,CotA,1.3,,FR/SO Intervention Needed
67574,67574,Registered,MUS,20682,KC,,F,MUS,MUT,202610,FR,MUS 20682,CotA,CotA,0.0,,FR/SO Intervention Needed
67575,67575,Std Withdrawn,MUS,20682,KC,W,F,MUS,MUT,202610,FR,MUS 20682,CotA,CotA,0.0,0.0,FR/SO Intervention Needed
67610,67610,Registered,MUS,20682,KC,,F,MUS,MUS,202610,SO,MUS 20682,CotA,CotA,0.0,,FR/SO Intervention Needed
67623,67623,Registered,MUS,20682,KC,,F,MUS,MUT,202610,JR,MUS 20682,CotA,CotA,0.0,,JR/SR Intervention Needed
67692,67692,Registered,MUS,11618,KC,,F,MUS,MUED,202610,JR,MUS 11618,CotA,CotA,0.0,,JR/SR Intervention Needed
67677,67677,Registered,MUS,11618,KC,,D+,MUS,MUED,202610,FR,MUS 11618,CotA,CotA,1.3,,FR/SO Intervention Needed
67682,67682,Registered,MUS,11618,KC,,F,MUS,MUED,202610,SR,MUS 11618,CotA,CotA,0.0,,JR/SR Intervention Needed
63793,63793,Registered,MDJ,13358,KC,,F,MDJ,DMP,202610,FR,MDJ 13358,CCI,CCI,0.0,,FR/SO Intervention Needed
67705,67705,Registered,MUS,11618,KC,,D,MUS,MUED,202610,FR,MUS 11618,CotA,CotA,1.0,,FR/SO Intervention Needed
67695,67695,Registered,MUS,11618,KC,,F,MUS,MUED,202610,JR,MUS 11618,CotA,CotA,0.0,,JR/SR Intervention Needed
63754,63754,Registered,MDJ,13358,KC,,F,MDJ,DMP,202610,FR,MDJ 13358,CCI,CCI,0.0,,FR/SO Intervention Needed
63787,63787,Registered,MDJ,13358,KC,,F,MDJ,DMP,202610,FR,MDJ 13358,CCI,CCI,0.0,,FR/SO Intervention Needed
67709,67709,Registered,MUS,11618,KC,,D,MUS,MUED,202610,FR,MUS 11618,CotA,CotA,1.0,,FR/SO Intervention Needed
63749,63749,Std Withdrawn,MDJ,13358,KC,W,F,MDJ,DMP,202610,SO,MDJ 13358,CCI,CCI,0.0,0.0,FR/SO Intervention Needed
45679,45679,Registered,FDM,13023,KC,,F,FDM,FM,202610,FR,FDM 13023,CotA,CotA,0.0,,FR/SO Intervention Needed
63707,63707,Registered,MDJ,13358,KC,,F,MDJ,DMP,202610,JR,MDJ 13358,CCI,CCI,0.0,,JR/SR Intervention Needed
45662,45662,Registered,FDM,13023,KC,,F,FDM,FM,202610,SO,FDM 13023,CotA,CotA,0.0,,FR/SO Intervention Needed
45665,45665,Registered,FDM,13023,KC,,F,FDM,FD,202610,FR,FDM 13023,CotA,CotA,0.0,,FR/SO Intervention Needed
45673,45673,Registered,FDM,13023,KC,,F,FDM,FM,202610,JR,FDM 13023,CotA,CotA,0.0,,JR/SR Intervention Needed
45656,45656,Registered,FDM,13023,KC,,F,FDM,FD,202610,FR,FDM 13023,CotA,CotA,0.0,,FR/SO Intervention Needed
45645,45645,Registered,FDM,13023,KC,,D,FDM,FD,202610,FR,FDM 13023,CotA,CotA,1.0,,FR/SO Intervention Needed
45623,45623,Registered,FDM,13023,KC,,D,FDM,FM,202610,FR,FDM 13023,CotA,CotA,1.0,,FR/SO Intervention Needed
45624,45624,Registered,FDM,13023,KC,,F,FDM,FM,202610,FR,FDM 13023,CotA,CotA,0.0,,FR/SO Intervention Needed
45605,45605,Registered,FDM,13023,KC,,D,FDM,FD,202610,FR,FDM 13023,CotA,CotA,1.0,,FR/SO Intervention Needed
45641,45641,Registered,FDM,13023,KC,,F,FDM,FD,202610,FR,FDM 13023,CotA,CotA,0.0,,FR/SO Intervention Needed
45598,45598,Registered,FDM,13023,KC,,D,FDM,FM,202610,FR,FDM 13023,CotA,CotA,1.0,,FR/SO Intervention Needed
68002,68002,Registered,MUS,28740,KC,,F,MUS,MUED,202610,JR,MUS 28740,CotA,CotA,0.0,,JR/SR Intervention Needed
45574,45574,Registered,FDM,13023,KC,,F,FDM,FM,202610,SO,FDM 13023,CotA,CotA,0.0,,FR/SO Intervention Needed
45577,45577,Registered,FDM,13023,KC,,D+,FDM,FM,202610,FR,FDM 13023,CotA,CotA,1.3,,FR/SO Intervention Needed
45557,45557,Registered,FDM,13023,KC,,D,FDM,FD,202610,SO,FDM 13023,CotA,CotA,1.0,,FR/SO Intervention Needed
45595,45595,Registered,FDM,13023,KC,,F,FDM,FM,202610,SO,FDM 13023,CotA,CotA,0.0,,FR/SO Intervention Needed
45541,45541,Registered,FDM,13023,KC,,D+,FDM,FD,202610,FR,FDM 13023,CotA,CotA,1.3,,FR/SO Intervention Needed
45544,45544,Registered,FDM,13023,KC,,F,FDM,FM,202610,SO,FDM 13023,CotA,CotA,0.0,,FR/SO Intervention Needed
45546,45546,Registered,FDM,13023,KC,,F,FDM,FM,202610,SO,FDM 13023,CotA,CotA,0.0,,FR/SO Intervention Needed
45526,45526,Registered,FDM,13023,KC,,F,FDM,FM,202610,FR,FDM 13023,CotA,CotA,0.0,,FR/SO Intervention Needed
45536,45536,Registered,FDM,13023,KC,,F,FDM,FM,202610,SO,FDM 13023,CotA,CotA,0.0,,FR/SO Intervention Needed
45507,45507,Registered,FDM,13023,KC,,D,FDM,FD,202610,FR,FDM 13023,CotA,CotA,1.0,,FR/SO Intervention Needed
45510,45510,Registered,FDM,13023,KC,,F,FDM,FM,202610,FR,FDM 13023,CotA,CotA,0.0,,FR/SO Intervention Needed
45511,45511,Registered,FDM,13023,KC,,F,FDM,FM,202610,FR,FDM 13023,CotA,CotA,0.0,,FR/SO Intervention Needed
45493,45493,Registered,FDM,13023,KC,,F,FDM,FM,202610,FR,FDM 13023,CotA,CotA,0.0,,FR/SO Intervention Needed
45516,45516,Registered,FDM,13023,KC,,D,FDM,FD,202610,SO,FDM 13023,CotA,CotA,1.0,,FR/SO Intervention Needed
50299,50299,Registered,FDM,27868,KC,,F,FDM,FD,202610,SO,FDM 27868,CotA,CotA,0.0,,FR/SO Intervention Needed
50271,50271,Registered,FDM,27868,KC,,F,FDM,FD,202610,SO,FDM 27868,CotA,CotA,0.0,,FR/SO Intervention Needed
50287,50287,Registered,FDM,27868,KC,,F,FDM,FD,202610,JR,FDM 27868,CotA,CotA,0.0,,JR/SR Intervention Needed
50291,50291,Registered,FDM,27868,KC,,F,FDM,FD,202610,SO,FDM 27868,CotA,CotA,0.0,,FR/SO Intervention Needed
50318,50318,Registered,FDM,27868,KC,,F,FDM,FD,202610,SO,FDM 27868,CotA,CotA,0.0,,FR/SO Intervention Needed
50320,50320,Registered,FDM,27868,KC,,F,FDM,FD,202610,JR,FDM 27868,CotA,CotA,0.0,,JR/SR Intervention Needed
50326,50326,Std Withdrawn,FDM,27868,KC,W,F,FDM,FD,202610,SO,FDM 27868,CotA,CotA,0.0,0.0,FR/SO Intervention Needed
11240,11240,Registered,ART,20725,KC,,F,ART,SART,202610,SO,ART 20725,CotA,CotA,0.0,,FR/SO Intervention Needed
63166,63166,Registered,MDJ,28436,KC,,D,MDJ,PR,202610,FR,MDJ 28436,CCI,CCI,1.0,,FR/SO Intervention Needed
63167,63167,Registered,MDJ,28436,KC,,F,MDJ,ADV,202610,FR,MDJ 28436,CCI,CCI,0.0,,FR/SO Intervention Needed
63175,63175,Registered,MDJ,28436,KC,,F,MDJ,VCD,202610,JR,MDJ 28436,CCI,CCI,0.0,,JR/SR Intervention Needed
63158,63158,Registered,MDJ,28436,KC,,F,MDJ,PR,202610,SO,MDJ 28436,CCI,CCI,0.0,,FR/SO Intervention Needed
10894,10894,Registered,ART,21467,KC,,F,ART,ARTE,202610,FR,ART 21467,CotA,CotA,0.0,,FR/SO Intervention Needed
51067,51067,Registered,FDM,17764,KC,,F,FDM,FD,202610,JR,FDM 17764,CotA,CotA,0.0,,JR/SR Intervention Needed
51084,51084,Registered,FDM,17764,KC,,F,FDM,FD,202610,SO,FDM 17764,CotA,CotA,0.0,,FR/SO Intervention Needed
51080,51080,Registered,FDM,17764,KC,,F,FDM,FD,202610,JR,FDM 17764,CotA,CotA,0.0,,JR/SR Intervention Needed
62610,62610,Registered,MDJ,15027,KC,,F,MDJ,COMM,202610,SO,MDJ 15027,CCI,CCI,0.0,,FR/SO Intervention Needed
62617,62617,Registered,MDJ,15027,KC,,F,MDJ,MUT,202610,SO,MDJ 15027,CotA,CCI,0.0,,FR/SO Intervention Needed
62603,62603,Registered,MDJ,15027,KC,,F,MDJ,FD,202610,JR,MDJ 15027,CotA,CCI,0.0,,JR/SR Intervention Needed
62564,62564,Registered,MDJ,15027,KC,,F,MDJ,FM,202610,SO,MDJ 15027,CotA,CCI,0.0,,FR/SO Intervention Needed
62429,62429,Registered,MDJ,15027,KC,,F,MDJ,JNL,202610,FR,MDJ 15027,CCI,CCI,0.0,,FR/SO Intervention Needed
9910,9910,Registered,ARCS,11014,KC,,F,ARCH,ARCS,202610,JR,ARCS 11014,CAED,CAED,0.0,,JR/SR Intervention Needed
62423,62423,Stopped Attending - Failed,MDJ,15027,KC,SF,SF,MDJ,FM,202610,SO,MDJ 15027,CotA,CCI,0.0,0.0,FR/SO Intervention Needed
62386,62386,Registered,MDJ,15027,KC,,D+,MDJ,EMAT,202610,FR,MDJ 15027,CCI,CCI,1.3,,FR/SO Intervention Needed
62318,62318,Registered,MDJ,15027,KC,,F,MDJ,PHOT,202610,SO,MDJ 15027,CCI,CCI,0.0,,FR/SO Intervention Needed
44043,44043,Registered,FDM,25884,KC,,D,FDM,FD,202610,FR,FDM 25884,CotA,CotA,1.0,,FR/SO Intervention Needed
44049,44049,Registered,FDM,25884,KC,,D,FDM,FD,202610,FR,FDM 25884,CotA,CotA,1.0,,FR/SO Intervention Needed
44006,44006,Registered,FDM,25884,KC,,D+,FDM,FD,202610,FR,FDM 25884,CotA,CotA,1.3,,FR/SO Intervention Needed
43987,43987,Registered,FDM,25884,KC,,D,FDM,FD,202610,FR,FDM 25884,CotA,CotA,1.0,,FR/SO Intervention Needed
43997,43997,Registered,FDM,25884,KC,,F,FDM,FD,202610,JR,FDM 25884,CotA,CotA,0.0,,JR/SR Intervention Needed
44001,44001,Registered,FDM,25884,KC,,D,FDM,FD,202610,SO,FDM 25884,CotA,CotA,1.0,,FR/SO Intervention Needed
43983,43983,Registered,FDM,25884,KC,,F,FDM,FM,202610,JR,FDM 25884,CotA,CotA,0.0,,JR/SR Intervention Needed
43955,43955,Registered,FDM,25884,KC,,F,FDM,FD,202610,FR,FDM 25884,CotA,CotA,0.0,,FR/SO Intervention Needed
43960,43960,Registered,FDM,25884,KC,,D,FDM,FD,202610,SO,FDM 25884,CotA,CotA,1.0,,FR/SO Intervention Needed
43966,43966,Registered,FDM,25884,KC,,F,FDM,FM,202610,FR,FDM 25884,CotA,CotA,0.0,,FR/SO Intervention Needed
43949,43949,Registered,FDM,25884,KC,,D,FDM,FD,202610,FR,FDM 25884,CotA,CotA,1.0,,FR/SO Intervention Needed
43909,43909,Registered,FDM,25884,KC,,D,FDM,FM,202610,FR,FDM 25884,CotA,CotA,1.0,,FR/SO Intervention Needed
43898,43898,Registered,FDM,25884,KC,,D,FDM,FM,202610,FR,FDM 25884,CotA,CotA,1.0,,FR/SO Intervention Needed
43899,43899,Registered,FDM,25884,KC,,D,FDM,FM,202610,SO,FDM 25884,CotA,CotA,1.0,,FR/SO Intervention Needed
62309,62309,Std Withdrawn,MDJ,15027,KC,W,F,MDJ,COMM,202610,SO,MDJ 15027,CCI,CCI,0.0,0.0,FR/SO Intervention Needed
62257,62257,Registered,MDJ,15027,KC,,D,MDJ,SART,202610,SO,MDJ 15027,CotA,CCI,1.0,,FR/SO Intervention Needed
71100,71100,Registered,MUS,12716,KC,,F,MUS,DMP,202610,SO,MUS 12716,CCI,CotA,0.0,,FR/SO Intervention Needed
71135,71135,Registered,MUS,12716,KC,,D,MUS,DMP,202610,SO,MUS 12716,CCI,CotA,1.0,,FR/SO Intervention Needed
71153,71153,Registered,MUS,12716,KC,,D,MUS,JNL,202610,SO,MUS 12716,CCI,CotA,1.0,,FR/SO Intervention Needed
71238,71238,Registered,MUS,12716,KC,,D,MUS,COMA,202610,FR,MUS 12716,CAED,CotA,1.0,,FR/SO Intervention Needed
71355,71355,Registered,MUS,12716,KC,,F,MUS,COMA,202610,FR,MUS 12716,CAED,CotA,0.0,,FR/SO Intervention Needed
9706,9706,Registered,ARCH,13310,KC,,D,ARCH,ARCH,202610,FR,ARCH 13310,CAED,CAED,1.0,,FR/SO Intervention Needed
9709,9709,Registered,ARCH,13310,KC,,D+,ARCH,ARCH,202610,FR,ARCH 13310,CAED,CAED,1.3,,FR/SO Intervention Needed
9698,9698,Registered,ARCH,13310,KC,,F,ARCH,ARCH,202610,SO,ARCH 13310,CAED,CAED,0.0,,FR/SO Intervention Needed
9705,9705,Registered,ARCH,13310,KC,,F,ARCH,ARCH,202610,SO,ARCH 13310,CAED,CAED,0.0,,FR/SO Intervention Needed
9664,9664,Registered,ARCH,13310,KC,,D,ARCH,ARCH,202610,SO,ARCH 13310,CAED,CAED,1.0,,FR/SO Intervention Needed
51086,51086,Std Withdrawn,FDM,17764,KC,W,SF,FDM,FD,202610,FR,FDM 17764,CotA,CotA,0.0,0.0,FR/SO Intervention Needed
51087,51087,Registered,FDM,17764,KC,,F,FDM,FD,202610,SO,FDM 17764,CotA,CotA,0.0,,FR/SO Intervention Needed
51571,51571,Registered,FDM,12721,KC,,F,FDM,FD,202610,SO,FDM 12721,CotA,CotA,0.0,,FR/SO Intervention Needed
51594,51594,Registered,FDM,12721,KC,,D,FDM,FD,202610,SO,FDM 12721,CotA,CotA,1.0,,FR/SO Intervention Needed
9273,9273,Registered,ARCH,19059,KC,,D,ARCH,ARCH,202610,FR,ARCH 19059,CAED,CAED,1.0,,FR/SO Intervention Needed
8644,8644,Registered,ARCH,14775,KC,,D,ARCH,ARCH,202610,SO,ARCH 14775,CAED,CAED,1.0,,FR/SO Intervention Needed
8611,8611,Registered,ARCH,14775,KC,,F,ARCH,ARCH,202610,JR,ARCH 14775,CAED,CAED,0.0,,JR/SR Intervention Needed
8605,8605,Registered,ARCH,14775,KC,,F,ARCH,ARCH,202610,JR,ARCH 14775,CAED,CAED,0.0,,JR/SR Intervention Needed
51619,51619,Registered,FDM,12721,KC,,F,FDM,FD,202610,SO,FDM 12721,CotA,CotA,0.0,,FR/SO Intervention Needed
51620,51620,Std Withdrawn,FDM,12721,KC,W,F,FDM,FD,202610,SO,FDM 12721,CotA,CotA,0.0,0.0,FR/SO Intervention Needed
51623,51623,Std Withdrawn,FDM,12721,KC,W,D,FDM,FD,202610,SO,FDM 12721,CotA,CotA,1.0,0.0,FR/SO Intervention Needed
51651,51651,Registered,FDM,12721,KC,,F,FDM,FD,202610,SO,FDM 12721,CotA,CotA,0.0,,FR/SO Intervention Needed
51660,51660,Registered,FDM,12721,KC,,F,FDM,FD,202610,SR,FDM 12721,CotA,CotA,0.0,,JR/SR Intervention Needed
51670,51670,Registered,FDM,12721,KC,,F,FDM,FD,202610,SO,FDM 12721,CotA,CotA,0.0,,FR/SO Intervention Needed
8242,8242,Registered,ARCH,29604,KC,,F,ARCH,ARCH,202610,JR,ARCH 29604,CAED,CAED,0.0,,JR/SR Intervention Needed
8210,8210,Registered,ARCH,29604,KC,,F,ARCH,ARCH,202610,SO,ARCH 29604,CAED,CAED,0.0,,FR/SO Intervention Needed
8250,8250,Std Withdrawn,ARCH,29604,KC,W,F,ARCH,ARCH,202610,SO,ARCH 29604,CAED,CAED,0.0,0.0,FR/SO Intervention Needed
8231,8231,Registered,ARCH,29604,KC,,F,ARCH,ARCH,202610,JR,ARCH 29604,CAED,CAED,0.0,,JR/SR Intervention Needed
8234,8234,Registered,ARCH,29604,KC,,D+,ARCH,ARCH,202610,SO,ARCH 29604,CAED,CAED,1.3,,FR/SO Intervention Needed
21689,21689,Registered,CMGT,21745,KC,,F,ARCH,COMA,202610,SO,CMGT 21745,CAED,CAED,0.0,,FR/SO Intervention Needed
7516,7516,Registered,ARCH,14841,KC,,D,ARCH,ARCH,202610,SO,ARCH 14841,CAED,CAED,1.0,,FR/SO Intervention Needed
7501,7501,Registered,ARCH,14841,KC,,D,ARCH,ARCH,202610,FR,ARCH 14841,CAED,CAED,1.0,,FR/SO Intervention Needed
7509,7509,Registered,ARCH,14841,KC,,F,ARCH,ARCH,202610,SO,ARCH 14841,CAED,CAED,0.0,,FR/SO Intervention Needed
7491,7491,Std Withdrawn,ARCH,14841,KC,W,F,ARCH,ARCH,202610,FR,ARCH 14841,CAED,CAED,0.0,0.0,FR/SO Intervention Needed
7499,7499,Registered,ARCH,14841,KC,,F,ARCH,ARCH,202610,FR,ARCH 14841,CAED,CAED,0.0,,FR/SO Intervention Needed
7470,7470,Registered,ARCH,14841,KC,,F,ARCH,ARCH,202610,FR,ARCH 14841,CAED,CAED,0.0,,FR/SO Intervention Needed
7473,7473,Registered,ARCH,14841,KC,,F,ARCH,ARCH,202610,FR,ARCH 14841,CAED,CAED,0.0,,FR/SO Intervention Needed
7453,7453,Registered,ARCH,14841,KC,,F,ARCH,ARCH,202610,SO,ARCH 14841,CAED,CAED,0.0,,FR/SO Intervention Needed
7467,7467,Registered,ARCH,14841,KC,,F,ARCH,ARCH,202610,FR,ARCH 14841,CAED,CAED,0.0,,FR/SO Intervention Needed
7437,7437,Registered,ARCH,14841,KC,,F,ARCH,ARCH,202610,SO,ARCH 14841,CAED,CAED,0.0,,FR/SO Intervention Needed
7426,7426,Registered,ARCH,14841,KC,,F,ARCH,ARCH,202610,SO,ARCH 14841,CAED,CAED,0.0,,FR/SO Intervention Needed
7464,7464,Registered,ARCH,14841,KC,,D,ARCH,ARCH,202610,FR,ARCH 14841,CAED,CAED,1.0,,FR/SO Intervention Needed
7436,7436,Std Withdrawn,ARCH,14841,KC,W,F,ARCH,ARCH,202610,FR,ARCH 14841,CAED,CAED,0.0,0.0,FR/SO Intervention Needed
21661,21661,Registered,CMGT,21745,KC,,D,ARCH,ID,202610,FR,CMGT 21745,CAED,CAED,1.0,,FR/SO Intervention Needed
21645,21645,Registered,CMGT,21745,KC,,D,ARCH,COMA,202610,SO,CMGT 21745,CAED,CAED,1.0,,FR/SO Intervention Needed
21637,21637,Registered,CMGT,21745,KC,,D,ARCH,COMA,202610,SO,CMGT 21745,CAED,CAED,1.0,,FR/SO Intervention Needed
21614,21614,Registered,CMGT,21745,KC,,F,ARCH,COMA,202610,SO,CMGT 21745,CAED,CAED,0.0,,FR/SO Intervention Needed
42481,42481,Registered,FDM,29298,KC,,F,FDM,FD,202610,FR,FDM 29298,CotA,CotA,0.0,,FR/SO Intervention Needed
42463,42463,Registered,FDM,29298,KC,,F,FDM,FD,202610,FR,FDM 29298,CotA,CotA,0.0,,FR/SO Intervention Needed
42464,42464,Registered,FDM,29298,KC,,F,FDM,FD,202610,SO,FDM 29298,CotA,CotA,0.0,,FR/SO Intervention Needed
42452,42452,Registered,FDM,29298,KC,,D+,FDM,FD,202610,FR,FDM 29298,CotA,CotA,1.3,,FR/SO Intervention Needed
42489,42489,Registered,FDM,29298,KC,,D,FDM,FD,202610,FR,FDM 29298,CotA,CotA,1.0,,FR/SO Intervention Needed
42433,42433,Registered,FDM,29298,KC,,F,FDM,FM,202610,FR,FDM 29298,CotA,CotA,0.0,,FR/SO Intervention Needed
42434,42434,Registered,FDM,29298,KC,,F,FDM,FM,202610,FR,FDM 29298,CotA,CotA,0.0,,FR/SO Intervention Needed
42415,42415,Registered,FDM,29298,KC,,D+,FDM,FD,202610,SO,FDM 29298,CotA,CotA,1.3,,FR/SO Intervention Needed
42416,42416,Registered,FDM,29298,KC,,D,FDM,FM,202610,FR,FDM 29298,CotA,CotA,1.0,,FR/SO Intervention Needed
42454,42454,Registered,FDM,29298,KC,,D,FDM,FM,202610,SO,FDM 29298,CotA,CotA,1.0,,FR/SO Intervention Needed
42458,42458,Stopped Attending - Failed,FDM,29298,KC,SF,F,FDM,FM,202610,JR,FDM 29298,CotA,CotA,0.0,0.0,JR/SR Intervention Needed
42438,42438,Registered,FDM,29298,KC,,F,FDM,VCD,202610,FR,FDM 29298,CCI,CotA,0.0,,FR/SO Intervention Needed
42441,42441,Registered,FDM,29298,KC,,F,FDM,FD,202610,SO,FDM 29298,CotA,CotA,0.0,,FR/SO Intervention Needed
42369,42369,Registered,FDM,29298,KC,,F,FDM,FM,202610,FR,FDM 29298,CotA,CotA,0.0,,FR/SO Intervention Needed
42391,42391,Std Withdrawn,FDM,29298,KC,W,F,FDM,FM,202610,SO,FDM 29298,CotA,CotA,0.0,0.0,FR/SO Intervention Needed
42347,42347,Registered,FDM,29298,KC,,F,FDM,FM,202610,FR,FDM 29298,CotA,CotA,0.0,,FR/SO Intervention Needed
52370,52370,Registered,FDM,25693,KC,,F,FDM,FD,202610,SO,FDM 25693,CotA,CotA,0.0,,FR/SO Intervention Needed
21598,21598,Registered,CMGT,21745,KC,,D,ARCH,COMA,202610,SO,CMGT 21745,CAED,CAED,1.0,,FR/SO Intervention Needed
21606,21606,Registered,CMGT,21745,KC,,F,ARCH,ARCH,202610,JR,CMGT 21745,CAED,CAED,0.0,,JR/SR Intervention Needed
21607,21607,Registered,CMGT,21745,KC,,D,ARCH,COMA,202610,SO,CMGT 21745,CAED,CAED,1.0,,FR/SO Intervention Needed
21610,21610,Registered,CMGT,21745,KC,,D,ARCH,ARCH,202610,SO,CMGT 21745,CAED,CAED,1.0,,FR/SO Intervention Needed
21580,21580,Std Withdrawn,CMGT,21745,KC,W,F,ARCH,COMA,202610,JR,CMGT 21745,CAED,CAED,0.0,0.0,JR/SR Intervention Needed
21586,21586,Std Withdrawn,CMGT,21745,KC,W,F,ARCH,ID,202610,SO,CMGT 21745,CAED,CAED,0.0,0.0,FR/SO Intervention Needed
21589,21589,Registered,CMGT,21745,KC,,D+,ARCH,COMA,202610,SO,CMGT 21745,CAED,CAED,1.3,,FR/SO Intervention Needed
29357,29357,Registered,COMM,17591,KC,,D+,COMM,DMP,202610,SO,COMM 17591,CCI,CCI,1.3,,FR/SO Intervention Needed
40950,40950,Std Withdrawn,FDM,24923,KC,W,F,FDM,FM,202610,FR,FDM 24923,CotA,CotA,0.0,0.0,FR/SO Intervention Needed
40928,40928,Registered,FDM,24923,KC,,F,FDM,FD,202610,FR,FDM 24923,CotA,CotA,0.0,,FR/SO Intervention Needed
40964,40964,Registered,FDM,24923,KC,,F,FDM,FD,202610,FR,FDM 24923,CotA,CotA,0.0,,FR/SO Intervention Needed
40917,40917,Registered,FDM,24923,KC,,F,FDM,FM,202610,FR,FDM 24923,CotA,CotA,0.0,,FR/SO Intervention Needed
40918,40918,Registered,FDM,24923,KC,,D+,FDM,FD,202610,SO,FDM 24923,CotA,CotA,1.3,,FR/SO Intervention Needed
40894,40894,Registered,FDM,24923,KC,,D+,FDM,FM,202610,FR,FDM 24923,CotA,CotA,1.3,,FR/SO Intervention Needed
40898,40898,Registered,FDM,24923,KC,,F,FDM,FD,202610,FR,FDM 24923,CotA,CotA,0.0,,FR/SO Intervention Needed
40902,40902,Registered,FDM,24923,KC,,D,FDM,FD,202610,FR,FDM 24923,CotA,CotA,1.0,,FR/SO Intervention Needed
40882,40882,Registered,FDM,24923,KC,,D+,FDM,FD,202610,FR,FDM 24923,CotA,CotA,1.3,,FR/SO Intervention Needed
40922,40922,Registered,FDM,24923,KC,,F,FDM,FD,202610,FR,FDM 24923,CotA,CotA,0.0,,FR/SO Intervention Needed
40865,40865,Registered,FDM,24923,KC,,D,FDM,FD,202610,FR,FDM 24923,CotA,CotA,1.0,,FR/SO Intervention Needed
40906,40906,Registered,FDM,24923,KC,,D,FDM,FD,202610,FR,FDM 24923,CotA,CotA,1.0,,FR/SO Intervention Needed
40888,40888,Registered,FDM,24923,KC,,F,FDM,FD,202610,JR,FDM 24923,CotA,CotA,0.0,,JR/SR Intervention Needed
52869,52869,Registered,FDM,19829,KC,,F,FDM,FD,202610,SO,FDM 19829,CotA,CotA,0.0,,FR/SO Intervention Needed
15978,15978,Registered,ARTH,17400,KC,,F,ART,FM,202610,SO,ARTH 17400,CotA,CotA,0.0,,FR/SO Intervention Needed
15996,15996,Registered,ARTH,17400,KC,,F,ART,ARCH,202610,SR,ARTH 17400,CAED,CotA,0.0,,JR/SR Intervention Needed
15998,15998,Registered,ARTH,17400,KC,,D,ART,TDTP,202610,FR,ARTH 17400,CotA,CotA,1.0,,FR/SO Intervention Needed
16020,16020,Registered,ARTH,17400,KC,,D,ART,FM,202610,FR,ARTH 17400,CotA,CotA,1.0,,FR/SO Intervention Needed
16060,16060,Registered,ARTH,17400,KC,,F,ART,FD,202610,FR,ARTH 17400,CotA,CotA,0.0,,FR/SO Intervention Needed
16068,16068,Std Withdrawn,ARTH,17400,KC,W,F,ART,ARTE,202610,FR,ARTH 17400,CotA,CotA,0.0,0.0,FR/SO Intervention Needed
16081,16081,Registered,ARTH,17400,KC,,D,ART,FD,202610,SO,ARTH 17400,CotA,CotA,1.0,,FR/SO Intervention Needed
16093,16093,Registered,ARTH,17400,KC,,F,ART,FD,202610,FR,ARTH 17400,CotA,CotA,0.0,,FR/SO Intervention Needed
16108,16108,Registered,ARTH,17400,KC,,D,ART,ARTE,202610,FR,ARTH 17400,CotA,CotA,1.0,,FR/SO Intervention Needed
16112,16112,Registered,ARTH,17400,KC,,D,ART,THEA,202610,FR,ARTH 17400,CotA,CotA,1.0,,FR/SO Intervention Needed
16087,16087,Registered,ARTH,17400,KC,,F,ART,ID,202610,SO,ARTH 17400,CAED,CotA,0.0,,FR/SO Intervention Needed
16089,16089,Registered,ARTH,17400,KC,,D,ART,ID,202610,FR,ARTH 17400,CAED,CotA,1.0,,FR/SO Intervention Needed
16171,16171,Registered,ARTH,17400,KC,,F,ART,ARTE,202610,FR,ARTH 17400,CotA,CotA,0.0,,FR/SO Intervention Needed
16173,16173,Registered,ARTH,17400,KC,,D,ART,FD,202610,FR,ARTH 17400,CotA,CotA,1.0,,FR/SO Intervention Needed
16182,16182,Registered,ARTH,17400,KC,,F,ART,ARCH,202610,FR,ARTH 17400,CAED,CotA,0.0,,FR/SO Intervention Needed
16191,16191,Registered,ARTH,17400,KC,,F,ART,SART,202610,SR,ARTH 17400,CotA,CotA,0.0,,JR/SR Intervention Needed
30615,30615,Registered,COMM,21241,KC,,D,COMM,COMM,202610,FR,COMM 21241,CCI,CCI,1.0,,FR/SO Intervention Needed
30632,30632,Registered,COMM,21241,KC,,D+,COMM,COMM,202610,SO,COMM 21241,CCI,CCI,1.3,,FR/SO Intervention Needed
29652,29652,Registered,COMM,17591,KC,,D+,COMM,JNL,202610,FR,COMM 17591,CCI,CCI,1.3,,FR/SO Intervention Needed
29700,29700,Registered,COMM,17591,KC,,D+,COMM,ID,202610,FR,COMM 17591,CAED,CCI,1.3,,FR/SO Intervention Needed
53705,53705,Registered,FDM,23628,KC,,F,FDM,FM,202610,JR,FDM 23628,CotA,CotA,0.0,,JR/SR Intervention Needed
53715,53715,Registered,FDM,23628,KC,,F,FDM,FM,202610,SO,FDM 23628,CotA,CotA,0.0,,FR/SO Intervention Needed
53718,53718,Registered,FDM,23628,KC,,F,FDM,FM,202610,SO,FDM 23628,CotA,CotA,0.0,,FR/SO Intervention Needed
53694,53694,Registered,FDM,23628,KC,,F,FDM,FM,202610,SR,FDM 23628,CotA,CotA,0.0,,JR/SR Intervention Needed
20834,20834,Registered,CMGT,17964,KC,,F,ARCH,COMA,202610,SO,CMGT 17964,CAED,CAED,0.0,,FR/SO Intervention Needed
29755,29755,Registered,COMM,17591,KC,,F,COMM,ID,202610,FR,COMM 17591,CAED,CCI,0.0,,FR/SO Intervention Needed
52885,52885,Registered,FDM,19829,KC,,F,FDM,FD,202610,SR,FDM 19829,CotA,CotA,0.0,,JR/SR Intervention Needed
52887,52887,Registered,FDM,19829,KC,,F,FDM,FD,202610,SO,FDM 19829,CotA,CotA,0.0,,FR/SO Intervention Needed
52888,52888,Registered,FDM,19829,KC,,F,FDM,FD,202610,SO,FDM 19829,CotA,CotA,0.0,,FR/SO Intervention Needed
81040,81040,Registered,VCD,19588,KC,,F,VCD,JNL,202610,SO,VCD 19588,CCI,CCI,0.0,,FR/SO Intervention Needed
81050,81050,Registered,VCD,19588,KC,,F,VCD,DMP,202610,SR,VCD 19588,CCI,CCI,0.0,,JR/SR Intervention Needed
81070,81070,Registered,VCD,19588,KC,,D,VCD,VCD,202610,SO,VCD 19588,CCI,CCI,1.0,,FR/SO Intervention Needed
81102,81102,Std Withdrawn,VCD,19588,KC,W,F,VCD,DMP,202610,SR,VCD 19588,CCI,CCI,0.0,0.0,JR/SR Intervention Needed
20805,20805,Registered,CMGT,17964,KC,,D+,ARCH,COMA,202610,SO,CMGT 17964,CAED,CAED,1.3,,FR/SO Intervention Needed
20814,20814,Registered,CMGT,17964,KC,,D,ARCH,COMA,202610,FR,CMGT 17964,CAED,CAED,1.0,,FR/SO Intervention Needed
20791,20791,Registered,CMGT,17964,KC,,F,ARCH,COMA,202610,FR,CMGT 17964,CAED,CAED,0.0,,FR/SO Intervention Needed
20770,20770,Registered,CMGT,17964,KC,,F,ARCH,COMA,202610,SO,CMGT 17964,CAED,CAED,0.0,,FR/SO Intervention Needed
20757,20757,Registered,CMGT,17964,KC,,F,ARCH,COMA,202610,FR,CMGT 17964,CAED,CAED,0.0,,FR/SO Intervention Needed
20754,20754,Std Withdrawn,CMGT,17964,KC,W,F,ARCH,COMA,202610,FR,CMGT 17964,CAED,CAED,0.0,0.0,FR/SO Intervention Needed
18286,18286,Registered,ARTS,22958,KC,,D,ART,ARTE,202610,SO,ARTS 22958,CotA,CotA,1.0,,FR/SO Intervention Needed
18321,18321,Std Withdrawn,ARTS,22958,KC,W,D,ART,ARTE,202610,FR,ARTS 22958,CotA,CotA,1.0,0.0,FR/SO Intervention Needed
57866,57866,Registered,MDJ,25946,KC,,F,MDJ,THEA,202610,SO,MDJ 25946,CotA,CCI,0.0,,FR/SO Intervention Needed
57836,57836,Registered,MDJ,25946,KC,,U,MDJ,DMP,202610,FR,MDJ 25946,CCI,CCI,0.0,,FR/SO Intervention Needed
6462,6462,Registered,ARCH,15217,KC,,F,ARCH,ARCH,202610,FR,ARCH 15217,CAED,CAED,0.0,,FR/SO Intervention Needed
29910,29910,Registered,COMM,17591,KC,,F,COMM,ARCH,202610,SO,COMM 17591,CAED,CCI,0.0,,FR/SO Intervention Needed
29933,29933,Registered,COMM,17591,KC,,F,COMM,ID,202610,FR,COMM 17591,CAED,CCI,0.0,,FR/SO Intervention Needed
29947,29947,Std Withdrawn,COMM,17591,KC,W,F,COMM,ID,202610,SO,COMM 17591,CAED,CCI,0.0,0.0,FR/SO Intervention Needed
39425,39425,Registered,FDM,14111,KC,,D+,FDM,FD,202610,FR,FDM 14111,CotA,CotA,1.3,,FR/SO Intervention Needed
39418,39418,Registered,FDM,14111,KC,,D,FDM,FD,202610,SO,FDM 14111,CotA,CotA,1.0,,FR/SO Intervention Needed
39419,39419,Registered,FDM,14111,KC,,D+,FDM,FD,202610,FR,FDM 14111,CotA,CotA,1.3,,FR/SO Intervention Needed
39373,39373,Registered,FDM,14111,KC,,D,FDM,FD,202610,SO,FDM 14111,CotA,CotA,1.0,,FR/SO Intervention Needed
6449,6449,Registered,ARCH,15217,KC,,D+,ARCH,ARCH,202610,FR,ARCH 15217,CAED,CAED,1.3,,FR/SO Intervention Needed
6450,6450,Registered,ARCH,15217,KC,,D,ARCH,ARCH,202610,SO,ARCH 15217,CAED,CAED,1.0,,FR/SO Intervention Needed
39398,39398,Registered,FDM,14111,KC,,F,FDM,FD,202610,FR,FDM 14111,CotA,CotA,0.0,,FR/SO Intervention Needed
39401,39401,Registered,FDM,14111,KC,,F,FDM,FD,202610,SO,FDM 14111,CotA,CotA,0.0,,FR/SO Intervention Needed
18334,18334,Registered,ARTS,22958,KC,,F,ART,ARTE,202610,JR,ARTS 22958,CotA,CotA,0.0,,JR/SR Intervention Needed
37869,37869,Registered,FDM,20725,KC,,D+,FDM,FD,202610,FR,FDM 20725,CotA,CotA,1.3,,FR/SO Intervention Needed
30994,30994,Registered,EMAT,12670,KC,,F,EMAT,VCD,202610,SR,EMAT 12670,CCI,CCI,0.0,,JR/SR Intervention Needed
37842,37842,Registered,FDM,20725,KC,,F,FDM,FD,202610,FR,FDM 20725,CotA,CotA,0.0,,FR/SO Intervention Needed
37853,37853,Registered,FDM,20725,KC,,D+,FDM,FD,202610,FR,FDM 20725,CotA,CotA,1.3,,FR/SO Intervention Needed
37825,37825,Registered,FDM,20725,KC,,D,FDM,FD,202610,SO,FDM 20725,CotA,CotA,1.0,,FR/SO Intervention Needed
37830,37830,Registered,FDM,20725,KC,,F,FDM,FD,202610,FR,FDM 20725,CotA,CotA,0.0,,FR/SO Intervention Needed
37812,37812,Stopped Attending - Failed,FDM,20725,KC,SF,SF,FDM,FD,202610,FR,FDM 20725,CotA,CotA,0.0,0.0,FR/SO Intervention Needed
37831,37831,Registered,FDM,20725,KC,,D,FDM,FM,202610,FR,FDM 20725,CotA,CotA,1.0,,FR/SO Intervention Needed
37834,37834,Registered,FDM,20725,KC,,F,FDM,FM,202610,FR,FDM 20725,CotA,CotA,0.0,,FR/SO Intervention Needed
37820,37820,Registered,FDM,20725,KC,,F,FDM,FM,202610,SO,FDM 20725,CotA,CotA,0.0,,FR/SO Intervention Needed
37760,37760,Registered,FDM,20725,KC,,F,FDM,FM,202610,SO,FDM 20725,CotA,CotA,0.0,,FR/SO Intervention Needed
37765,37765,Registered,FDM,20725,KC,,D,FDM,FM,202610,FR,FDM 20725,CotA,CotA,1.0,,FR/SO Intervention Needed
37744,37744,Registered,FDM,20725,KC,,D+,FDM,FM,202610,SO,FDM 20725,CotA,CotA,1.3,,FR/SO Intervention Needed
37726,37726,Registered,FDM,20725,KC,,D+,FDM,FD,202610,FR,FDM 20725,CotA,CotA,1.3,,FR/SO Intervention Needed
37728,37728,Registered,FDM,20725,KC,,D,FDM,FD,202610,FR,FDM 20725,CotA,CotA,1.0,,FR/SO Intervention Needed
78558,78558,Registered,THEA,29604,KC,,D,THDN,MUT,202610,SO,THEA 29604,CotA,CotA,1.0,,FR/SO Intervention Needed
78571,78571,Registered,THEA,29604,KC,,D,THDN,MUT,202610,FR,THEA 29604,CotA,CotA,1.0,,FR/SO Intervention Needed
78565,78565,Registered,THEA,29604,KC,,F,THDN,MUT,202610,SO,THEA 29604,CotA,CotA,0.0,,FR/SO Intervention Needed
54412,54412,Registered,FDM,18819,KC,,F,FDM,FM,202610,SO,FDM 18819,CotA,CotA,0.0,,FR/SO Intervention Needed
39359,39359,Registered,FDM,14111,KC,,D,FDM,FD,202610,SO,FDM 14111,CotA,CotA,1.0,,FR/SO Intervention Needed
39341,39341,Registered,FDM,14111,KC,,F,FDM,FM,202610,FR,FDM 14111,CotA,CotA,0.0,,FR/SO Intervention Needed
39356,39356,Std Withdrawn,FDM,14111,KC,W,F,FDM,FD,202610,FR,FDM 14111,CotA,CotA,0.0,0.0,FR/SO Intervention Needed
6383,6383,Std Withdrawn,ARCH,15217,KC,W,F,ARCH,ARCH,202610,FR,ARCH 15217,CAED,CAED,0.0,0.0,FR/SO Intervention Needed
81914,81914,Registered,VCD,28950,KC,,D,VCD,FM,202610,SO,VCD 28950,CotA,CCI,1.0,,FR/SO Intervention Needed
39317,39317,Registered,FDM,14111,KC,,F,FDM,FM,202610,SO,FDM 14111,CotA,CotA,0.0,,FR/SO Intervention Needed
81910,81910,Registered,VCD,28950,KC,,D+,VCD,VCD,202610,SO,VCD 28950,CCI,CCI,1.3,,FR/SO Intervention Needed
39312,39312,Registered,FDM,14111,KC,,F,FDM,FD,202610,FR,FDM 14111,CotA,CotA,0.0,,FR/SO Intervention Needed
39290,39290,Std Withdrawn,FDM,14111,KC,W,F,FDM,FD,202610,SO,FDM 14111,CotA,CotA,0.0,0.0,FR/SO Intervention Needed
54427,54427,Registered,FDM,18819,KC,,F,FDM,FM,202610,SO,FDM 18819,CotA,CotA,0.0,,FR/SO Intervention Needed
39298,39298,Registered,FDM,14111,KC,,F,FDM,FD,202610,FR,FDM 14111,CotA,CotA,0.0,,FR/SO Intervention Needed
54416,54416,Registered,FDM,18819,KC,,F,FDM,FM,202610,SO,FDM 18819,CotA,CotA,0.0,,FR/SO Intervention Needed
54424,54424,Registered,FDM,18819,KC,,F,FDM,FM,202610,SO,FDM 18819,CotA,CotA,0.0,,FR/SO Intervention Needed
54448,54448,Registered,FDM,18819,KC,,F,FDM,FM,202610,SO,FDM 18819,CotA,CotA,0.0,,FR/SO Intervention Needed
54450,54450,Registered,FDM,18819,KC,,D,FDM,FM,202610,SO,FDM 18819,CotA,CotA,1.0,,FR/SO Intervention Needed
78716,78716,Registered,THEA,12927,KC,,F,THDN,MUT,202610,SO,THEA 12927,CotA,CotA,0.0,,FR/SO Intervention Needed
37733,37733,Registered,FDM,20725,KC,,D+,FDM,FM,202610,FR,FDM 20725,CotA,CotA,1.3,,FR/SO Intervention Needed
78722,78722,Registered,THEA,12927,KC,,D,THDN,MUT,202610,FR,THEA 12927,CotA,CotA,1.0,,FR/SO Intervention Needed
37720,37720,Registered,FDM,20725,KC,,F,FDM,FM,202610,SO,FDM 20725,CotA,CotA,0.0,,FR/SO Intervention Needed
37706,37706,Registered,FDM,20725,KC,,F,FDM,FD,202610,SO,FDM 20725,CotA,CotA,0.0,,FR/SO Intervention Needed
6349,6349,Registered,ARCH,15217,KC,,F,ARCH,ARCH,202610,FR,ARCH 15217,CAED,CAED,0.0,,FR/SO Intervention Needed
6353,6353,Registered,ARCH,15217,KC,,F,ARCH,ARCH,202610,SO,ARCH 15217,CAED,CAED,0.0,,FR/SO Intervention Needed
6388,6388,Registered,ARCH,15217,KC,,D+,ARCH,ARCH,202610,FR,ARCH 15217,CAED,CAED,1.3,,FR/SO Intervention Needed
6331,6331,Registered,ARCH,15217,KC,,D,ARCH,ARCH,202610,FR,ARCH 15217,CAED,CAED,1.0,,FR/SO Intervention Needed
82166,82166,Registered,VCD,18414,KC,,D,VCD,PHOT,202610,FR,VCD 18414,CCI,CCI,1.0,,FR/SO Intervention Needed
52877,52877,Registered,FDM,19829,KC,,D,FDM,FD,202610,SO,FDM 19829,CotA,CotA,1.0,,FR/SO Intervention Needed
52917,52917,Registered,FDM,19829,KC,,D,FDM,FD,202610,SO,FDM 19829,CotA,CotA,1.0,,FR/SO Intervention Needed
52935,52935,Registered,FDM,19829,KC,,F,FDM,FD,202610,SO,FDM 19829,CotA,CotA,0.0,,FR/SO Intervention Needed
54732,54732,Std Withdrawn,ID,19883,KC,W,F,ARCH,ID,202610,FR,ID 19883,CAED,CAED,0.0,0.0,FR/SO Intervention Needed
54709,54709,Registered,ID,19883,KC,,D,ARCH,ID,202610,FR,ID 19883,CAED,CAED,1.0,,FR/SO Intervention Needed
20462,20462,Registered,CMGT,11015,KC,,F,ARCH,COMA,202610,FR,CMGT 11015,CAED,CAED,0.0,,FR/SO Intervention Needed
20454,20454,Registered,CMGT,11015,KC,,D,ARCH,COMA,202610,SO,CMGT 11015,CAED,CAED,1.0,,FR/SO Intervention Needed
56786,56786,Registered,ID,19670,KC,,F,ARCH,ID,202610,SO,ID 19670,CAED,CAED,0.0,,FR/SO Intervention Needed
56772,56772,Registered,ID,19670,KC,,F,ARCH,ID,202610,SO,ID 19670,CAED,CAED,0.0,,FR/SO Intervention Needed
56773,56773,Registered,ID,19670,KC,,F,ARCH,ID,202610,JR,ID 19670,CAED,CAED,0.0,,JR/SR Intervention Needed
56780,56780,Registered,ID,19670,KC,,F,ARCH,ID,202610,SO,ID 19670,CAED,CAED,0.0,,FR/SO Intervention Needed
16464,16464,Registered,ARTH,14683,KC,,F,ART,ARTH,202610,SO,ARTH 14683,CotA,CotA,0.0,,FR/SO Intervention Needed
82681,82681,Registered,VCD,25988,KC,,D,VCD,VCD,202610,SO,VCD 25988,CCI,CCI,1.0,,FR/SO Intervention Needed
82672,82672,Registered,VCD,25988,KC,,D,VCD,VCD,202610,SO,VCD 25988,CCI,CCI,1.0,,FR/SO Intervention Needed
82708,82708,Stopped Attending - Failed,VCD,25988,KC,SF,SF,VCD,VCD,202610,SR,VCD 25988,CCI,CCI,0.0,0.0,JR/SR Intervention Needed
21201,21201,Stopped Attending - Failed,CMGT,19400,KC,SF,SF,ARCH,COMA,202610,JR,CMGT 19400,CAED,CAED,0.0,0.0,JR/SR Intervention Needed
21209,21209,Registered,CMGT,19400,KC,,F,ARCH,COMA,202610,SO,CMGT 19400,CAED,CAED,0.0,,FR/SO Intervention Needed
21151,21151,Registered,CMGT,19400,KC,,D,ARCH,COMA,202610,SO,CMGT 19400,CAED,CAED,1.0,,FR/SO Intervention Needed
54999,54999,Never Attended - Failed,ID,29543,KC,NF,SF,ARCH,ID,202610,FR,ID 29543,CAED,CAED,0.0,0.0,FR/SO Intervention Needed
55011,55011,Registered,ID,29543,KC,,D,ARCH,ID,202610,FR,ID 29543,CAED,CAED,1.0,,FR/SO Intervention Needed
55032,55032,Registered,ID,29543,KC,,D,ARCH,ID,202610,FR,ID 29543,CAED,CAED,1.0,,FR/SO Intervention Needed
4311,4311,Registered,ARCH,16841,KC,,F,ARCH,COMA,202610,SO,ARCH 16841,CAED,CAED,0.0,,FR/SO Intervention Needed
21146,21146,Registered,CMGT,19400,KC,,F,ARCH,ARCH,202610,JR,CMGT 19400,CAED,CAED,0.0,,JR/SR Intervention Needed
40849,40849,Registered,FDM,24923,KC,,F,FDM,FM,202610,JR,FDM 24923,CotA,CotA,0.0,,JR/SR Intervention Needed
17814,17814,Registered,ARTS,19694,KC,,F,ART,SART,202610,FR,ARTS 19694,CotA,CotA,0.0,,FR/SO Intervention Needed
32349,32349,Registered,EMAT,19538,KC,,F,EMAT,FM,202610,JR,EMAT 19538,CotA,CCI,0.0,,JR/SR Intervention Needed
32353,32353,Registered,EMAT,19538,KC,,F,EMAT,COMM,202610,SR,EMAT 19538,CCI,CCI,0.0,,JR/SR Intervention Needed
32372,32372,Registered,EMAT,19538,KC,,F,EMAT,COMM,202610,SR,EMAT 19538,CCI,CCI,0.0,,JR/SR Intervention Needed
32362,32362,Registered,EMAT,19538,KC,,F,EMAT,COMM,202610,JR,EMAT 19538,CCI,CCI,0.0,,JR/SR Intervention Needed
36301,36301,Registered,FDM,21467,KC,,F,FDM,FM,202610,SO,FDM 21467,CotA,CotA,0.0,,FR/SO Intervention Needed
32401,32401,Registered,EMAT,19538,KC,,F,EMAT,FD,202610,JR,EMAT 19538,CotA,CCI,0.0,,JR/SR Intervention Needed
36289,36289,Registered,FDM,21467,KC,,D,FDM,FD,202610,SO,FDM 21467,CotA,CotA,1.0,,FR/SO Intervention Needed
32390,32390,Registered,EMAT,19538,KC,,F,EMAT,COMM,202610,SO,EMAT 19538,CCI,CCI,0.0,,FR/SO Intervention Needed
36241,36241,Registered,FDM,21467,KC,,F,FDM,FD,202610,FR,FDM 21467,CotA,CotA,0.0,,FR/SO Intervention Needed
36222,36222,Registered,FDM,21467,KC,,D,FDM,FM,202610,SO,FDM 21467,CotA,CotA,1.0,,FR/SO Intervention Needed
36264,36264,Registered,FDM,21467,KC,,F,FDM,FD,202610,FR,FDM 21467,CotA,CotA,0.0,,FR/SO Intervention Needed
36236,36236,Registered,FDM,21467,KC,,F,FDM,FM,202610,FR,FDM 21467,CotA,CotA,0.0,,FR/SO Intervention Needed
36207,36207,Registered,FDM,21467,KC,,F,FDM,SART,202610,JR,FDM 21467,CotA,CotA,0.0,,JR/SR Intervention Needed
36234,36234,Registered,FDM,21467,KC,,F,FDM,FM,202610,SO,FDM 21467,CotA,CotA,0.0,,FR/SO Intervention Needed
36203,36203,Registered,FDM,21467,KC,,F,FDM,FM,202610,FR,FDM 21467,CotA,CotA,0.0,,FR/SO Intervention Needed
36173,36173,Registered,FDM,21467,KC,,F,FDM,FM,202610,SO,FDM 21467,CotA,CotA,0.0,,FR/SO Intervention Needed
36162,36162,Registered,FDM,21467,KC,,D+,FDM,FM,202610,FR,FDM 21467,CotA,CotA,1.3,,FR/SO Intervention Needed
36143,36143,Registered,FDM,21467,KC,,D,FDM,FD,202610,FR,FDM 21467,CotA,CotA,1.0,,FR/SO Intervention Needed
36183,36183,Registered,FDM,21467,KC,,F,FDM,FM,202610,SO,FDM 21467,CotA,CotA,0.0,,FR/SO Intervention Needed
36167,36167,Registered,FDM,21467,KC,,F,FDM,FM,202610,FR,FDM 21467,CotA,CotA,0.0,,FR/SO Intervention Needed
19468,19468,Registered,CCI,11716,KC,,F,CCI,VCD,202610,SR,CCI 11716,CCI,CCI,0.0,,JR/SR Intervention Needed
83465,83465,Registered,VCD,24327,KC,,D+,VCD,VCD,202610,FR,VCD 24327,CCI,CCI,1.3,,FR/SO Intervention Needed
83514,83514,Registered,VCD,24327,KC,,F,VCD,VCD,202610,FR,VCD 24327,CCI,CCI,0.0,,FR/SO Intervention Needed
83486,83486,Registered,VCD,24327,KC,,F,VCD,VCD,202610,FR,VCD 24327,CCI,CCI,0.0,,FR/SO Intervention Needed
36133,36133,Registered,FDM,21467,KC,,D,FDM,FM,202610,FR,FDM 21467,CotA,CotA,1.0,,FR/SO Intervention Needed
79563,79563,Stopped Attending - Failed,THEA,21002,KC,SF,SF,THDN,TDTP,202610,FR,THEA 21002,CotA,CotA,0.0,0.0,FR/SO Intervention Needed
79585,79585,Registered,THEA,18720,KC,,F,THDN,TDTP,202610,JR,THEA 18720,CotA,CotA,0.0,,JR/SR Intervention Needed
79546,79546,Registered,THEA,21002,KC,,D+,THDN,TDTP,202610,SO,THEA 21002,CotA,CotA,1.3,,FR/SO Intervention Needed
16197,16197,Registered,ARTH,17400,KC,,D,ART,FM,202610,SO,ARTH 17400,CotA,CotA,1.0,,FR/SO Intervention Needed
79607,79607,Registered,THEA,18720,KC,,F,THDN,TDTP,202610,FR,THEA 18720,CotA,CotA,0.0,,FR/SO Intervention Needed
17871,17871,Registered,ARTS,19694,KC,,F,ART,ARTE,202610,FR,ARTS 19694,CotA,CotA,0.0,,FR/SO Intervention Needed
56279,56279,Registered,ID,13889,KC,,D,ARCH,ID,202610,SO,ID 13889,CAED,CAED,1.0,,FR/SO Intervention Needed
19542,19542,Registered,CCI,11716,KC,,D,CCI,PHOT,202610,SO,CCI 11716,CCI,CCI,1.0,,FR/SO Intervention Needed
19543,19543,Registered,CCI,11716,KC,,F,CCI,VCD,202610,JR,CCI 11716,CCI,CCI,0.0,,JR/SR Intervention Needed
56288,56288,Registered,ID,13889,KC,,D,ARCH,ID,202610,SO,ID 13889,CAED,CAED,1.0,,FR/SO Intervention Needed
56260,56260,Registered,ID,13889,KC,,F,ARCH,ID,202610,JR,ID 13889,CAED,CAED,0.0,,JR/SR Intervention Needed
56245,56245,Std Withdrawn,ID,13889,KC,W,F,ARCH,ID,202610,SO,ID 13889,CAED,CAED,0.0,0.0,FR/SO Intervention Needed
56248,56248,Registered,ID,13889,KC,,F,ARCH,ID,202610,JR,ID 13889,CAED,CAED,0.0,,JR/SR Intervention Needed
56255,56255,Registered,ID,13889,KC,,F,ARCH,ID,202610,SO,ID 13889,CAED,CAED,0.0,,FR/SO Intervention Needed
17893,17893,Registered,ARTS,19694,KC,,F,ART,SART,202610,SO,ARTS 19694,CotA,CotA,0.0,,FR/SO Intervention Needed
17894,17894,Registered,ARTS,19694,KC,,F,ART,ARTE,202610,FR,ARTS 19694,CotA,CotA,0.0,,FR/SO Intervention Needed
55050,55050,Registered,ID,29543,KC,,F,ARCH,ID,202610,FR,ID 29543,CAED,CAED,0.0,,FR/SO Intervention Needed
55022,55022,Registered,ID,29543,KC,,D+,ARCH,ID,202610,FR,ID 29543,CAED,CAED,1.3,,FR/SO Intervention Needed
16214,16214,Registered,ARTH,17400,KC,,D+,ART,FD,202610,FR,ARTH 17400,CotA,CotA,1.3,,FR/SO Intervention Needed
16183,16183,Registered,ARTH,17400,KC,,F,ART,FD,202610,SR,ARTH 17400,CotA,CotA,0.0,,JR/SR Intervention Needed
20131,20131,Std Withdrawn,CMGT,16841,KC,W,F,ARCH,ARCH,202610,SO,CMGT 16841,CAED,CAED,0.0,0.0,FR/SO Intervention Needed
32413,32413,Registered,EMAT,19538,KC,,D,EMAT,FM,202610,SO,EMAT 19538,CotA,CCI,1.0,,FR/SO Intervention Needed
32443,32443,Registered,EMAT,19538,KC,,D,EMAT,JNL,202610,FR,EMAT 19538,CCI,CCI,1.0,,FR/SO Intervention Needed
32419,32419,Registered,EMAT,19538,KC,,F,EMAT,EMAT,202610,SR,EMAT 19538,CCI,CCI,0.0,,JR/SR Intervention Needed
32493,32493,Registered,EMAT,19538,KC,,F,EMAT,PR,202610,FR,EMAT 19538,CCI,CCI,0.0,,FR/SO Intervention Needed
32468,32468,Registered,EMAT,19538,KC,,D,EMAT,COMM,202610,FR,EMAT 19538,CCI,CCI,1.0,,FR/SO Intervention Needed
32504,32504,Registered,EMAT,19538,KC,,F,EMAT,EMAT,202610,JR,EMAT 19538,CCI,CCI,0.0,,JR/SR Intervention Needed
32502,32502,Registered,EMAT,19538,KC,,F,EMAT,PR,202610,SO,EMAT 19538,CCI,CCI,0.0,,FR/SO Intervention Needed
75638,75638,Registered,MUS,23241,KC,,F,MUS,DANC,202610,FR,MUS 23241,CotA,CotA,0.0,,FR/SO Intervention Needed
32698,32698,Registered,EMAT,17213,KC,,F,EMAT,EMAT,202610,SO,EMAT 17213,CCI,CCI,0.0,,FR/SO Intervention Needed
17924,17924,Registered,ARTS,23886,KC,,F,ART,SART,202610,SO,ARTS 23886,CotA,CotA,0.0,,FR/SO Intervention Needed
20085,20085,Registered,CMGT,16841,KC,,F,ARCH,COMA,202610,FR,CMGT 16841,CAED,CAED,0.0,,FR/SO Intervention Needed
33055,33055,Registered,EMAT,26013,KC,,F,EMAT,EMAT,202610,SO,EMAT 26013,CCI,CCI,0.0,,FR/SO Intervention Needed
34704,34704,Registered,FDM,12670,KC,,F,FDM,FD,202610,FR,FDM 12670,CotA,CotA,0.0,,FR/SO Intervention Needed
34707,34707,Std Withdrawn,FDM,12670,KC,W,SF,FDM,FM,202610,FR,FDM 12670,CotA,CotA,0.0,0.0,FR/SO Intervention Needed
34708,34708,Registered,FDM,12670,KC,,F,FDM,FD,202610,FR,FDM 12670,CotA,CotA,0.0,,FR/SO Intervention Needed
76221,76221,Registered,MUS,12120,KC,,D+,MUS,MUED,202610,SO,MUS 12120,CotA,CotA,1.3,,FR/SO Intervention Needed
84441,84441,Stopped Attending - Failed,VCD,18839,KC,SF,SF,VCD,VCD,202610,JR,VCD 18839,CCI,CCI,0.0,0.0,JR/SR Intervention Needed
84446,84446,Registered,VCD,18839,KC,,F,VCD,VCD,202610,SO,VCD 18839,CCI,CCI,0.0,,FR/SO Intervention Needed
84491,84491,Std Withdrawn,VCD,18839,KC,W,F,VCD,VCD,202610,FR,VCD 18839,CCI,CCI,0.0,0.0,FR/SO Intervention Needed
84464,84464,Registered,VCD,18839,KC,,D+,VCD,VCD,202610,SO,VCD 18839,CCI,CCI,1.3,,FR/SO Intervention Needed
84477,84477,Std Withdrawn,VCD,18839,KC,W,SF,VCD,VCD,202610,JR,VCD 18839,CCI,CCI,0.0,0.0,JR/SR Intervention Needed
84493,84493,Registered,VCD,18839,KC,,F,VCD,VCD,202610,SO,VCD 18839,CCI,CCI,0.0,,FR/SO Intervention Needed
84497,84497,Registered,VCD,18839,KC,,F,VCD,VCD,202610,SO,VCD 18839,CCI,CCI,0.0,,FR/SO Intervention Needed
84485,84485,Registered,VCD,18839,KC,,F,VCD,VCD,202610,SO,VCD 18839,CCI,CCI,0.0,,FR/SO Intervention Needed
84499,84499,Registered,VCD,18839,KC,,F,VCD,VCD,202610,FR,VCD 18839,CCI,CCI,0.0,,FR/SO Intervention Needed
84526,84526,Registered,VCD,18839,KC,,D,VCD,PHOT,202610,FR,VCD 18839,CCI,CCI,1.0,,FR/SO Intervention Needed
34674,34674,Registered,FDM,12670,KC,,F,FDM,FD,202610,FR,FDM 12670,CotA,CotA,0.0,,FR/SO Intervention Needed
84517,84517,Registered,VCD,18839,KC,,D+,VCD,DMP,202610,SO,VCD 18839,CCI,CCI,1.3,,FR/SO Intervention Needed
34657,34657,Registered,FDM,12670,KC,,D,FDM,JNL,202610,FR,FDM 12670,CCI,CotA,1.0,,FR/SO Intervention Needed
34663,34663,Registered,FDM,12670,KC,,F,FDM,FD,202610,SO,FDM 12670,CotA,CotA,0.0,,FR/SO Intervention Needed
34650,34650,Registered,FDM,12670,KC,,D,FDM,FD,202610,SO,FDM 12670,CotA,CotA,1.0,,FR/SO Intervention Needed
75773,75773,Std Withdrawn,MUS,23241,KC,W,F,MUS,MUT,202610,FR,MUS 23241,CotA,CotA,0.0,0.0,FR/SO Intervention Needed
75747,75747,Registered,MUS,23241,KC,,F,MUS,MUT,202610,SO,MUS 23241,CotA,CotA,0.0,,FR/SO Intervention Needed
75760,75760,Registered,MUS,23241,KC,,F,MUS,MUED,202610,FR,MUS 23241,CotA,CotA,0.0,,FR/SO Intervention Needed
77570,77570,Registered,THEA,20655,KC,,F,THDN,MUT,202610,FR,THEA 20655,CotA,CotA,0.0,,FR/SO Intervention Needed
75799,75799,Registered,MUS,23241,KC,,D+,MUS,PR,202610,SO,MUS 23241,CCI,CotA,1.3,,FR/SO Intervention Needed
77591,77591,Std Withdrawn,THEA,20655,KC,W,F,THDN,MUT,202610,SO,THEA 20655,CotA,CotA,0.0,0.0,FR/SO Intervention Needed
77617,77617,Registered,THEA,20655,KC,,D+,THDN,MUT,202610,FR,THEA 20655,CotA,CotA,1.3,,FR/SO Intervention Needed
77598,77598,Registered,THEA,20655,KC,,F,THDN,MUT,202610,SO,THEA 20655,CotA,CotA,0.0,,FR/SO Intervention Needed
77613,77613,Registered,THEA,20655,KC,,F,THDN,THEA,202610,SO,THEA 20655,CotA,CotA,0.0,,FR/SO Intervention Needed
75848,75848,Registered,MUS,23241,KC,,D+,MUS,DMP,202610,FR,MUS 23241,CCI,CotA,1.3,,FR/SO Intervention Needed
16200,16200,Registered,ARTH,17400,KC,,F,ART,FD,202610,FR,ARTH 17400,CotA,CotA,0.0,,FR/SO Intervention Needed
75878,75878,Registered,MUS,23241,KC,,F,MUS,COMM,202610,SO,MUS 23241,CCI,CotA,0.0,,FR/SO Intervention Needed
84883,84883,Registered,VCD,13182,KC,,D,VCD,VCD,202610,SO,VCD 13182,CCI,CCI,1.0,,FR/SO Intervention Needed
84904,84904,Registered,VCD,13182,KC,,D,VCD,VCD,202610,SO,VCD 13182,CCI,CCI,1.0,,FR/SO Intervention Needed
84905,84905,Registered,VCD,13182,KC,,F,VCD,VCD,202610,SO,VCD 13182,CCI,CCI,0.0,,FR/SO Intervention Needed
75875,75875,Registered,MUS,23241,KC,,F,MUS,DMP,202610,FR,MUS 23241,CCI,CotA,0.0,,FR/SO Intervention Needed
55777,55777,Registered,ID,15409,KC,,F,ARCH,ID,202610,JR,ID 15409,CAED,CAED,0.0,,JR/SR Intervention Needed
17989,17989,Registered,ARTS,26965,KC,,F,ART,ARTE,202610,SO,ARTS 26965,CotA,CotA,0.0,,FR/SO Intervention Needed
17996,17996,Registered,ARTS,26965,KC,,F,ART,SART,202610,JR,ARTS 26965,CotA,CotA,0.0,,JR/SR Intervention Needed
58389,58389,Registered,MDJ,28950,KC,,F,MDJ,DMP,202610,SO,MDJ 28950,CCI,CCI,0.0,,FR/SO Intervention Needed
55773,55773,Registered,ID,15409,KC,,D+,ARCH,ID,202610,SO,ID 15409,CAED,CAED,1.3,,FR/SO Intervention Needed
55771,55771,Registered,ID,15409,KC,,D,ARCH,ID,202610,SO,ID 15409,CAED,CAED,1.0,,FR/SO Intervention Needed
55744,55744,Registered,ID,15409,KC,,F,ARCH,ID,202610,SO,ID 15409,CAED,CAED,0.0,,FR/SO Intervention Needed
55737,55737,Registered,ID,15409,KC,,D,ARCH,ID,202610,SO,ID 15409,CAED,CAED,1.0,,FR/SO Intervention Needed
29605,29605,Std Withdrawn,COMM,17591,KC,W,F,COMM,ID,202610,FR,COMM 17591,CAED,CCI,0.0,0.0,FR/SO Intervention Needed
